Timestamp,Equipment_ID,Stroke_Count,Die_Force_kN,Die_Temperature_C,Cushion_Pressure_bar,Die_Strain_uE,Vibration_g,Ram_Position_mm,Proximity_mm,Is_Anomaly
2024-01-01 06:00:00,DIE-001,12,844.0,45.23,11.82,1239.4,0.83,0.018,2.502,0
2024-01-01 06:01:00,DIE-001,21,834.1,44.74,11.72,1234.6,0.837,-0.031,2.57,0
2024-01-01 06:02:00,DIE-001,33,834.1,45.24,11.83,1226.6,0.899,-0.004,2.57,0
2024-01-01 06:03:00,DIE-001,43,825.5,45.57,11.89,1190.9,0.928,0.007,2.554,0
2024-01-01 06:04:00,DIE-001,55,825.9,45.1,11.98,1203.9,0.954,-0.013,2.563,0
2024-01-01 06:05:00,DIE-001,64,830.5,44.42,11.94,1203.4,0.954,-0.014,2.568,0
2024-01-01 06:06:00,DIE-001,74,837.4,43.9,11.93,1208.3,1.023,-0.048,2.598,0
2024-01-01 06:07:00,DIE-001,82,840.3,44.39,11.92,1223.8,1.065,-0.037,2.592,0
2024-01-01 06:08:00,DIE-001,94,844.0,44.09,11.94,1241.9,1.062,-0.05,2.555,0
2024-01-01 06:09:00,DIE-001,104,859.1,43.64,11.98,1249.7,1.081,-0.064,2.589,0
2024-01-01 06:10:00,DIE-001,113,858.6,43.62,11.97,1244.6,1.091,-0.062,2.571,0
2024-01-01 06:11:00,DIE-001,123,863.8,43.48,11.92,1268.3,1.16,-0.082,2.557,0
2024-01-01 06:12:00,DIE-001,134,865.0,43.24,11.99,1277.4,1.12,-0.072,2.551,0
2024-01-01 06:13:00,DIE-001,142,857.6,43.84,12.04,1279.7,1.102,-0.063,2.586,0
2024-01-01 06:14:00,DIE-001,151,854.0,43.99,12.04,1313.7,1.027,-0.049,2.576,0
2024-01-01 06:15:00,DIE-001,163,853.5,44.53,11.86,1339.8,0.993,-0.038,2.606,0
2024-01-01 06:16:00,DIE-001,172,860.6,43.88,11.86,1340.6,0.922,-0.009,2.612,0
2024-01-01 06:17:00,DIE-001,184,856.6,43.64,11.78,1344.5,0.948,0.022,2.629,0
2024-01-01 06:18:00,DIE-001,192,856.6,43.5,11.7,1335.5,0.962,0.013,2.641,0
2024-01-01 06:19:00,DIE-001,201,856.1,43.64,11.72,1345.4,0.931,0.037,2.627,0
2024-01-01 06:20:00,DIE-001,213,850.3,43.33,11.62,1355.0,0.839,0.03,2.641,0
2024-01-01 06:21:00,DIE-001,222,857.9,43.31,11.66,1344.9,0.804,0.072,2.61,0
2024-01-01 06:22:00,DIE-001,230,840.6,43.68,11.7,1344.8,0.811,0.088,2.667,0
2024-01-01 06:23:00,DIE-001,239,836.4,43.52,11.73,1356.5,0.757,0.043,2.61,0
2024-01-01 06:24:00,DIE-001,251,845.6,43.56,11.69,1377.6,0.777,0.039,2.62,0
2024-01-01 06:25:00,DIE-001,263,847.2,43.74,11.75,1381.0,0.812,0.024,2.566,0
2024-01-01 06:26:00,DIE-001,275,836.3,43.8,11.77,1375.5,0.784,0.031,2.618,0
2024-01-01 06:27:00,DIE-001,285,836.5,44.03,11.84,1370.2,0.734,0.068,2.664,0
2024-01-01 06:28:00,DIE-001,294,827.4,43.82,11.8,1366.0,0.758,0.08,2.707,0
2024-01-01 06:29:00,DIE-001,302,822.1,44.04,11.77,1366.1,0.777,0.088,2.646,0
2024-01-01 06:30:00,DIE-001,313,830.3,43.93,11.82,1361.1,0.814,0.118,2.66,0
2024-01-01 06:31:00,DIE-001,322,835.0,43.9,11.75,1385.6,0.784,0.142,2.619,0
2024-01-01 06:32:00,DIE-001,332,839.2,44.42,11.73,1388.4,0.758,0.145,2.643,0
2024-01-01 06:33:00,DIE-001,341,836.9,44.52,11.85,1378.7,0.777,0.176,2.665,0
2024-01-01 06:34:00,DIE-001,351,833.7,44.21,11.95,1376.5,0.795,0.172,2.683,0
2024-01-01 06:35:00,DIE-001,361,833.1,44.73,11.97,1361.6,0.853,0.119,2.717,0
2024-01-01 06:36:00,DIE-001,369,828.2,45.08,11.97,1385.1,0.945,0.12,2.67,0
2024-01-01 06:37:00,DIE-001,378,826.3,44.98,11.99,1378.2,0.914,0.105,2.724,0
2024-01-01 06:38:00,DIE-001,388,818.9,44.95,11.94,1398.8,0.889,0.1,2.709,0
2024-01-01 06:39:00,DIE-001,397,814.7,44.7,11.89,1398.4,0.889,0.095,2.74,0
2024-01-01 06:40:00,DIE-001,409,811.2,44.48,11.78,1406.5,0.818,0.093,2.788,0
2024-01-01 06:41:00,DIE-001,417,809.2,44.35,11.89,1401.6,0.806,0.107,2.781,0
2024-01-01 06:42:00,DIE-001,427,809.7,44.62,11.95,1403.3,0.729,0.113,2.809,0
2024-01-01 06:43:00,DIE-001,439,812.0,44.83,12.07,1392.1,0.73,0.112,2.806,0
2024-01-01 06:44:00,DIE-001,447,812.6,44.55,12.11,1370.3,0.68,0.117,2.819,0
2024-01-01 06:45:00,DIE-001,456,811.4,44.74,12.0,1390.4,0.676,0.157,2.8,0
2024-01-01 06:46:00,DIE-001,468,815.6,43.96,11.84,1404.9,0.654,0.161,2.821,0
2024-01-01 06:47:00,DIE-001,477,811.4,44.14,11.79,1407.9,0.609,0.163,2.853,0
2024-01-01 06:48:00,DIE-001,487,811.8,44.5,11.81,1404.1,0.632,0.179,2.865,0
2024-01-01 06:49:00,DIE-001,498,814.7,44.08,11.87,1395.3,0.645,0.141,2.897,0
2024-01-01 06:50:00,DIE-001,510,815.6,44.05,11.95,1381.9,0.551,0.148,2.888,0
2024-01-01 06:51:00,DIE-001,521,820.3,43.42,11.91,1391.8,0.469,0.132,2.889,0
2024-01-01 06:52:00,DIE-001,532,824.8,43.48,11.88,1378.0,0.492,0.151,2.918,0
2024-01-01 06:53:00,DIE-001,540,829.8,43.93,11.82,1374.7,0.478,0.115,2.945,0
2024-01-01 06:54:00,DIE-001,549,834.4,44.05,11.84,1387.7,0.481,0.095,2.945,0
2024-01-01 06:55:00,DIE-001,559,825.0,44.28,11.76,1387.6,0.468,0.109,2.939,0
2024-01-01 06:56:00,DIE-001,567,826.4,43.71,11.76,1351.0,0.47,0.113,2.948,0
2024-01-01 06:57:00,DIE-001,575,828.5,43.45,11.74,1343.0,0.405,0.126,2.984,0
2024-01-01 06:58:00,DIE-001,583,829.1,43.22,11.7,1361.3,0.453,0.115,3.008,0
2024-01-01 06:59:00,DIE-001,592,826.4,43.76,11.76,1356.4,0.439,0.121,2.95,0
2024-01-01 07:00:00,DIE-001,604,829.5,43.17,11.74,1354.7,0.382,0.115,2.989,0
2024-01-01 07:01:00,DIE-001,612,832.5,43.68,11.62,1384.8,0.444,0.09,2.947,0
2024-01-01 07:02:00,DIE-001,621,825.0,44.02,11.68,1382.2,0.462,0.067,2.915,0
2024-01-01 07:03:00,DIE-001,633,825.6,44.01,11.83,1385.3,0.447,0.078,2.9,0
2024-01-01 07:04:00,DIE-001,644,818.8,43.83,11.79,1400.3,0.426,0.098,2.886,0
2024-01-01 07:05:00,DIE-001,654,821.9,44.36,11.7,1400.0,0.432,0.106,2.882,0
2024-01-01 07:06:00,DIE-001,665,813.5,44.49,11.66,1379.8,0.361,0.108,2.899,0
2024-01-01 07:07:00,DIE-001,674,815.5,44.39,11.76,1361.6,0.369,0.079,2.922,0
2024-01-01 07:08:00,DIE-001,684,812.2,44.82,11.74,1371.8,0.363,0.062,2.918,0
2024-01-01 07:09:00,DIE-001,693,799.9,45.13,11.86,1368.5,0.416,0.063,2.878,0
2024-01-01 07:10:00,DIE-001,701,802.0,44.92,11.82,1378.3,0.41,0.053,2.888,0
2024-01-01 07:11:00,DIE-001,711,802.5,44.93,11.78,1390.1,0.376,0.071,2.86,0
2024-01-01 07:12:00,DIE-001,722,797.9,45.05,11.84,1387.6,0.389,0.064,2.892,0
2024-01-01 07:13:00,DIE-001,734,800.3,45.04,11.82,1399.0,0.43,0.043,2.982,0
2024-01-01 07:14:00,DIE-001,742,795.4,44.97,11.73,1387.2,0.436,0.023,3.003,0
2024-01-01 07:15:00,DIE-001,754,793.1,45.39,11.72,1372.3,0.399,0.02,2.93,0
2024-01-01 07:16:00,DIE-001,763,790.4,45.25,11.77,1377.7,0.376,0.017,2.892,0
2024-01-01 07:17:00,DIE-001,774,794.5,45.25,11.83,1371.5,0.316,-0.013,2.905,0
2024-01-01 07:18:00,DIE-001,784,796.2,44.78,11.73,1341.8,0.272,-0.001,2.866,0
2024-01-01 07:19:00,DIE-001,793,787.4,45.08,11.75,1333.0,0.334,-0.016,2.855,0
2024-01-01 07:20:00,DIE-001,801,783.3,45.22,11.7,1339.9,0.292,-0.021,2.804,0
2024-01-01 07:21:00,DIE-001,811,777.2,45.23,11.69,1342.8,0.352,-0.004,2.773,0
2024-01-01 07:22:00,DIE-001,819,784.7,45.3,11.69,1347.1,0.353,-0.027,2.734,0
2024-01-01 07:23:00,DIE-001,828,775.6,45.81,11.68,1362.6,0.257,-0.047,2.74,0
2024-01-01 07:24:00,DIE-001,838,770.8,45.2,11.63,1382.9,0.234,-0.0,2.755,0
2024-01-01 07:25:00,DIE-001,849,765.0,45.53,11.66,1402.1,0.279,0.024,2.713,0
2024-01-01 07:26:00,DIE-001,857,761.6,45.19,11.61,1407.2,0.236,0.05,2.677,0
2024-01-01 07:27:00,DIE-001,866,755.6,45.25,11.66,1399.8,0.316,0.045,2.678,0
2024-01-01 07:28:00,DIE-001,878,758.0,44.73,11.65,1402.1,0.292,0.053,2.686,0
2024-01-01 07:29:00,DIE-001,886,755.9,44.67,11.61,1413.5,0.279,0.047,2.656,0
2024-01-01 07:30:00,DIE-001,897,759.6,44.71,11.54,1408.8,0.321,0.036,2.699,0
2024-01-01 07:31:00,DIE-001,907,752.8,44.9,11.38,1394.7,0.38,0.036,2.702,0
2024-01-01 07:32:00,DIE-001,917,756.2,44.53,11.3,1369.4,0.337,0.043,2.676,0
2024-01-01 07:33:00,DIE-001,928,763.6,44.26,11.32,1378.1,0.394,0.03,2.667,0
2024-01-01 07:34:00,DIE-001,939,771.5,44.52,11.28,1351.8,0.349,0.05,2.703,0
2024-01-01 07:35:00,DIE-001,950,758.9,44.8,11.27,1364.9,0.342,0.081,2.737,0
2024-01-01 07:36:00,DIE-001,958,753.4,44.81,11.25,1349.7,0.329,0.071,2.66,0
2024-01-01 07:37:00,DIE-001,968,755.9,44.6,11.2,1361.5,0.346,0.06,2.627,0
2024-01-01 07:38:00,DIE-001,978,748.6,44.08,11.1,1362.9,0.324,0.05,2.617,0
2024-01-01 07:39:00,DIE-001,987,744.8,44.15,11.01,1380.2,0.357,0.065,2.593,0
2024-01-01 07:40:00,DIE-001,997,746.1,44.16,11.03,1368.2,0.341,0.073,2.555,0
2024-01-01 07:41:00,DIE-001,1006,744.8,44.31,11.06,1382.6,0.301,0.076,2.622,0
2024-01-01 07:42:00,DIE-001,1015,745.6,44.96,10.95,1388.2,0.337,0.062,2.613,0
2024-01-01 07:43:00,DIE-001,1023,751.7,44.69,10.97,1369.9,0.307,0.049,2.623,0
2024-01-01 07:44:00,DIE-001,1033,753.3,45.14,10.91,1371.1,0.26,0.038,2.648,0
2024-01-01 07:45:00,DIE-001,1044,753.1,45.14,11.02,1361.3,0.2,0.064,2.661,0
2024-01-01 07:46:00,DIE-001,1055,758.5,44.47,11.02,1350.6,0.209,0.05,2.669,0
2024-01-01 07:47:00,DIE-001,1064,762.0,43.95,10.9,1342.8,0.2,0.026,2.683,0
2024-01-01 07:48:00,DIE-001,1073,765.5,44.21,10.9,1333.5,0.234,0.044,2.72,0
2024-01-01 07:49:00,DIE-001,1083,764.4,44.44,10.84,1341.3,0.2,0.056,2.673,0
2024-01-01 07:50:00,DIE-001,1093,766.3,44.09,10.96,1352.7,0.209,0.085,2.659,0
2024-01-01 07:51:00,DIE-001,1105,761.8,43.7,11.07,1371.3,0.214,0.057,2.672,0
2024-01-01 07:52:00,DIE-001,1115,753.8,43.4,11.11,1368.6,0.214,0.061,2.701,0
2024-01-01 07:53:00,DIE-001,1127,749.6,43.5,11.13,1383.3,0.2,0.055,2.73,0
2024-01-01 07:54:00,DIE-001,1136,750.9,43.61,11.17,1383.1,0.205,0.079,2.708,0
2024-01-01 07:55:00,DIE-001,1148,754.0,43.11,11.24,1391.9,0.239,0.098,2.728,0
2024-01-01 07:56:00,DIE-001,1159,757.7,43.07,11.22,1382.1,0.211,0.103,2.673,0
2024-01-01 07:57:00,DIE-001,1169,768.4,42.09,11.16,1372.6,0.243,0.107,2.687,0
2024-01-01 07:58:00,DIE-001,1180,771.3,42.32,11.02,1341.9,0.277,0.112,2.74,0
2024-01-01 07:59:00,DIE-001,1189,770.7,43.01,11.08,1344.7,0.304,0.125,2.72,0
2024-01-01 08:00:00,DIE-001,1198,772.3,42.64,11.04,1387.2,0.353,0.123,2.725,0
2024-01-01 08:01:00,DIE-001,1206,770.0,43.05,11.09,1392.0,0.302,0.138,2.727,0
2024-01-01 08:02:00,DIE-001,1215,769.7,42.72,11.09,1374.9,0.31,0.115,2.754,0
2024-01-01 08:03:00,DIE-001,1227,773.4,43.54,11.13,1387.2,0.274,0.065,2.775,0
2024-01-01 08:04:00,DIE-001,1235,783.1,43.69,11.09,1390.4,0.264,0.044,2.796,0
2024-01-01 08:05:00,DIE-001,1244,780.5,44.14,11.12,1377.7,0.226,0.014,2.882,0
2024-01-01 08:06:00,DIE-001,1256,778.9,44.74,10.99,1389.0,0.27,0.034,2.91,0
2024-01-01 08:07:00,DIE-001,1265,774.5,44.14,11.06,1364.9,0.309,0.008,2.938,0
2024-01-01 08:08:00,DIE-001,1275,767.9,44.56,11.03,1371.0,0.322,0.004,2.945,0
2024-01-01 08:09:00,DIE-001,1283,765.9,44.7,10.95,1374.6,0.332,0.029,2.935,0
2024-01-01 08:10:00,DIE-001,1291,757.3,45.28,11.03,1368.9,0.344,0.026,2.929,0
2024-01-01 08:11:00,DIE-001,1299,761.5,45.19,11.01,1363.0,0.32,0.056,2.965,0
2024-01-01 08:12:00,DIE-001,1309,764.6,45.56,11.02,1378.7,0.257,0.043,2.933,0
2024-01-01 08:13:00,DIE-001,1321,759.4,46.62,11.05,1384.4,0.229,0.056,2.975,0
2024-01-01 08:14:00,DIE-001,1331,763.5,46.6,11.07,1392.0,0.221,0.05,2.97,0
2024-01-01 08:15:00,DIE-001,1339,750.1,46.74,11.01,1380.0,0.238,0.028,3.005,0
2024-01-01 08:16:00,DIE-001,1351,741.6,46.42,11.09,1400.8,0.254,0.03,2.976,0
2024-01-01 08:17:00,DIE-001,1363,743.4,46.28,11.11,1401.1,0.234,0.016,2.986,0
2024-01-01 08:18:00,DIE-001,1375,736.0,46.48,11.19,1405.3,0.23,0.014,2.98,0
2024-01-01 08:19:00,DIE-001,1384,739.3,46.66,11.12,1418.1,0.262,0.005,2.986,0
2024-01-01 08:20:00,DIE-001,1396,737.6,46.36,11.19,1394.6,0.334,0.022,2.992,0
2024-01-01 08:21:00,DIE-001,1404,737.9,46.86,11.11,1373.5,0.306,0.013,2.999,0
2024-01-01 08:22:00,DIE-001,1412,740.9,46.96,11.2,1368.1,0.292,-0.004,2.986,0
2024-01-01 08:23:00,DIE-001,1423,741.8,46.7,11.14,1357.8,0.313,-0.014,3.009,0
2024-01-01 08:24:00,DIE-001,1432,748.1,47.11,11.09,1356.0,0.319,-0.032,3.051,0
2024-01-01 08:25:00,DIE-001,1441,746.2,47.29,11.14,1362.6,0.37,-0.03,3.007,0
2024-01-01 08:26:00,DIE-001,1450,752.9,47.27,11.04,1366.9,0.317,-0.045,3.039,0
2024-01-01 08:27:00,DIE-001,1462,748.1,46.95,11.23,1360.4,0.357,-0.072,3.047,0
2024-01-01 08:28:00,DIE-001,1472,744.2,46.9,11.31,1367.9,0.394,-0.068,3.037,0
2024-01-01 08:29:00,DIE-001,1480,751.2,46.7,11.25,1349.4,0.406,-0.057,2.975,0
2024-01-01 08:30:00,DIE-001,1491,756.6,46.57,11.29,1368.3,0.305,-0.057,2.923,0
2024-01-01 08:31:00,DIE-001,1501,759.4,46.89,11.28,1365.7,0.296,-0.073,2.834,0
2024-01-01 08:32:00,DIE-001,1513,756.5,47.01,11.24,1374.5,0.266,-0.064,2.791,0
2024-01-01 08:33:00,DIE-001,1523,751.4,47.32,11.25,1369.1,0.236,-0.068,2.748,0
2024-01-01 08:34:00,DIE-001,1535,754.6,47.22,11.21,1365.0,0.2,-0.026,2.738,0
2024-01-01 08:35:00,DIE-001,1547,749.8,47.33,11.18,1344.9,0.2,-0.031,2.752,0
2024-01-01 08:36:00,DIE-001,1559,756.0,47.81,11.17,1344.8,0.2,0.015,2.724,0
2024-01-01 08:37:00,DIE-001,1568,763.2,48.0,11.21,1370.4,0.236,0.043,2.755,0
2024-01-01 08:38:00,DIE-001,1580,767.6,48.24,11.21,1362.5,0.219,0.051,2.78,0
2024-01-01 08:39:00,DIE-001,1589,760.1,48.37,11.19,1346.7,0.267,0.078,2.772,0
2024-01-01 08:40:00,DIE-001,1600,760.5,48.81,11.33,1341.1,0.289,0.07,2.755,0
2024-01-01 08:41:00,DIE-001,1611,754.6,48.65,11.34,1327.6,0.322,0.106,2.744,0
2024-01-01 08:42:00,DIE-001,1623,757.1,49.04,11.24,1303.9,0.304,0.103,2.777,0
2024-01-01 08:43:00,DIE-001,1633,749.0,49.39,11.26,1286.8,0.319,0.108,2.765,0
2024-01-01 08:44:00,DIE-001,1642,753.3,48.79,11.34,1280.2,0.288,0.119,2.756,0
2024-01-01 08:45:00,DIE-001,1651,754.6,49.85,11.37,1291.8,0.239,0.122,2.74,0
2024-01-01 08:46:00,DIE-001,1661,759.5,49.78,11.44,1269.7,0.2,0.127,2.745,0
2024-01-01 08:47:00,DIE-001,1670,759.0,50.19,11.35,1267.1,0.2,0.14,2.761,0
2024-01-01 08:48:00,DIE-001,1680,761.6,50.55,11.28,1251.0,0.27,0.155,2.724,0
2024-01-01 08:49:00,DIE-001,1692,761.6,50.13,11.22,1250.8,0.272,0.139,2.755,0
2024-01-01 08:50:00,DIE-001,1701,760.6,50.14,11.25,1249.9,0.226,0.135,2.793,0
2024-01-01 08:51:00,DIE-001,1712,760.1,50.38,11.23,1238.9,0.251,0.135,2.765,0
2024-01-01 08:52:00,DIE-001,1720,755.5,51.07,11.14,1220.3,0.247,0.117,2.801,0
2024-01-01 08:53:00,DIE-001,1729,757.3,51.51,11.03,1237.3,0.242,0.121,2.816,0
2024-01-01 08:54:00,DIE-001,1740,760.5,51.73,11.07,1207.1,0.228,0.137,2.772,0
2024-01-01 08:55:00,DIE-001,1751,766.0,51.87,11.21,1212.2,0.263,0.145,2.713,0
2024-01-01 08:56:00,DIE-001,1761,764.7,52.73,11.13,1218.1,0.2,0.163,2.702,0
2024-01-01 08:57:00,DIE-001,1772,767.4,52.4,11.24,1217.4,0.217,0.144,2.717,0
2024-01-01 08:58:00,DIE-001,1781,763.2,52.46,11.34,1228.0,0.2,0.17,2.676,0
2024-01-01 08:59:00,DIE-001,1791,766.6,52.0,11.38,1245.6,0.2,0.144,2.693,0
2024-01-01 09:00:00,DIE-001,1799,773.0,52.48,11.29,1266.1,0.2,0.099,2.719,0
2024-01-01 09:01:00,DIE-001,1810,778.3,52.85,11.3,1268.6,0.2,0.08,2.745,0
2024-01-01 09:02:00,DIE-001,1822,781.4,53.43,11.24,1280.4,0.219,0.085,2.727,0
2024-01-01 09:03:00,DIE-001,1832,784.7,53.65,11.28,1278.8,0.2,0.065,2.752,0
2024-01-01 09:04:00,DIE-001,1842,785.9,53.26,11.3,1298.9,0.2,-0.003,2.757,0
2024-01-01 09:05:00,DIE-001,1850,788.5,52.67,11.35,1292.9,0.206,-0.019,2.704,0
2024-01-01 09:06:00,DIE-001,1860,784.6,52.34,11.29,1289.0,0.2,-0.008,2.693,0
2024-01-01 09:07:00,DIE-001,1869,777.1,52.69,11.2,1296.3,0.219,0.015,2.733,0
2024-01-01 09:08:00,DIE-001,1877,772.9,53.31,10.97,1305.0,0.275,0.045,2.761,0
2024-01-01 09:09:00,DIE-001,1888,774.9,52.86,10.95,1307.6,0.261,0.074,2.754,0
2024-01-01 09:10:00,DIE-001,1899,769.0,53.19,11.05,1328.0,0.211,0.065,2.755,0
2024-01-01 09:11:00,DIE-001,1911,766.4,53.52,11.04,1334.1,0.227,0.074,2.778,0
2024-01-01 09:12:00,DIE-001,1920,759.7,54.53,11.16,1316.3,0.227,0.103,2.763,0
2024-01-01 09:13:00,DIE-001,1930,758.8,54.62,11.14,1303.6,0.2,0.092,2.755,0
2024-01-01 09:14:00,DIE-001,1942,757.6,54.3,11.19,1287.5,0.204,0.088,2.796,0
2024-01-01 09:15:00,DIE-001,1954,759.6,54.5,11.25,1268.8,0.2,0.129,2.808,0
2024-01-01 09:16:00,DIE-001,1966,756.5,55.69,11.11,1271.7,0.2,0.113,2.817,0
2024-01-01 09:17:00,DIE-001,1977,757.3,55.53,11.15,1267.2,0.219,0.125,2.797,0
2024-01-01 09:18:00,DIE-001,1987,759.9,55.72,11.08,1281.2,0.2,0.145,2.794,0
2024-01-01 09:19:00,DIE-001,1995,763.7,56.86,11.14,1291.4,0.2,0.187,2.779,0
2024-01-01 09:20:00,DIE-001,2005,771.0,56.82,11.16,1299.7,0.245,0.186,2.805,0
2024-01-01 09:21:00,DIE-001,2013,766.9,57.49,11.13,1309.9,0.239,0.183,2.813,0
2024-01-01 09:22:00,DIE-001,2024,759.1,57.27,11.1,1299.0,0.258,0.183,2.828,0
2024-01-01 09:23:00,DIE-001,2034,762.0,57.53,11.02,1283.2,0.289,0.192,2.864,0
2024-01-01 09:24:00,DIE-001,2042,757.9,58.03,10.88,1274.5,0.249,0.172,2.874,0
2024-01-01 09:25:00,DIE-001,2052,759.5,58.36,10.81,1297.9,0.224,0.18,2.907,0
2024-01-01 09:26:00,DIE-001,2064,760.8,58.61,10.77,1271.5,0.202,0.179,2.92,0
2024-01-01 09:27:00,DIE-001,2076,759.1,58.66,10.85,1250.0,0.2,0.159,2.901,0
2024-01-01 09:28:00,DIE-001,2088,751.4,58.76,10.8,1276.3,0.2,0.181,2.94,0
2024-01-01 09:29:00,DIE-001,2096,750.6,58.72,10.77,1253.9,0.2,0.168,2.93,0
2024-01-01 09:30:00,DIE-001,2104,748.0,58.82,10.69,1238.8,0.212,0.159,2.927,0
2024-01-01 09:31:00,DIE-001,2112,746.8,59.2,10.77,1225.2,0.232,0.165,2.96,0
2024-01-01 09:32:00,DIE-001,2124,755.7,59.04,10.77,1219.9,0.25,0.176,2.94,0
2024-01-01 09:33:00,DIE-001,2136,762.3,58.54,10.91,1202.0,0.262,0.147,2.927,0
2024-01-01 09:34:00,DIE-001,2146,759.8,58.6,10.91,1221.1,0.279,0.2,2.92,0
2024-01-01 09:35:00,DIE-001,2155,763.7,58.65,10.82,1202.0,0.286,0.229,2.901,0
2024-01-01 09:36:00,DIE-001,2165,769.1,59.29,10.66,1230.9,0.327,0.184,2.909,0
2024-01-01 09:37:00,DIE-001,2175,765.2,59.67,10.65,1250.3,0.3,0.184,2.889,0
2024-01-01 09:38:00,DIE-001,2187,764.4,60.4,10.65,1257.5,0.299,0.169,2.95,0
2024-01-01 09:39:00,DIE-001,2196,767.8,60.53,10.63,1237.1,0.332,0.197,2.981,0
2024-01-01 09:40:00,DIE-001,2204,781.3,60.51,10.69,1255.3,0.365,0.181,2.951,0
2024-01-01 09:41:00,DIE-001,2214,774.4,60.49,10.79,1260.8,0.355,0.159,2.935,0
2024-01-01 09:42:00,DIE-001,2222,777.1,60.58,10.83,1254.5,0.475,0.126,2.907,0
2024-01-01 09:43:00,DIE-001,2232,780.6,60.84,10.82,1248.0,0.468,0.142,2.904,0
2024-01-01 09:44:00,DIE-001,2244,770.3,60.94,10.89,1261.3,0.457,0.178,2.88,0
2024-01-01 09:45:00,DIE-001,2254,777.3,61.14,10.87,1254.7,0.486,0.172,2.863,0
2024-01-01 09:46:00,DIE-001,2266,783.9,60.7,10.92,1238.7,0.537,0.188,2.869,0
2024-01-01 09:47:00,DIE-001,2276,786.5,60.96,10.91,1226.6,0.566,0.186,2.896,0
2024-01-01 09:48:00,DIE-001,2288,786.3,61.12,10.84,1207.7,0.584,0.19,2.885,0
2024-01-01 09:49:00,DIE-001,2300,791.1,62.09,10.77,1210.5,0.523,0.159,2.831,0
2024-01-01 09:50:00,DIE-001,2310,788.5,62.12,10.8,1216.9,0.523,0.132,2.798,0
2024-01-01 09:51:00,DIE-001,2321,791.7,62.38,10.65,1228.6,0.462,0.12,2.762,0
2024-01-01 09:52:00,DIE-001,2329,785.6,62.52,10.54,1254.1,0.52,0.145,2.778,0
2024-01-01 09:53:00,DIE-001,2341,783.7,62.96,10.6,1246.7,0.517,0.152,2.816,0
2024-01-01 09:54:00,DIE-001,2349,788.0,62.92,10.64,1249.5,0.473,0.165,2.774,0
2024-01-01 09:55:00,DIE-001,2359,785.3,63.07,10.56,1259.5,0.412,0.16,2.77,0
2024-01-01 09:56:00,DIE-001,2369,783.4,62.82,10.71,1271.3,0.457,0.158,2.766,0
2024-01-01 09:57:00,DIE-001,2378,786.5,63.15,10.49,1261.8,0.424,0.178,2.764,0
2024-01-01 09:58:00,DIE-001,2389,781.1,63.8,10.44,1245.9,0.403,0.162,2.781,0
2024-01-01 09:59:00,DIE-001,2401,786.7,64.8,10.6,1258.7,0.345,0.184,2.776,0
2024-01-01 10:00:00,DIE-001,2413,782.4,65.26,10.61,1275.2,0.36,0.195,2.812,0
2024-01-01 10:01:00,DIE-001,2421,776.4,65.7,10.53,1278.3,0.277,0.209,2.814,0
2024-01-01 10:02:00,DIE-001,2429,771.8,65.74,10.46,1251.5,0.277,0.215,2.78,0
2024-01-01 10:03:00,DIE-001,2437,774.2,66.83,10.65,1254.8,0.366,0.191,2.762,0
2024-01-01 10:04:00,DIE-001,2447,775.0,67.93,10.75,1253.2,0.339,0.2,2.724,0
2024-01-01 10:05:00,DIE-001,2456,772.7,67.91,10.69,1213.0,0.342,0.227,2.708,0
2024-01-01 10:06:00,DIE-001,2468,770.5,68.57,10.74,1224.8,0.343,0.205,2.723,0
2024-01-01 10:07:00,DIE-001,2477,767.1,69.16,10.57,1188.4,0.303,0.195,2.717,0
2024-01-01 10:08:00,DIE-001,2486,766.9,69.8,10.65,1196.3,0.269,0.213,2.722,0
2024-01-01 10:09:00,DIE-001,2497,765.5,69.83,10.55,1203.0,0.25,0.215,2.674,0
2024-01-01 10:10:00,DIE-001,2509,766.2,70.38,10.61,1196.0,0.273,0.208,2.692,1
2024-01-01 10:11:00,DIE-001,2520,773.9,71.2,10.54,1191.7,0.235,0.209,2.718,1
2024-01-01 10:12:00,DIE-001,2530,769.3,71.81,10.5,1200.7,0.2,0.207,2.787,1
2024-01-01 10:13:00,DIE-001,2541,777.5,72.12,10.43,1204.5,0.233,0.245,2.804,1
2024-01-01 10:14:00,DIE-001,2550,783.8,72.46,10.32,1192.4,0.226,0.258,2.809,1
2024-01-01 10:15:00,DIE-001,2559,790.3,72.16,10.32,1187.8,0.2,0.281,2.739,1
2024-01-01 10:16:00,DIE-001,2570,782.4,72.6,10.3,1194.4,0.2,0.277,2.809,1
2024-01-01 10:17:00,DIE-001,2578,772.7,72.13,10.27,1219.2,0.233,0.279,2.81,1
2024-01-01 10:18:00,DIE-001,2587,774.6,72.17,10.27,1217.2,0.2,0.278,2.777,1
2024-01-01 10:19:00,DIE-001,2599,769.6,72.95,10.21,1235.6,0.205,0.275,2.78,1
2024-01-01 10:20:00,DIE-001,2609,765.6,73.16,10.09,1235.3,0.2,0.295,2.809,1
2024-01-01 10:21:00,DIE-001,2621,775.7,73.6,10.13,1208.1,0.2,0.293,2.839,1
2024-01-01 10:22:00,DIE-001,2631,781.1,73.77,10.13,1231.3,0.2,0.329,2.92,1
2024-01-01 10:23:00,DIE-001,2639,788.6,74.38,10.18,1226.4,0.2,0.341,2.921,1
2024-01-01 10:24:00,DIE-001,2650,792.7,74.18,10.07,1262.4,0.284,0.334,2.94,1
2024-01-01 10:25:00,DIE-001,2662,790.9,74.34,10.07,1293.0,0.325,0.355,2.917,1
2024-01-01 10:26:00,DIE-001,2670,795.1,75.33,10.13,1294.0,0.371,0.384,2.947,1
2024-01-01 10:27:00,DIE-001,2680,784.7,75.77,10.18,1301.5,0.336,0.398,2.93,1
2024-01-01 10:28:00,DIE-001,2689,786.6,75.46,10.29,1313.3,0.326,0.406,2.932,1
2024-01-01 10:29:00,DIE-001,2701,788.6,75.86,10.1,1292.7,0.368,0.422,2.936,1
2024-01-01 10:30:00,DIE-001,2712,783.9,76.17,10.18,1286.9,0.343,0.395,2.972,1
2024-01-01 10:31:00,DIE-001,2721,787.5,76.41,10.14,1300.3,0.395,0.373,2.935,1
2024-01-01 10:32:00,DIE-001,2731,786.1,76.83,10.23,1294.6,0.396,0.364,2.962,1
2024-01-01 10:33:00,DIE-001,2743,788.9,76.73,10.2,1308.4,0.402,0.386,2.985,1
2024-01-01 10:34:00,DIE-001,2753,789.4,76.96,10.08,1321.9,0.394,0.361,3.007,1
2024-01-01 10:35:00,DIE-001,2765,789.2,77.43,10.15,1330.0,0.42,0.354,3.008,1
2024-01-01 10:36:00,DIE-001,2776,788.5,78.05,10.16,1316.1,0.48,0.343,2.966,1
2024-01-01 10:37:00,DIE-001,2787,788.7,78.6,10.21,1328.9,0.469,0.317,2.929,1
2024-01-01 10:38:00,DIE-001,2797,783.8,79.04,10.26,1309.4,0.441,0.307,2.892,1
2024-01-01 10:39:00,DIE-001,2808,779.1,78.91,10.45,1321.6,0.434,0.299,2.859,1
2024-01-01 10:40:00,DIE-001,2820,780.0,78.85,10.42,1347.5,0.373,0.334,2.891,1
2024-01-01 10:41:00,DIE-001,2829,796.3,78.92,10.33,1363.5,0.36,0.328,2.86,1
2024-01-01 10:42:00,DIE-001,2839,797.3,79.07,10.41,1341.7,0.35,0.319,2.853,1
2024-01-01 10:43:00,DIE-001,2848,800.9,79.2,10.27,1382.7,0.404,0.299,2.857,1
2024-01-01 10:44:00,DIE-001,2860,809.8,79.11,10.25,1384.7,0.465,0.293,2.872,1
2024-01-01 10:45:00,DIE-001,2868,803.6,79.63,10.29,1380.1,0.445,0.273,2.847,1
2024-01-01 10:46:00,DIE-001,2879,808.0,79.84,10.3,1373.3,0.468,0.281,2.846,1
2024-01-01 10:47:00,DIE-001,2891,801.6,80.19,10.38,1351.2,0.482,0.277,2.83,1
2024-01-01 10:48:00,DIE-001,2899,797.5,80.51,10.41,1348.2,0.513,0.249,2.814,1
2024-01-01 10:49:00,DIE-001,2908,801.2,80.42,10.4,1367.8,0.55,0.242,2.818,1
2024-01-01 10:50:00,DIE-001,2916,802.1,80.52,10.47,1350.2,0.539,0.231,2.84,1
2024-01-01 10:51:00,DIE-001,2925,801.7,80.47,10.44,1335.3,0.559,0.239,2.799,1
2024-01-01 10:52:00,DIE-001,2934,798.3,80.42,10.55,1339.0,0.577,0.265,2.764,1
2024-01-01 10:53:00,DIE-001,2943,803.4,80.59,10.68,1344.7,0.526,0.272,2.728,1
2024-01-01 10:54:00,DIE-001,2953,800.8,81.27,10.66,1374.5,0.47,0.267,2.694,1
2024-01-01 10:55:00,DIE-001,2965,796.9,81.83,10.71,1365.5,0.477,0.251,2.647,1
2024-01-01 10:56:00,DIE-001,2977,790.6,81.8,10.69,1375.8,0.505,0.264,2.665,1
2024-01-01 10:57:00,DIE-001,2989,794.4,82.33,10.75,1384.1,0.558,0.254,2.625,1
2024-01-01 10:58:00,DIE-001,2998,789.0,82.46,10.79,1394.2,0.545,0.256,2.622,1
2024-01-01 10:59:00,DIE-001,3007,789.5,82.87,10.87,1374.0,0.523,0.236,2.641,1
2024-01-01 11:00:00,DIE-001,3018,787.4,83.22,11.0,1378.9,0.515,0.251,2.623,1
2024-01-01 11:01:00,DIE-001,3029,786.7,82.92,10.94,1360.9,0.516,0.237,2.613,1
2024-01-01 11:02:00,DIE-001,3041,788.9,82.91,10.96,1357.0,0.506,0.213,2.627,1
2024-01-01 11:03:00,DIE-001,3050,788.7,82.79,11.25,1343.8,0.518,0.221,2.597,1
2024-01-01 11:04:00,DIE-001,3058,789.3,82.83,11.29,1325.3,0.481,0.247,2.585,1
2024-01-01 11:05:00,DIE-001,3067,787.1,83.33,11.14,1331.9,0.432,0.22,2.577,1
2024-01-01 11:06:00,DIE-001,3076,783.6,84.22,11.13,1343.4,0.505,0.175,2.571,1
2024-01-01 11:07:00,DIE-001,3087,781.6,85,11.01,1348.6,0.489,0.185,2.554,1
2024-01-01 11:08:00,DIE-001,3097,785.6,84.74,10.96,1333.1,0.461,0.178,2.526,1
2024-01-01 11:09:00,DIE-001,3105,788.4,84.52,11.04,1322.6,0.384,0.156,2.536,1
2024-01-01 11:10:00,DIE-001,3117,797.0,84.87,11.03,1298.5,0.327,0.163,2.529,1
2024-01-01 11:11:00,DIE-001,3129,798.4,84.36,11.15,1306.4,0.286,0.156,2.551,1
2024-01-01 11:12:00,DIE-001,3141,792.7,84.45,11.08,1307.7,0.28,0.15,2.594,1
2024-01-01 11:13:00,DIE-001,3152,797.8,85,11.1,1316.7,0.317,0.171,2.592,1
2024-01-01 11:14:00,DIE-001,3161,801.0,85,11.21,1294.9,0.349,0.182,2.63,1
2024-01-01 11:15:00,DIE-001,3170,804.6,85,11.25,1291.2,0.283,0.174,2.636,1
2024-01-01 11:16:00,DIE-001,3178,810.3,85,11.29,1299.1,0.28,0.171,2.618,1
2024-01-01 11:17:00,DIE-001,3189,801.6,85,11.2,1300.0,0.297,0.175,2.604,1
2024-01-01 11:18:00,DIE-001,3199,803.6,85,11.22,1275.2,0.382,0.221,2.627,1
2024-01-01 11:19:00,DIE-001,3207,808.4,85,11.19,1269.0,0.404,0.221,2.56,1
2024-01-01 11:20:00,DIE-001,3219,804.6,84.6,11.22,1272.6,0.405,0.194,2.503,1
2024-01-01 11:21:00,DIE-001,3229,813.1,85,11.16,1265.6,0.381,0.169,2.474,1
2024-01-01 11:22:00,DIE-001,3239,814.5,84.73,11.23,1247.6,0.366,0.191,2.424,1
2024-01-01 11:23:00,DIE-001,3249,814.0,84.64,11.12,1250.7,0.337,0.18,2.439,1
2024-01-01 11:24:00,DIE-001,3261,823.5,85,11.2,1251.7,0.321,0.198,2.456,1
2024-01-01 11:25:00,DIE-001,3273,819.1,85,11.07,1276.4,0.302,0.206,2.457,1
2024-01-01 11:26:00,DIE-001,3283,821.5,85,11.15,1271.6,0.287,0.236,2.46,1
2024-01-01 11:27:00,DIE-001,3294,816.3,85,11.2,1262.6,0.266,0.228,2.494,1
2024-01-01 11:28:00,DIE-001,3303,819.1,85,11.15,1280.3,0.271,0.199,2.477,1
2024-01-01 11:29:00,DIE-001,3314,815.7,85,10.99,1286.2,0.277,0.179,2.491,1
2024-01-01 11:30:00,DIE-001,3326,822.7,85,10.97,1278.4,0.298,0.18,2.526,1
2024-01-01 11:31:00,DIE-001,3336,823.1,84.64,10.95,1276.8,0.275,0.204,2.563,1
2024-01-01 11:32:00,DIE-001,3346,822.9,84.77,11.01,1268.8,0.231,0.214,2.557,1
2024-01-01 11:33:00,DIE-001,3354,836.4,84.63,11.01,1296.7,0.258,0.22,2.572,1
2024-01-01 11:34:00,DIE-001,3362,842.3,84.59,11.11,1313.1,0.337,0.221,2.581,1
2024-01-01 11:35:00,DIE-001,3372,842.4,84.76,11.14,1339.9,0.304,0.179,2.559,1
2024-01-01 11:36:00,DIE-001,3383,843.0,85,11.2,1333.3,0.328,0.156,2.592,1
2024-01-01 11:37:00,DIE-001,3391,848.1,85,11.33,1370.3,0.316,0.176,2.606,1
2024-01-01 11:38:00,DIE-001,3401,848.8,84.99,11.4,1378.8,0.293,0.188,2.617,1
2024-01-01 11:39:00,DIE-001,3410,840.7,84.8,11.43,1353.0,0.296,0.203,2.677,1
2024-01-01 11:40:00,DIE-001,3419,847.5,85,11.53,1355.8,0.256,0.18,2.705,1
2024-01-01 11:41:00,DIE-001,3430,847.8,85,11.42,1370.5,0.286,0.181,2.739,1
2024-01-01 11:42:00,DIE-001,3438,850.5,85,11.42,1374.9,0.295,0.22,2.685,1
2024-01-01 11:43:00,DIE-001,3449,856.1,85,11.41,1381.5,0.307,0.223,2.674,1
2024-01-01 11:44:00,DIE-001,3461,862.9,85,11.46,1390.6,0.361,0.186,2.63,1
2024-01-01 11:45:00,DIE-001,3471,868.8,85,11.52,1399.6,0.373,0.191,2.591,1
2024-01-01 11:46:00,DIE-001,3480,873.1,85,11.5,1406.6,0.33,0.218,2.559,1
2024-01-01 11:47:00,DIE-001,3488,874.7,85,11.58,1398.8,0.389,0.207,2.546,1
2024-01-01 11:48:00,DIE-001,3498,879.4,85,11.66,1395.8,0.421,0.212,2.554,1
2024-01-01 11:49:00,DIE-001,3509,876.6,85,11.58,1389.5,0.415,0.24,2.586,1
2024-01-01 11:50:00,DIE-001,3517,886.0,85,11.62,1388.6,0.433,0.223,2.556,1
2024-01-01 11:51:00,DIE-001,3529,880.8,84.57,11.53,1434.4,0.495,0.232,2.597,1
2024-01-01 11:52:00,DIE-001,3538,888.9,85,11.54,1427.2,0.507,0.23,2.626,1
2024-01-01 11:53:00,DIE-001,3549,886.4,84.94,11.54,1414.7,0.524,0.244,2.613,1
2024-01-01 11:54:00,DIE-001,3560,887.4,85,11.5,1407.0,0.512,0.263,2.603,1
2024-01-01 11:55:00,DIE-001,3570,886.9,85,11.55,1390.3,0.456,0.264,2.699,1
2024-01-01 11:56:00,DIE-001,3582,891.1,84.17,11.57,1376.4,0.412,0.257,2.729,1
2024-01-01 11:57:00,DIE-001,3593,888.0,84.49,11.59,1373.4,0.406,0.263,2.706,1
2024-01-01 11:58:00,DIE-001,3604,879.6,84.7,11.8,1373.3,0.454,0.281,2.701,1
2024-01-01 11:59:00,DIE-001,3612,888.7,85,11.61,1335.3,0.401,0.245,2.746,1
2024-01-01 12:00:00,DIE-001,3621,891.7,85,11.65,1313.6,0.41,0.242,2.724,1
2024-01-01 12:01:00,DIE-001,3633,880.2,85,11.8,1327.7,0.347,0.267,2.717,1
2024-01-01 12:02:00,DIE-001,3642,878.0,85,11.81,1338.2,0.346,0.267,2.734,1
2024-01-01 12:03:00,DIE-001,3651,876.4,85,11.85,1348.0,0.27,0.277,2.74,1
2024-01-01 12:04:00,DIE-001,3660,877.8,84.6,11.98,1318.7,0.203,0.311,2.729,1
2024-01-01 12:05:00,DIE-001,3670,879.2,84.49,12.18,1316.9,0.2,0.297,2.703,1
2024-01-01 12:06:00,DIE-001,3680,885.3,85,12.12,1284.6,0.207,0.283,2.687,1
2024-01-01 12:07:00,DIE-001,3690,883.6,85,12.05,1285.0,0.209,0.275,2.65,1
2024-01-01 12:08:00,DIE-001,3702,890.3,85,12.23,1266.3,0.218,0.3,2.665,1
2024-01-01 12:09:00,DIE-001,3710,889.2,85,12.46,1281.7,0.291,0.327,2.69,1
2024-01-01 12:10:00,DIE-001,3720,885.5,85,12.46,1287.3,0.29,0.337,2.719,1
2024-01-01 12:11:00,DIE-001,3731,885.5,85,12.43,1272.7,0.291,0.328,2.715,1
2024-01-01 12:12:00,DIE-001,3742,887.1,84.86,12.43,1262.0,0.223,0.339,2.721,1
2024-01-01 12:13:00,DIE-001,3752,887.3,85,12.42,1269.0,0.257,0.336,2.684,1
2024-01-01 12:14:00,DIE-001,3760,879.7,85,12.52,1254.4,0.204,0.348,2.659,1
2024-01-01 12:15:00,DIE-001,3768,876.4,85,12.55,1262.9,0.262,0.342,2.611,1
2024-01-01 12:16:00,DIE-001,3778,874.1,85,12.62,1271.4,0.217,0.335,2.613,1
2024-01-01 12:17:00,DIE-001,3786,874.3,85,12.73,1263.4,0.202,0.347,2.616,1
2024-01-01 12:18:00,DIE-001,3796,879.9,85,12.84,1280.8,0.2,0.355,2.612,1
2024-01-01 12:19:00,DIE-001,3807,887.0,85,12.99,1269.7,0.232,0.353,2.646,1
2024-01-01 12:20:00,DIE-001,3816,890.4,84.93,13.06,1288.5,0.281,0.37,2.657,1
2024-01-01 12:21:00,DIE-001,3828,885.6,85,13.09,1274.7,0.312,0.4,2.647,1
2024-01-01 12:22:00,DIE-001,3839,882.3,85,13.06,1289.0,0.319,0.396,2.614,1
2024-01-01 12:23:00,DIE-001,3851,879.7,85,12.96,1307.4,0.365,0.422,2.691,1
2024-01-01 12:24:00,DIE-001,3860,880.6,85,12.75,1328.1,0.239,0.45,2.651,1
2024-01-01 12:25:00,DIE-001,3870,873.8,85,12.87,1330.4,0.223,0.426,2.638,1
2024-01-01 12:26:00,DIE-001,3880,862.7,85,12.99,1332.2,0.2,0.408,2.651,1
2024-01-01 12:27:00,DIE-001,3892,864.6,84.8,12.92,1363.9,0.2,0.399,2.646,1
2024-01-01 12:28:00,DIE-001,3902,871.5,84.56,12.97,1355.7,0.2,0.377,2.628,1
2024-01-01 12:29:00,DIE-001,3913,872.0,85,13.05,1354.3,0.2,0.391,2.61,1
2024-01-01 12:30:00,DIE-001,3922,877.4,85,13.04,1368.6,0.2,0.422,2.589,1
2024-01-01 12:31:00,DIE-001,3930,886.4,85,13.04,1360.9,0.263,0.424,2.563,1
2024-01-01 12:32:00,DIE-001,3941,884.6,85,12.87,1372.8,0.224,0.437,2.534,1
2024-01-01 12:33:00,DIE-001,3949,884.1,85,12.87,1366.1,0.268,0.463,2.578,1
2024-01-01 12:34:00,DIE-001,3961,887.4,85,12.94,1341.3,0.269,0.485,2.619,1
2024-01-01 12:35:00,DIE-001,3971,883.5,85,13.01,1314.2,0.323,0.478,2.599,1
2024-01-01 12:36:00,DIE-001,3982,880.9,85,13.08,1299.7,0.309,0.488,2.638,1
2024-01-01 12:37:00,DIE-001,3990,875.8,85,13.16,1309.9,0.354,0.527,2.625,1
2024-01-01 12:38:00,DIE-001,3999,874.1,85,13.14,1311.5,0.367,0.493,2.691,1
2024-01-01 12:39:00,DIE-001,4008,874.7,85,13.14,1311.1,0.439,0.475,2.765,1
2024-01-01 12:40:00,DIE-001,4018,870.4,85,13.1,1320.4,0.38,0.481,2.778,1
2024-01-01 12:41:00,DIE-001,4026,865.9,85,13.12,1348.5,0.364,0.457,2.763,1
2024-01-01 12:42:00,DIE-001,4036,865.2,85,13.34,1366.0,0.314,0.426,2.76,1
2024-01-01 12:43:00,DIE-001,4046,873.0,85,13.43,1366.3,0.327,0.449,2.717,1
2024-01-01 12:44:00,DIE-001,4057,869.0,84.86,13.4,1344.7,0.358,0.448,2.691,1
2024-01-01 12:45:00,DIE-001,4065,871.4,84.1,13.28,1350.3,0.325,0.441,2.647,1
2024-01-01 12:46:00,DIE-001,4076,877.6,84.14,13.12,1348.9,0.369,0.407,2.652,1
2024-01-01 12:47:00,DIE-001,4085,879.7,84.48,12.99,1318.1,0.337,0.447,2.631,1
2024-01-01 12:48:00,DIE-001,4093,880.3,85,13.05,1306.8,0.366,0.435,2.602,1
2024-01-01 12:49:00,DIE-001,4101,877.4,84.58,13.08,1275.6,0.318,0.473,2.63,1
2024-01-01 12:50:00,DIE-001,4113,883.0,85,13.0,1272.7,0.334,0.464,2.657,1
2024-01-01 12:51:00,DIE-001,4125,882.7,85,12.85,1291.3,0.396,0.468,2.668,1
2024-01-01 12:52:00,DIE-001,4135,880.6,85,12.85,1290.2,0.386,0.501,2.693,1
2024-01-01 12:53:00,DIE-001,4146,888.0,85,12.71,1301.2,0.417,0.482,2.707,1
2024-01-01 12:54:00,DIE-001,4157,887.0,85,12.74,1314.9,0.452,0.484,2.717,1
2024-01-01 12:55:00,DIE-001,4165,884.2,85,12.69,1310.1,0.418,0.497,2.738,1
2024-01-01 12:56:00,DIE-001,4177,883.5,85,12.88,1320.5,0.371,0.504,2.706,1
2024-01-01 12:57:00,DIE-001,4186,882.7,84.9,13.02,1314.3,0.391,0.546,2.685,1
2024-01-01 12:58:00,DIE-001,4197,886.3,85,13.08,1313.4,0.438,0.55,2.719,1
2024-01-01 12:59:00,DIE-001,4205,891.8,84.96,13.16,1316.2,0.383,0.544,2.713,1
2024-01-01 13:00:00,DIE-001,4213,891.2,85,13.13,1301.7,0.346,0.562,2.696,1
2024-01-01 13:01:00,DIE-001,4221,891.7,85,13.24,1295.5,0.319,0.553,2.686,1
2024-01-01 13:02:00,DIE-001,4229,884.8,85,13.21,1321.2,0.264,0.553,2.696,1
2024-01-01 13:03:00,DIE-001,4238,875.5,85,13.27,1331.3,0.307,0.579,2.672,1
2024-01-01 13:04:00,DIE-001,4249,875.3,85,13.19,1302.5,0.337,0.554,2.679,1
2024-01-01 13:05:00,DIE-001,4261,877.0,85,13.25,1320.3,0.305,0.501,2.702,1
2024-01-01 13:06:00,DIE-001,4271,874.8,85,13.26,1324.1,0.286,0.536,2.683,1
2024-01-01 13:07:00,DIE-001,4279,882.4,85,13.13,1332.3,0.288,0.525,2.661,1
2024-01-01 13:08:00,DIE-001,4290,886.2,85,13.12,1317.9,0.277,0.533,2.635,1
2024-01-01 13:09:00,DIE-001,4301,889.4,85,13.03,1290.3,0.316,0.538,2.648,1
2024-01-01 13:10:00,DIE-001,4309,899.0,85,13.17,1310.3,0.265,0.541,2.61,1
2024-01-01 13:11:00,DIE-001,4319,901.6,84.78,13.07,1327.9,0.221,0.559,2.589,1
2024-01-01 13:12:00,DIE-001,4330,905.5,85,13.13,1331.3,0.2,0.588,2.566,1
2024-01-01 13:13:00,DIE-001,4342,897.8,85,13.07,1360.6,0.2,0.557,2.561,1
2024-01-01 13:14:00,DIE-001,4354,903.9,85,13.07,1374.4,0.2,0.54,2.581,1
2024-01-01 13:15:00,DIE-001,4366,898.5,85,13.11,1390.5,0.265,0.564,2.532,1
2024-01-01 13:16:00,DIE-001,4374,898.5,85,13.08,1401.1,0.214,0.563,2.492,1
2024-01-01 13:17:00,DIE-001,4382,904.9,84.7,13.12,1373.1,0.24,0.553,2.497,1
2024-01-01 13:18:00,DIE-001,4393,904.9,85,13.1,1375.4,0.2,0.542,2.517,1
2024-01-01 13:19:00,DIE-001,4403,892.5,85,13.03,1366.0,0.2,0.522,2.565,1
2024-01-01 13:20:00,DIE-001,4412,895.0,85,13.05,1345.9,0.2,0.503,2.552,1
2024-01-01 13:21:00,DIE-001,4421,895.6,85,13.05,1327.9,0.2,0.485,2.543,1
2024-01-01 13:22:00,DIE-001,4429,898.5,85,13.13,1346.3,0.2,0.475,2.528,1
2024-01-01 13:23:00,DIE-001,4440,896.4,85,13.27,1351.3,0.234,0.476,2.519,1
2024-01-01 13:24:00,DIE-001,4452,904.0,85,13.17,1356.6,0.2,0.474,2.568,1
2024-01-01 13:25:00,DIE-001,4464,904.2,85,13.11,1338.8,0.205,0.485,2.559,1
2024-01-01 13:26:00,DIE-001,4476,908.4,85,13.2,1352.1,0.2,0.474,2.582,1
2024-01-01 13:27:00,DIE-001,4488,904.9,85,13.14,1346.4,0.302,0.496,2.576,1
2024-01-01 13:28:00,DIE-001,4497,909.3,85,13.21,1334.6,0.33,0.475,2.557,1
2024-01-01 13:29:00,DIE-001,4509,916.8,85,13.17,1325.8,0.306,0.458,2.594,1
2024-01-01 13:30:00,DIE-001,4518,909.1,85,13.15,1332.5,0.279,0.476,2.554,1
2024-01-01 13:31:00,DIE-001,4529,905.9,85,13.0,1302.4,0.262,0.474,2.556,1
2024-01-01 13:32:00,DIE-001,4537,908.7,85,12.97,1293.6,0.262,0.462,2.551,1
2024-01-01 13:33:00,DIE-001,4545,912.4,85,12.91,1293.7,0.251,0.465,2.538,1
2024-01-01 13:34:00,DIE-001,4557,917.8,84.9,12.86,1289.6,0.267,0.43,2.527,1
2024-01-01 13:35:00,DIE-001,4568,925.0,84.53,12.99,1302.4,0.261,0.427,2.526,1
2024-01-01 13:36:00,DIE-001,4578,927.9,85,13.04,1289.9,0.27,0.455,2.519,1
2024-01-01 13:37:00,DIE-001,4590,923.3,84.87,13.01,1296.3,0.2,0.452,2.537,1
2024-01-01 13:38:00,DIE-001,4598,924.5,85,12.93,1295.0,0.2,0.463,2.564,1
2024-01-01 13:39:00,DIE-001,4608,929.3,85,12.94,1299.0,0.2,0.487,2.546,1
2024-01-01 13:40:00,DIE-001,4620,931.7,85,12.96,1280.6,0.256,0.501,2.472,1
2024-01-01 13:41:00,DIE-001,4632,929.7,85,13.0,1264.5,0.281,0.513,2.484,1
2024-01-01 13:42:00,DIE-001,4641,927.4,85,12.95,1299.9,0.248,0.498,2.437,1
2024-01-01 13:43:00,DIE-001,4649,924.2,85,13.0,1301.2,0.305,0.511,2.426,1
2024-01-01 13:44:00,DIE-001,4657,922.4,85,13.16,1283.0,0.268,0.527,2.413,1
2024-01-01 13:45:00,DIE-001,4667,933.2,84.92,13.16,1270.5,0.27,0.517,2.391,1
2024-01-01 13:46:00,DIE-001,4675,936.0,85,13.25,1265.4,0.285,0.517,2.366,1
2024-01-01 13:47:00,DIE-001,4686,928.5,85,13.2,1280.0,0.213,0.516,2.334,1
2024-01-01 13:48:00,DIE-001,4694,928.4,85,13.14,1283.4,0.224,0.519,2.345,1
2024-01-01 13:49:00,DIE-001,4706,922.3,85,12.98,1269.7,0.248,0.505,2.36,1
2024-01-01 13:50:00,DIE-001,4717,919.4,84.95,12.91,1253.5,0.25,0.479,2.356,1
2024-01-01 13:51:00,DIE-001,4729,917.6,85,12.99,1251.5,0.266,0.481,2.324,1
2024-01-01 13:52:00,DIE-001,4740,918.1,85,13.02,1260.3,0.265,0.445,2.339,1
2024-01-01 13:53:00,DIE-001,4749,914.7,85,13.18,1289.7,0.247,0.415,2.278,1
2024-01-01 13:54:00,DIE-001,4757,908.7,85,13.19,1290.8,0.207,0.401,2.302,1
2024-01-01 13:55:00,DIE-001,4767,907.3,85,13.36,1295.7,0.2,0.412,2.341,1
2024-01-01 13:56:00,DIE-001,4777,908.4,85,13.41,1267.8,0.255,0.375,2.374,1
2024-01-01 13:57:00,DIE-001,4789,908.2,85,13.46,1267.8,0.282,0.332,2.338,1
2024-01-01 13:58:00,DIE-001,4799,913.3,85,13.55,1280.0,0.31,0.321,2.299,1
2024-01-01 13:59:00,DIE-001,4809,915.4,85,13.51,1255.2,0.28,0.333,2.294,1
2024-01-01 14:00:00,DIE-001,4819,915.5,85,13.5,1239.1,0.292,0.324,2.287,1
2024-01-01 14:01:00,DIE-001,4830,905.3,84.75,13.55,1232.0,0.294,0.319,2.277,1
2024-01-01 14:02:00,DIE-001,4840,907.0,84.98,13.49,1229.2,0.306,0.314,2.283,1
2024-01-01 14:03:00,DIE-001,4852,907.4,84.88,13.38,1206.6,0.273,0.315,2.291,1
2024-01-01 14:04:00,DIE-001,4862,889.9,84.89,13.24,1211.1,0.254,0.326,2.297,1
2024-01-01 14:05:00,DIE-001,4872,881.8,85,13.31,1223.1,0.275,0.34,2.299,1
2024-01-01 14:06:00,DIE-001,4884,878.4,84.78,13.34,1229.9,0.227,0.33,2.311,1
2024-01-01 14:07:00,DIE-001,4895,876.4,85,13.33,1230.7,0.2,0.329,2.332,1
2024-01-01 14:08:00,DIE-001,4904,867.6,85,13.2,1252.4,0.208,0.325,2.324,1
2024-01-01 14:09:00,DIE-001,4916,865.7,85,13.15,1251.4,0.2,0.307,2.312,1
2024-01-01 14:10:00,DIE-001,4927,860.9,85,13.2,1235.8,0.2,0.338,2.284,1
2024-01-01 14:11:00,DIE-001,4937,860.4,84.94,13.21,1221.8,0.2,0.345,2.298,1
2024-01-01 14:12:00,DIE-001,4945,856.4,85,13.24,1228.9,0.2,0.323,2.281,1
2024-01-01 14:13:00,DIE-001,4955,852.0,85,13.15,1218.7,0.204,0.343,2.329,1
2024-01-01 14:14:00,DIE-001,4963,852.1,85,13.11,1214.3,0.2,0.34,2.34,1
2024-01-01 14:15:00,DIE-001,4972,854.5,84.99,13.1,1235.2,0.2,0.363,2.307,1
2024-01-01 14:16:00,DIE-001,4982,857.8,85,13.03,1224.7,0.2,0.365,2.293,1
2024-01-01 14:17:00,DIE-001,4994,859.3,85,12.98,1218.4,0.2,0.362,2.266,1
2024-01-01 14:18:00,DIE-001,5005,857.7,85,12.95,1223.9,0.248,0.365,2.304,1
2024-01-01 14:19:00,DIE-001,5014,853.6,85,12.92,1240.5,0.217,0.382,2.278,1
2024-01-01 14:20:00,DIE-001,5022,859.8,85,13.0,1229.7,0.311,0.383,2.264,1
2024-01-01 14:21:00,DIE-001,5033,855.0,85,13.02,1219.1,0.306,0.394,2.214,1
2024-01-01 14:22:00,DIE-001,5044,849.6,85,13.15,1203.4,0.268,0.384,2.213,1
2024-01-01 14:23:00,DIE-001,5052,858.2,85,13.31,1195.3,0.283,0.375,2.162,1
2024-01-01 14:24:00,DIE-001,5064,852.2,85,13.27,1202.5,0.296,0.356,2.186,1
2024-01-01 14:25:00,DIE-001,5076,855.4,85,13.43,1189.8,0.314,0.351,2.231,1
2024-01-01 14:26:00,DIE-001,5085,847.9,85,13.35,1191.3,0.285,0.346,2.222,1
2024-01-01 14:27:00,DIE-001,5096,852.3,85,13.19,1177.9,0.229,0.317,2.237,1
2024-01-01 14:28:00,DIE-001,5105,857.1,85,13.23,1151.7,0.2,0.297,2.265,1
2024-01-01 14:29:00,DIE-001,5113,858.7,85,13.09,1131.7,0.21,0.31,2.277,1
2024-01-01 14:30:00,DIE-001,5123,859.9,85,12.91,1160.4,0.2,0.294,2.268,1
2024-01-01 14:31:00,DIE-001,5132,853.3,85,12.85,1167.0,0.256,0.3,2.244,1
2024-01-01 14:32:00,DIE-001,5140,854.6,84.93,12.81,1147.3,0.238,0.283,2.199,1
2024-01-01 14:33:00,DIE-001,5148,843.3,85,12.81,1138.2,0.27,0.262,2.18,1
2024-01-01 14:34:00,DIE-001,5156,848.8,85,12.79,1119.3,0.238,0.253,2.188,1
2024-01-01 14:35:00,DIE-001,5165,845.6,85,12.82,1128.6,0.239,0.227,2.187,1
2024-01-01 14:36:00,DIE-001,5177,842.2,85,12.88,1093.0,0.291,0.202,2.146,1
2024-01-01 14:37:00,DIE-001,5188,838.7,84.77,12.83,1094.8,0.2,0.18,2.154,1
2024-01-01 14:38:00,DIE-001,5200,842.4,84.82,12.83,1109.5,0.207,0.166,2.138,1
2024-01-01 14:39:00,DIE-001,5211,833.9,85,12.8,1137.8,0.211,0.167,2.151,1
2024-01-01 14:40:00,DIE-001,5221,844.2,85,12.73,1139.9,0.236,0.157,2.194,1
2024-01-01 14:41:00,DIE-001,5230,841.7,85,12.73,1137.1,0.2,0.16,2.214,1
2024-01-01 14:42:00,DIE-001,5239,844.1,85,12.73,1129.7,0.288,0.184,2.21,1
2024-01-01 14:43:00,DIE-001,5251,844.1,85,12.69,1120.6,0.313,0.217,2.173,1
2024-01-01 14:44:00,DIE-001,5263,848.1,85,12.87,1117.4,0.308,0.231,2.164,1
2024-01-01 14:45:00,DIE-001,5274,847.3,84.91,12.88,1102.4,0.307,0.226,2.147,1
2024-01-01 14:46:00,DIE-001,5282,845.5,84.88,12.88,1100.2,0.32,0.252,2.128,1
2024-01-01 14:47:00,DIE-001,5292,851.7,85,12.94,1095.6,0.42,0.245,2.144,1
2024-01-01 14:48:00,DIE-001,5303,853.6,85,12.83,1116.8,0.416,0.257,2.171,1
2024-01-01 14:49:00,DIE-001,5312,858.4,85,12.71,1123.2,0.368,0.265,2.156,1
2024-01-01 14:50:00,DIE-001,5321,857.7,85,12.67,1127.0,0.412,0.248,2.13,1
2024-01-01 14:51:00,DIE-001,5332,856.8,85,12.77,1113.2,0.395,0.245,2.12,1
2024-01-01 14:52:00,DIE-001,5342,849.8,85,12.7,1117.4,0.362,0.265,2.141,1
2024-01-01 14:53:00,DIE-001,5350,848.2,85,12.74,1108.6,0.313,0.239,2.121,1
2024-01-01 14:54:00,DIE-001,5362,852.2,85,12.67,1126.4,0.248,0.242,2.144,1
2024-01-01 14:55:00,DIE-001,5372,849.0,84.42,12.71,1140.9,0.206,0.261,2.13,1
2024-01-01 14:56:00,DIE-001,5384,840.3,84.49,12.75,1144.7,0.21,0.278,2.124,1
2024-01-01 14:57:00,DIE-001,5395,844.1,84.83,12.84,1154.0,0.2,0.234,2.084,1
2024-01-01 14:58:00,DIE-001,5406,849.0,85,12.88,1161.8,0.2,0.267,2.084,1
2024-01-01 14:59:00,DIE-001,5417,845.5,85,12.9,1175.4,0.2,0.286,2.088,1
2024-01-01 15:00:00,DIE-001,5425,851.0,85,13.06,1193.0,0.2,0.296,2.086,1
2024-01-01 15:01:00,DIE-001,5434,845.7,85,13.17,1214.8,0.211,0.307,2.065,1
2024-01-01 15:02:00,DIE-001,5445,835.7,85,13.26,1207.3,0.275,0.344,2.027,1
2024-01-01 15:03:00,DIE-001,5456,834.1,85,13.18,1190.5,0.256,0.333,2.007,1
2024-01-01 15:04:00,DIE-001,5466,830.6,85,13.24,1197.3,0.236,0.339,2.043,1
2024-01-01 15:05:00,DIE-001,5475,831.0,85,13.31,1231.2,0.241,0.36,2.032,1
2024-01-01 15:06:00,DIE-001,5483,831.8,84.68,13.2,1215.8,0.216,0.356,2.056,1
2024-01-01 15:07:00,DIE-001,5492,828.2,85,13.31,1204.6,0.241,0.355,2.087,1
2024-01-01 15:08:00,DIE-001,5501,819.3,85,13.22,1189.5,0.233,0.383,2.064,1
2024-01-01 15:09:00,DIE-001,5510,818.5,85,13.17,1184.3,0.288,0.371,2.048,1
2024-01-01 15:10:00,DIE-001,5522,814.1,85,13.3,1216.7,0.394,0.379,2.045,1
2024-01-01 15:11:00,DIE-001,5533,816.7,85,13.24,1226.9,0.432,0.369,2.066,1
2024-01-01 15:12:00,DIE-001,5544,822.2,85,13.26,1213.9,0.487,0.328,2.115,1
2024-01-01 15:13:00,DIE-001,5552,825.2,85,13.24,1222.9,0.468,0.326,2.118,1
2024-01-01 15:14:00,DIE-001,5561,815.0,85,13.25,1271.3,0.489,0.357,2.155,1
2024-01-01 15:15:00,DIE-001,5570,819.2,84.8,13.27,1266.3,0.521,0.353,2.149,1
2024-01-01 15:16:00,DIE-001,5582,815.4,85,13.23,1258.7,0.582,0.327,2.152,1
2024-01-01 15:17:00,DIE-001,5593,817.8,85,13.28,1257.4,0.602,0.328,2.148,1
2024-01-01 15:18:00,DIE-001,5601,811.1,85,13.26,1249.4,0.606,0.313,2.102,1
2024-01-01 15:19:00,DIE-001,5611,811.1,85,13.15,1245.6,0.596,0.294,2.065,1
2024-01-01 15:20:00,DIE-001,5619,813.7,85,13.29,1242.6,0.599,0.258,2.047,1
2024-01-01 15:21:00,DIE-001,5630,814.9,85,13.32,1256.5,0.572,0.242,2.057,1
2024-01-01 15:22:00,DIE-001,5641,816.1,85,13.24,1276.4,0.56,0.279,2.09,1
2024-01-01 15:23:00,DIE-001,5649,812.8,84.96,13.23,1284.3,0.515,0.246,2.104,1
2024-01-01 15:24:00,DIE-001,5661,810.5,85,13.38,1287.8,0.519,0.232,2.096,1
2024-01-01 15:25:00,DIE-001,5673,803.3,85,13.34,1277.4,0.457,0.241,2.116,1
2024-01-01 15:26:00,DIE-001,5684,801.8,85,13.31,1276.6,0.468,0.232,2.131,1
2024-01-01 15:27:00,DIE-001,5695,799.4,85,13.33,1267.2,0.437,0.204,2.133,1
2024-01-01 15:28:00,DIE-001,5707,799.2,85,13.3,1263.7,0.462,0.198,2.07,1
2024-01-01 15:29:00,DIE-001,5715,799.7,84.83,13.33,1247.8,0.512,0.227,2.035,1
2024-01-01 15:30:00,DIE-001,5723,801.5,84.94,13.36,1249.2,0.48,0.272,2.048,1
2024-01-01 15:31:00,DIE-001,5732,800.9,85,13.34,1238.0,0.475,0.263,2.035,1
2024-01-01 15:32:00,DIE-001,5744,798.9,85,13.3,1227.2,0.418,0.271,2.048,1
2024-01-01 15:33:00,DIE-001,5753,796.9,84.94,13.27,1217.1,0.377,0.233,2.007,1
2024-01-01 15:34:00,DIE-001,5763,780.7,84.91,13.31,1204.3,0.327,0.205,1.997,1
2024-01-01 15:35:00,DIE-001,5775,784.1,85,13.45,1214.5,0.313,0.227,1.989,1
2024-01-01 15:36:00,DIE-001,5786,785.4,85,13.44,1217.2,0.369,0.258,2.076,1
2024-01-01 15:37:00,DIE-001,5795,786.0,85,13.43,1227.2,0.314,0.254,2.113,1
2024-01-01 15:38:00,DIE-001,5807,780.1,85,13.5,1236.5,0.331,0.267,2.131,1
2024-01-01 15:39:00,DIE-001,5817,777.7,85,13.47,1209.4,0.384,0.264,2.083,1
2024-01-01 15:40:00,DIE-001,5828,782.0,85,13.43,1191.2,0.429,0.249,2.068,1
2024-01-01 15:41:00,DIE-001,5840,789.7,84.88,13.53,1203.1,0.412,0.265,2.046,1
2024-01-01 15:42:00,DIE-001,5848,792.2,85,13.46,1186.4,0.481,0.267,2.027,1
2024-01-01 15:43:00,DIE-001,5856,795.1,85,13.56,1175.6,0.536,0.284,2.064,1
2024-01-01 15:44:00,DIE-001,5867,803.3,85,13.53,1172.7,0.472,0.299,2.08,1
2024-01-01 15:45:00,DIE-001,5878,806.9,85,13.52,1167.6,0.482,0.264,2.08,1
2024-01-01 15:46:00,DIE-001,5887,807.3,84.94,13.54,1181.8,0.436,0.253,2.116,1
2024-01-01 15:47:00,DIE-001,5896,807.2,85,13.6,1166.7,0.517,0.278,2.14,1
2024-01-01 15:48:00,DIE-001,5907,805.1,85,13.54,1184.8,0.52,0.266,2.107,1
2024-01-01 15:49:00,DIE-001,5918,812.6,85,13.48,1194.5,0.506,0.262,2.091,1
2024-01-01 15:50:00,DIE-001,5926,813.9,85,13.65,1183.7,0.557,0.235,2.137,1
2024-01-01 15:51:00,DIE-001,5934,814.5,85,13.73,1171.6,0.614,0.24,2.174,1
2024-01-01 15:52:00,DIE-001,5944,807.9,85,13.86,1170.5,0.595,0.224,2.204,1
2024-01-01 15:53:00,DIE-001,5954,804.5,85,13.92,1175.6,0.541,0.251,2.219,1
2024-01-01 15:54:00,DIE-001,5962,811.2,85,13.82,1147.2,0.529,0.258,2.202,1
2024-01-01 15:55:00,DIE-001,5973,821.2,85,13.9,1154.0,0.526,0.242,2.258,1
2024-01-01 15:56:00,DIE-001,5985,824.0,85,14.0,1150.1,0.523,0.237,2.28,1
2024-01-01 15:57:00,DIE-001,5996,822.0,85,14.03,1142.1,0.554,0.227,2.265,1
2024-01-01 15:58:00,DIE-001,6008,821.7,85,14.03,1156.9,0.676,0.226,2.333,1
2024-01-01 15:59:00,DIE-001,6017,817.5,85,14.17,1153.4,0.662,0.189,2.385,1
2024-01-01 16:00:00,DIE-001,6029,822.8,84.93,14.08,1163.1,0.631,0.197,2.359,1
2024-01-01 16:01:00,DIE-001,6038,819.5,85,14.12,1137.1,0.612,0.208,2.339,1
2024-01-01 16:02:00,DIE-001,6050,823.9,85,14.23,1123.1,0.584,0.186,2.345,1
2024-01-01 16:03:00,DIE-001,6062,825.5,85,14.22,1110.4,0.659,0.181,2.295,1
2024-01-01 16:04:00,DIE-001,6073,829.6,85,14.22,1082.6,0.616,0.157,2.306,1
2024-01-01 16:05:00,DIE-001,6082,832.3,85,14.34,1073.6,0.595,0.143,2.297,1
2024-01-01 16:06:00,DIE-001,6091,832.4,85,14.46,1086.1,0.647,0.172,2.255,1
2024-01-01 16:07:00,DIE-001,6100,833.8,85,14.39,1092.4,0.667,0.206,2.265,1
2024-01-01 16:08:00,DIE-001,6108,844.8,84.93,14.41,1114.5,0.675,0.219,2.298,1
2024-01-01 16:09:00,DIE-001,6119,855.9,85,14.34,1107.0,0.714,0.219,2.328,1
2024-01-01 16:10:00,DIE-001,6127,848.6,84.9,14.32,1092.2,0.763,0.209,2.287,1
2024-01-01 16:11:00,DIE-001,6135,847.0,84.84,14.31,1094.3,0.752,0.233,2.286,1
2024-01-01 16:12:00,DIE-001,6146,848.4,85,14.21,1110.9,0.777,0.23,2.228,1
2024-01-01 16:13:00,DIE-001,6156,852.3,84.96,14.23,1107.1,0.769,0.219,2.226,1
2024-01-01 16:14:00,DIE-001,6167,857.3,85,14.28,1125.1,0.808,0.204,2.205,1
2024-01-01 16:15:00,DIE-001,6175,860.0,85,14.37,1122.7,0.782,0.189,2.212,1
2024-01-01 16:16:00,DIE-001,6184,859.5,85,14.44,1133.5,0.75,0.208,2.172,1
2024-01-01 16:17:00,DIE-001,6196,865.4,85,14.41,1129.2,0.747,0.216,2.196,1
2024-01-01 16:18:00,DIE-001,6205,866.9,85,14.41,1124.4,0.723,0.247,2.22,1
2024-01-01 16:19:00,DIE-001,6214,865.9,85,14.44,1130.5,0.777,0.246,2.253,1
2024-01-01 16:20:00,DIE-001,6225,865.3,85,14.48,1123.1,0.738,0.234,2.243,1
2024-01-01 16:21:00,DIE-001,6237,866.4,85,14.49,1119.3,0.794,0.24,2.224,1
2024-01-01 16:22:00,DIE-001,6246,870.8,85,14.64,1126.1,0.756,0.207,2.204,1
2024-01-01 16:23:00,DIE-001,6254,881.5,85,14.8,1132.6,0.784,0.19,2.165,1
2024-01-01 16:24:00,DIE-001,6266,882.2,85,14.7,1138.0,0.8,0.187,2.156,1
2024-01-01 16:25:00,DIE-001,6277,886.8,85,14.58,1141.1,0.787,0.177,2.159,1
2024-01-01 16:26:00,DIE-001,6287,884.3,85,14.59,1151.0,0.836,0.186,2.195,1
2024-01-01 16:27:00,DIE-001,6295,883.5,84.76,14.61,1191.2,0.789,0.18,2.235,1
2024-01-01 16:28:00,DIE-001,6305,883.1,85,14.48,1167.2,0.753,0.164,2.231,1
2024-01-01 16:29:00,DIE-001,6314,877.3,85,14.44,1164.7,0.779,0.181,2.253,1
2024-01-01 16:30:00,DIE-001,6322,877.1,85,14.37,1154.4,0.814,0.186,2.26,1
2024-01-01 16:31:00,DIE-001,6331,873.8,85,14.32,1166.0,0.828,0.154,2.245,1
2024-01-01 16:32:00,DIE-001,6339,872.0,85,14.3,1145.5,0.853,0.156,2.231,1
2024-01-01 16:33:00,DIE-001,6350,876.0,85,14.23,1135.0,0.817,0.126,2.186,1
2024-01-01 16:34:00,DIE-001,6362,880.4,85,14.3,1103.4,0.862,0.135,2.144,1
2024-01-01 16:35:00,DIE-001,6374,877.4,85,14.29,1092.8,0.796,0.149,2.126,1
2024-01-01 16:36:00,DIE-001,6383,877.2,85,14.4,1090.6,0.825,0.127,2.095,1
2024-01-01 16:37:00,DIE-001,6393,881.5,85,14.33,1105.8,0.833,0.113,2.096,1
2024-01-01 16:38:00,DIE-001,6404,883.5,85,14.28,1104.4,0.825,0.116,2.1,1
2024-01-01 16:39:00,DIE-001,6416,885.6,85,14.3,1094.6,0.825,0.145,2.077,1
2024-01-01 16:40:00,DIE-001,6428,884.0,85,14.3,1087.8,0.873,0.143,2.097,1
2024-01-01 16:41:00,DIE-001,6436,883.8,84.76,14.33,1086.5,0.873,0.17,2.079,1
2024-01-01 16:42:00,DIE-001,6448,886.9,84.87,14.36,1082.0,0.879,0.137,2.129,1
2024-01-01 16:43:00,DIE-001,6457,888.1,85,14.41,1079.8,0.914,0.128,2.134,1
2024-01-01 16:44:00,DIE-001,6466,889.5,85,14.51,1074.8,0.954,0.143,2.111,1
2024-01-01 16:45:00,DIE-001,6476,888.3,85,14.49,1062.9,1.032,0.137,2.109,1
2024-01-01 16:46:00,DIE-001,6484,880.9,85,14.51,1066.0,1.01,0.142,2.076,1
2024-01-01 16:47:00,DIE-001,6495,877.1,85,14.46,1075.8,0.952,0.131,2.043,1
2024-01-01 16:48:00,DIE-001,6506,875.1,85,14.5,1053.8,0.98,0.141,2.012,1
2024-01-01 16:49:00,DIE-001,6517,868.4,85,14.56,1067.1,0.938,0.158,1.996,1
2024-01-01 16:50:00,DIE-001,6527,870.8,84.57,14.54,1068.2,0.901,0.16,1.978,1
2024-01-01 16:51:00,DIE-001,6537,871.6,84.77,14.51,1090.3,0.945,0.166,1.953,1
2024-01-01 16:52:00,DIE-001,6545,873.2,84.66,14.45,1099.3,0.909,0.148,1.982,1
2024-01-01 16:53:00,DIE-001,6555,872.4,85,14.57,1061.2,0.956,0.132,1.971,1
2024-01-01 16:54:00,DIE-001,6564,875.9,85,14.56,1037.6,0.966,0.123,1.949,1
2024-01-01 16:55:00,DIE-001,6572,873.3,85,14.51,1043.0,0.962,0.152,1.984,1
2024-01-01 16:56:00,DIE-001,6583,870.0,85,14.56,1047.0,0.996,0.172,1.985,1
2024-01-01 16:57:00,DIE-001,6592,860.9,85,14.49,1041.7,1.049,0.159,1.992,1
2024-01-01 16:58:00,DIE-001,6602,858.1,85,14.41,1011.3,1.108,0.147,2.071,1
2024-01-01 16:59:00,DIE-001,6614,850.4,85,14.42,1004.8,1.12,0.141,2.098,1
2024-01-01 17:00:00,DIE-001,6626,850.6,85,14.22,989.5,1.145,0.152,2.13,1
2024-01-01 17:01:00,DIE-001,6638,851.6,85,14.26,978.6,1.171,0.123,2.117,1
2024-01-01 17:02:00,DIE-001,6649,855.7,85,14.3,966.8,1.143,0.132,2.128,1
2024-01-01 17:03:00,DIE-001,6657,853.9,85,14.31,963.7,1.097,0.076,2.163,1
2024-01-01 17:04:00,DIE-001,6665,859.8,85,14.42,939.3,1.066,0.032,2.14,1
2024-01-01 17:05:00,DIE-001,6676,855.9,84.92,14.39,933.4,1.086,0.011,2.116,1
2024-01-01 17:06:00,DIE-001,6685,855.0,84.94,14.48,924.6,1.097,0.012,2.087,1
2024-01-01 17:07:00,DIE-001,6697,855.5,84.67,14.5,939.9,1.148,0.069,2.078,1
2024-01-01 17:08:00,DIE-001,6707,853.5,85,14.52,935.7,1.083,0.075,2.09,1
2024-01-01 17:09:00,DIE-001,6719,853.0,85,14.46,948.8,1.095,0.079,2.057,1
2024-01-01 17:10:00,DIE-001,6731,858.4,85,14.42,961.0,1.128,0.077,2.08,1
2024-01-01 17:11:00,DIE-001,6743,865.1,85,14.29,956.0,1.122,0.065,2.083,1
2024-01-01 17:12:00,DIE-001,6751,862.8,85,14.29,952.5,1.102,0.066,2.129,1
2024-01-01 17:13:00,DIE-001,6761,866.9,85,14.34,954.1,1.096,0.075,2.141,1
2024-01-01 17:14:00,DIE-001,6773,866.4,84.75,14.31,960.9,1.102,0.061,2.157,1
2024-01-01 17:15:00,DIE-001,6781,871.9,84.99,14.33,982.3,1.176,0.074,2.186,1
2024-01-01 17:16:00,DIE-001,6792,872.4,85,14.23,990.2,1.192,0.106,2.161,1
2024-01-01 17:17:00,DIE-001,6800,878.3,85,14.26,973.3,1.199,0.149,2.14,1
2024-01-01 17:18:00,DIE-001,6809,872.6,85,14.21,974.6,1.203,0.146,2.169,1
2024-01-01 17:19:00,DIE-001,6819,870.2,85,14.18,1007.1,1.226,0.114,2.112,1
2024-01-01 17:20:00,DIE-001,6830,864.7,84.96,14.17,1018.8,1.236,0.099,2.083,1
2024-01-01 17:21:00,DIE-001,6839,861.8,85,14.07,1023.5,1.27,0.095,2.066,1
2024-01-01 17:22:00,DIE-001,6851,862.5,85,14.14,1029.9,1.21,0.09,2.037,1
2024-01-01 17:23:00,DIE-001,6861,869.0,85,14.16,1059.5,1.261,0.069,1.99,1
2024-01-01 17:24:00,DIE-001,6873,863.9,84.85,14.27,1079.8,1.301,0.09,2.021,1
2024-01-01 17:25:00,DIE-001,6882,860.1,85,14.2,1079.4,1.346,0.116,2.004,1
2024-01-01 17:26:00,DIE-001,6892,861.0,84.72,14.13,1057.1,1.343,0.151,2.002,1
2024-01-01 17:27:00,DIE-001,6903,862.8,84.99,14.16,1068.4,1.334,0.13,2.015,1
2024-01-01 17:28:00,DIE-001,6912,860.4,85,14.11,1068.8,1.338,0.116,1.974,1
2024-01-01 17:29:00,DIE-001,6922,851.7,85,14.13,1058.5,1.324,0.075,1.995,1
2024-01-01 17:30:00,DIE-001,6931,851.6,85,14.21,1062.0,1.345,0.09,1.993,1
2024-01-01 17:31:00,DIE-001,6942,851.9,84.93,14.22,1058.2,1.273,0.103,2.002,1
2024-01-01 17:32:00,DIE-001,6953,860.7,85,14.12,1060.4,1.307,0.096,1.99,1
2024-01-01 17:33:00,DIE-001,6961,856.1,84.81,14.23,1045.0,1.372,0.097,1.965,1
2024-01-01 17:34:00,DIE-001,6970,856.7,85,14.19,1051.5,1.344,0.056,1.946,1
2024-01-01 17:35:00,DIE-001,6978,853.3,85,14.14,1053.0,1.354,0.123,1.962,1
2024-01-01 17:36:00,DIE-001,6987,851.5,85,14.07,1049.7,1.28,0.115,1.867,1
2024-01-01 17:37:00,DIE-001,6995,856.7,85,14.13,1047.0,1.239,0.122,1.91,1
2024-01-01 17:38:00,DIE-001,7007,849.4,85,14.16,1040.9,1.16,0.1,1.926,1
2024-01-01 17:39:00,DIE-001,7015,850.0,84.45,14.2,1063.3,1.177,0.108,1.939,1
2024-01-01 17:40:00,DIE-001,7023,857.7,84.37,14.29,1075.1,1.185,0.102,1.945,1
2024-01-01 17:41:00,DIE-001,7035,855.5,84.79,14.23,1080.4,1.145,0.123,1.867,1
2024-01-01 17:42:00,DIE-001,7046,849.3,85,14.19,1076.7,1.182,0.093,1.87,1
2024-01-01 17:43:00,DIE-001,7056,842.6,85,14.22,1077.1,1.157,0.085,1.883,1
2024-01-01 17:44:00,DIE-001,7065,843.9,85,14.34,1094.2,1.105,0.062,1.918,1
2024-01-01 17:45:00,DIE-001,7073,844.5,85,14.35,1088.8,1.053,0.056,1.963,1
2024-01-01 17:46:00,DIE-001,7084,843.3,85,14.29,1074.7,0.973,0.081,1.957,1
2024-01-01 17:47:00,DIE-001,7093,842.4,85,14.18,1098.6,1.012,0.074,1.986,1
2024-01-01 17:48:00,DIE-001,7105,842.6,85,14.15,1097.3,0.968,0.1,1.966,1
2024-01-01 17:49:00,DIE-001,7114,841.8,85,14.2,1103.9,0.91,0.122,1.959,1
2024-01-01 17:50:00,DIE-001,7123,847.8,85,14.27,1108.7,0.918,0.137,1.912,1
2024-01-01 17:51:00,DIE-001,7134,840.8,85,14.31,1117.0,0.906,0.142,1.879,1
2024-01-01 17:52:00,DIE-001,7142,844.1,85,14.21,1123.7,0.848,0.158,1.896,1
2024-01-01 17:53:00,DIE-001,7150,841.9,85,14.24,1121.4,0.768,0.148,1.911,1
2024-01-01 17:54:00,DIE-001,7161,840.5,85,14.19,1125.5,0.748,0.14,1.888,1
2024-01-01 17:55:00,DIE-001,7170,844.5,84.6,14.03,1127.8,0.768,0.138,1.878,1
2024-01-01 17:56:00,DIE-001,7179,848.7,85,13.91,1140.2,0.775,0.154,1.907,1
2024-01-01 17:57:00,DIE-001,7191,856.2,85,13.85,1130.0,0.765,0.133,1.927,1
2024-01-01 17:58:00,DIE-001,7200,848.2,84.92,13.83,1153.9,0.763,0.118,1.908,1
2024-01-01 17:59:00,DIE-001,7212,854.0,85,13.77,1166.4,0.738,0.178,1.933,1
2024-01-01 18:00:00,DIE-001,7224,860.0,85,13.63,1169.9,0.757,0.158,1.936,1
2024-01-01 18:01:00,DIE-001,7232,866.4,85,13.55,1172.7,0.794,0.163,2.047,1
2024-01-01 18:02:00,DIE-001,7240,862.2,85,13.5,1144.3,0.794,0.158,1.997,1
2024-01-01 18:03:00,DIE-001,7251,864.6,85,13.65,1128.0,0.749,0.187,1.997,1
2024-01-01 18:04:00,DIE-001,7262,868.1,85,13.74,1131.2,0.737,0.234,1.946,1
2024-01-01 18:05:00,DIE-001,7270,865.7,85,13.69,1147.6,0.717,0.251,1.931,1
2024-01-01 18:06:00,DIE-001,7278,869.4,85,13.63,1137.9,0.74,0.273,1.974,1
2024-01-01 18:07:00,DIE-001,7287,872.6,85,13.69,1116.8,0.726,0.271,1.924,1
2024-01-01 18:08:00,DIE-001,7296,872.8,84.61,13.61,1145.8,0.684,0.27,1.951,1
2024-01-01 18:09:00,DIE-001,7307,874.4,84.4,13.62,1162.7,0.728,0.259,1.918,1
2024-01-01 18:10:00,DIE-001,7317,869.8,84.8,13.56,1142.3,0.81,0.254,1.941,1
2024-01-01 18:11:00,DIE-001,7325,879.4,85,13.65,1133.3,0.907,0.266,1.957,1
2024-01-01 18:12:00,DIE-001,7334,869.2,85,13.54,1130.6,0.879,0.317,1.941,1
2024-01-01 18:13:00,DIE-001,7344,868.6,84.71,13.6,1140.2,0.882,0.353,1.949,1
2024-01-01 18:14:00,DIE-001,7356,865.4,84.67,13.53,1158.3,0.858,0.377,1.93,1
2024-01-01 18:15:00,DIE-001,7367,856.3,84.45,13.56,1168.6,0.837,0.38,1.909,1
2024-01-01 18:16:00,DIE-001,7377,864.7,84.61,13.63,1172.7,0.814,0.383,1.951,1
2024-01-01 18:17:00,DIE-001,7387,861.1,84.99,13.68,1164.2,0.73,0.387,1.934,1
2024-01-01 18:18:00,DIE-001,7395,865.3,85,13.72,1172.5,0.751,0.41,1.959,1
2024-01-01 18:19:00,DIE-001,7405,866.3,85,13.79,1190.8,0.743,0.413,1.964,1
2024-01-01 18:20:00,DIE-001,7416,867.7,84.32,13.83,1187.0,0.793,0.409,1.921,1
2024-01-01 18:21:00,DIE-001,7426,867.4,84.27,13.84,1226.6,0.754,0.399,1.913,1
2024-01-01 18:22:00,DIE-001,7438,865.8,83.66,13.82,1232.8,0.743,0.399,1.907,1
2024-01-01 18:23:00,DIE-001,7446,863.6,83.32,13.91,1226.5,0.749,0.426,1.921,1
2024-01-01 18:24:00,DIE-001,7458,855.0,83.49,13.92,1216.7,0.816,0.446,1.888,1
2024-01-01 18:25:00,DIE-001,7470,843.7,83.4,13.98,1202.4,0.787,0.474,1.903,1
2024-01-01 18:26:00,DIE-001,7481,849.6,84.31,13.92,1213.0,0.779,0.492,1.964,1
2024-01-01 18:27:00,DIE-001,7489,848.2,84.78,14.09,1212.1,0.738,0.481,1.97,1
2024-01-01 18:28:00,DIE-001,7500,847.5,84.65,14.14,1194.7,0.759,0.494,2.007,1
2024-01-01 18:29:00,DIE-001,7510,847.0,85,14.22,1195.0,0.741,0.457,2.042,1
2024-01-01 18:30:00,DIE-001,7521,849.6,85,14.06,1181.2,0.765,0.493,2.034,1
2024-01-01 18:31:00,DIE-001,7531,855.2,85,14.0,1165.6,0.749,0.494,2.034,1
2024-01-01 18:32:00,DIE-001,7541,853.0,85,13.98,1159.8,0.732,0.48,2.062,1
2024-01-01 18:33:00,DIE-001,7550,862.8,85,14.0,1120.0,0.737,0.464,2.046,1
2024-01-01 18:34:00,DIE-001,7561,853.6,84.96,13.94,1107.7,0.73,0.455,2.007,1
2024-01-01 18:35:00,DIE-001,7571,853.1,85,13.96,1094.6,0.804,0.463,2.02,1
2024-01-01 18:36:00,DIE-001,7581,848.5,85,13.99,1093.3,0.79,0.49,2.037,1
2024-01-01 18:37:00,DIE-001,7590,850.0,85,13.88,1099.9,0.82,0.475,2.09,1
2024-01-01 18:38:00,DIE-001,7600,849.0,85,13.81,1114.0,0.807,0.484,2.106,1
2024-01-01 18:39:00,DIE-001,7611,852.1,84.52,13.91,1119.5,0.831,0.446,2.105,1
2024-01-01 18:40:00,DIE-001,7623,844.9,84.31,13.81,1116.5,0.767,0.435,2.13,1
2024-01-01 18:41:00,DIE-001,7631,848.6,84.75,13.84,1130.3,0.771,0.431,2.115,1
2024-01-01 18:42:00,DIE-001,7642,853.8,84.68,13.85,1116.6,0.769,0.427,2.123,1
2024-01-01 18:43:00,DIE-001,7651,850.5,84.84,13.78,1127.2,0.878,0.396,2.147,1
2024-01-01 18:44:00,DIE-001,7659,858.1,85,13.78,1122.8,0.933,0.419,2.136,1
2024-01-01 18:45:00,DIE-001,7667,858.0,85,13.77,1122.1,0.939,0.427,2.145,1
2024-01-01 18:46:00,DIE-001,7679,861.0,85,13.8,1134.9,1.004,0.448,2.213,1
2024-01-01 18:47:00,DIE-001,7689,856.6,84.81,13.93,1138.9,0.95,0.441,2.213,1
2024-01-01 18:48:00,DIE-001,7701,857.1,84.61,13.88,1101.0,0.981,0.47,2.261,1
2024-01-01 18:49:00,DIE-001,7710,857.3,85,13.81,1078.1,0.991,0.482,2.302,1
2024-01-01 18:50:00,DIE-001,7718,859.3,85,13.77,1085.2,0.994,0.492,2.318,1
2024-01-01 18:51:00,DIE-001,7726,859.0,84.82,13.75,1077.3,1.019,0.49,2.305,1
2024-01-01 18:52:00,DIE-001,7737,862.1,85,13.7,1069.6,1.062,0.487,2.282,1
2024-01-01 18:53:00,DIE-001,7748,860.7,85,13.73,1078.9,1.024,0.482,2.265,1
2024-01-01 18:54:00,DIE-001,7759,858.4,84.93,13.61,1075.7,1.053,0.495,2.237,1
2024-01-01 18:55:00,DIE-001,7768,845.4,85,13.69,1065.0,1.099,0.505,2.236,1
2024-01-01 18:56:00,DIE-001,7779,844.8,84.96,13.67,1045.7,1.088,0.54,2.217,1
2024-01-01 18:57:00,DIE-001,7790,840.8,84.76,13.5,1063.6,1.085,0.554,2.244,1
2024-01-01 18:58:00,DIE-001,7798,840.8,85,13.47,1057.8,1.095,0.557,2.285,1
2024-01-01 18:59:00,DIE-001,7807,843.9,84.84,13.55,1069.8,1.141,0.564,2.292,1
2024-01-01 19:00:00,DIE-001,7819,844.9,84.35,13.59,1090.9,1.11,0.565,2.259,1
2024-01-01 19:01:00,DIE-001,7831,853.1,85,13.6,1121.7,1.105,0.581,2.281,1
2024-01-01 19:02:00,DIE-001,7842,851.9,85,13.65,1141.5,1.12,0.54,2.297,1
2024-01-01 19:03:00,DIE-001,7852,856.4,85,13.56,1158.9,1.159,0.524,2.259,1
2024-01-01 19:04:00,DIE-001,7864,850.1,85,13.58,1163.1,1.154,0.55,2.226,1
2024-01-01 19:05:00,DIE-001,7874,855.3,85,13.6,1190.5,1.175,0.531,2.266,1
2024-01-01 19:06:00,DIE-001,7882,856.0,84.66,13.53,1201.3,1.217,0.53,2.287,1
2024-01-01 19:07:00,DIE-001,7891,857.3,84.57,13.45,1206.0,1.209,0.524,2.313,1
2024-01-01 19:08:00,DIE-001,7899,855.9,84.76,13.4,1192.8,1.167,0.522,2.347,1
2024-01-01 19:09:00,DIE-001,7907,856.7,85,13.4,1177.7,1.2,0.525,2.334,1
2024-01-01 19:10:00,DIE-001,7916,853.6,85,13.4,1164.1,1.172,0.513,2.301,1
2024-01-01 19:11:00,DIE-001,7924,855.9,85,13.32,1163.1,1.184,0.533,2.301,1
2024-01-01 19:12:00,DIE-001,7933,847.0,84.51,13.3,1143.7,1.157,0.524,2.267,1
2024-01-01 19:13:00,DIE-001,7944,844.5,84.91,13.44,1136.4,1.129,0.532,2.237,1
2024-01-01 19:14:00,DIE-001,7956,842.5,85,13.43,1154.4,1.106,0.509,2.268,1
2024-01-01 19:15:00,DIE-001,7968,837.7,85,13.35,1163.3,1.205,0.508,2.234,1
2024-01-01 19:16:00,DIE-001,7980,841.2,84.49,13.51,1143.9,1.203,0.501,2.244,1
2024-01-01 19:17:00,DIE-001,7989,846.6,85,13.61,1138.9,1.244,0.486,2.296,1
2024-01-01 19:18:00,DIE-001,7997,840.1,84.65,13.6,1151.2,1.276,0.511,2.298,1
2024-01-01 19:19:00,DIE-001,8006,843.8,84.97,13.66,1159.0,1.237,0.491,2.286,1
2024-01-01 19:20:00,DIE-001,8014,845.0,85,13.8,1163.8,1.228,0.516,2.28,1
2024-01-01 19:21:00,DIE-001,8025,843.8,85,13.77,1174.2,1.207,0.514,2.291,1
2024-01-01 19:22:00,DIE-001,8036,849.8,84.86,13.83,1164.3,1.248,0.482,2.294,1
2024-01-01 19:23:00,DIE-001,8048,856.2,85,13.79,1181.8,1.162,0.496,2.285,1
2024-01-01 19:24:00,DIE-001,8056,856.4,85,13.82,1169.2,1.128,0.486,2.284,1
2024-01-01 19:25:00,DIE-001,8067,852.8,85,13.85,1171.9,1.159,0.452,2.317,1
2024-01-01 19:26:00,DIE-001,8075,847.9,85,13.92,1167.7,1.105,0.466,2.377,1
2024-01-01 19:27:00,DIE-001,8084,845.6,84.81,14.02,1169.1,1.098,0.493,2.369,1
2024-01-01 19:28:00,DIE-001,8092,842.4,84.37,14.02,1188.1,1.061,0.54,2.333,1
2024-01-01 19:29:00,DIE-001,8100,849.3,84.31,14.01,1186.3,1.063,0.584,2.316,1
2024-01-01 19:30:00,DIE-001,8110,845.6,85,14.01,1173.7,1.078,0.575,2.292,1
2024-01-01 19:31:00,DIE-001,8121,847.3,85,13.95,1196.6,1.111,0.542,2.294,1
2024-01-01 19:32:00,DIE-001,8131,845.2,84.42,14.01,1171.3,1.096,0.52,2.27,1
2024-01-01 19:33:00,DIE-001,8143,850.6,84.61,13.93,1176.1,1.098,0.502,2.237,1
2024-01-01 19:34:00,DIE-001,8152,854.0,84.84,13.89,1194.5,1.122,0.512,2.225,1
2024-01-01 19:35:00,DIE-001,8161,845.6,85,13.79,1198.0,1.088,0.48,2.232,1
2024-01-01 19:36:00,DIE-001,8171,848.7,85,13.76,1208.8,1.121,0.489,2.209,1
2024-01-01 19:37:00,DIE-001,8183,851.8,85,13.95,1228.0,1.094,0.459,2.162,1
2024-01-01 19:38:00,DIE-001,8194,854.2,85,13.99,1241.2,1.066,0.465,2.187,1
2024-01-01 19:39:00,DIE-001,8206,856.8,85,14.08,1210.3,1.102,0.437,2.2,1
2024-01-01 19:40:00,DIE-001,8214,857.3,85,14.22,1201.1,1.095,0.47,2.176,1
2024-01-01 19:41:00,DIE-001,8223,860.9,84.17,14.06,1196.5,1.154,0.452,2.191,1
2024-01-01 19:42:00,DIE-001,8232,874.4,84.58,14.07,1212.9,1.154,0.478,2.184,1
2024-01-01 19:43:00,DIE-001,8243,872.7,85,14.12,1204.9,1.097,0.471,2.138,1
2024-01-01 19:44:00,DIE-001,8255,872.6,85,14.19,1209.7,1.106,0.515,2.209,1
2024-01-01 19:45:00,DIE-001,8267,872.3,85,14.05,1227.5,1.107,0.474,2.265,1
2024-01-01 19:46:00,DIE-001,8277,879.4,85,14.1,1229.9,1.13,0.495,2.247,1
2024-01-01 19:47:00,DIE-001,8285,884.2,85,14.19,1234.6,1.145,0.505,2.251,1
2024-01-01 19:48:00,DIE-001,8295,884.1,84.31,14.15,1264.7,1.094,0.483,2.249,1
2024-01-01 19:49:00,DIE-001,8304,888.4,84.01,14.39,1265.4,1.071,0.5,2.214,1
2024-01-01 19:50:00,DIE-001,8315,891.0,84.31,14.39,1269.4,1.067,0.532,2.124,1
2024-01-01 19:51:00,DIE-001,8326,897.4,84.9,14.41,1265.0,1.022,0.493,2.126,1
2024-01-01 19:52:00,DIE-001,8335,899.0,85,14.45,1258.0,1.046,0.514,2.117,1
2024-01-01 19:53:00,DIE-001,8347,909.4,85,14.72,1283.6,1.048,0.533,2.179,1
2024-01-01 19:54:00,DIE-001,8356,910.3,84.62,14.73,1281.4,1.022,0.505,2.147,1
2024-01-01 19:55:00,DIE-001,8364,914.4,84.97,14.7,1306.1,1.059,0.493,2.119,1
2024-01-01 19:56:00,DIE-001,8374,913.9,85,14.81,1301.9,1.093,0.488,2.114,1
2024-01-01 19:57:00,DIE-001,8386,905.8,85,14.93,1305.8,1.062,0.498,2.066,1
2024-01-01 19:58:00,DIE-001,8398,910.5,85,14.89,1311.4,1.14,0.489,2.116,1
2024-01-01 19:59:00,DIE-001,8407,915.7,84.91,14.94,1289.0,1.061,0.499,2.137,1
2024-01-01 20:00:00,DIE-001,8418,914.7,84.17,15.03,1277.4,1.049,0.506,2.123,1
2024-01-01 20:01:00,DIE-001,8429,917.2,84.66,14.97,1262.8,1.033,0.507,2.069,1
2024-01-01 20:02:00,DIE-001,8441,919.9,85,15.05,1272.8,1.092,0.502,2.04,1
2024-01-01 20:03:00,DIE-001,8452,913.6,84.58,15.03,1287.3,1.115,0.534,2.066,1
2024-01-01 20:04:00,DIE-001,8462,915.2,84.91,15.15,1270.8,1.082,0.531,2.077,1
2024-01-01 20:05:00,DIE-001,8470,915.8,84.58,15.15,1256.5,1.105,0.524,2.023,1
2024-01-01 20:06:00,DIE-001,8480,915.7,84.9,15.11,1256.3,1.092,0.514,2.036,1
2024-01-01 20:07:00,DIE-001,8488,920.2,84.51,15.17,1246.9,1.151,0.515,2.003,1
2024-01-01 20:08:00,DIE-001,8498,914.2,85,15.19,1237.3,1.251,0.542,2.0,1
2024-01-01 20:09:00,DIE-001,8509,921.6,85,15.19,1244.2,1.267,0.511,2.007,1
2024-01-01 20:10:00,DIE-001,8521,921.0,84.82,15.23,1225.0,1.23,0.463,1.982,1
2024-01-01 20:11:00,DIE-001,8529,912.9,85,15.24,1227.1,1.235,0.502,1.971,1
2024-01-01 20:12:00,DIE-001,8538,910.2,85,15.25,1255.8,1.266,0.483,2.015,1
2024-01-01 20:13:00,DIE-001,8547,914.6,85,15.25,1260.2,1.286,0.468,1.942,1
2024-01-01 20:14:00,DIE-001,8558,920.0,85,15.25,1272.7,1.305,0.45,1.935,1
2024-01-01 20:15:00,DIE-001,8569,922.0,85,15.23,1271.1,1.251,0.435,1.926,1
2024-01-01 20:16:00,DIE-001,8580,917.2,85,15.2,1236.4,1.318,0.412,1.927,1
2024-01-01 20:17:00,DIE-001,8588,918.9,84.85,15.24,1265.6,1.351,0.392,1.944,1
2024-01-01 20:18:00,DIE-001,8599,913.8,84.6,15.16,1270.8,1.385,0.42,1.913,1
2024-01-01 20:19:00,DIE-001,8611,914.8,84.92,15.33,1259.9,1.431,0.436,1.876,1
2024-01-01 20:20:00,DIE-001,8620,920.7,84.64,15.26,1269.8,1.485,0.425,1.854,1
2024-01-01 20:21:00,DIE-001,8629,925.1,84.56,15.22,1269.7,1.426,0.435,1.869,1
2024-01-01 20:22:00,DIE-001,8641,916.2,84.75,15.31,1263.6,1.43,0.46,1.897,1
2024-01-01 20:23:00,DIE-001,8651,916.2,84.75,15.34,1278.6,1.356,0.467,1.899,1
2024-01-01 20:24:00,DIE-001,8662,918.9,85,15.26,1272.0,1.426,0.466,1.906,1
2024-01-01 20:25:00,DIE-001,8674,910.4,85,15.3,1265.4,1.381,0.45,1.865,1
2024-01-01 20:26:00,DIE-001,8685,914.3,84.18,15.31,1224.7,1.392,0.424,1.873,1
2024-01-01 20:27:00,DIE-001,8697,912.5,84.51,15.32,1203.9,1.333,0.433,1.864,1
2024-01-01 20:28:00,DIE-001,8707,910.3,84.01,15.16,1204.2,1.354,0.449,1.87,1
2024-01-01 20:29:00,DIE-001,8716,907.9,83.78,15.19,1205.6,1.325,0.456,1.845,1
2024-01-01 20:30:00,DIE-001,8728,909.8,84.21,15.17,1190.4,1.304,0.445,1.846,1
2024-01-01 20:31:00,DIE-001,8737,903.7,84.63,15.24,1218.3,1.262,0.468,1.835,1
2024-01-01 20:32:00,DIE-001,8747,908.7,84.64,15.25,1194.6,1.247,0.467,1.819,1
2024-01-01 20:33:00,DIE-001,8756,913.0,84.43,15.28,1227.7,1.268,0.482,1.851,1
2024-01-01 20:34:00,DIE-001,8768,918.2,84.51,15.38,1212.3,1.312,0.459,1.84,1
2024-01-01 20:35:00,DIE-001,8778,922.4,85,15.31,1221.5,1.345,0.434,1.791,1
2024-01-01 20:36:00,DIE-001,8790,924.1,84.59,15.26,1191.9,1.353,0.414,1.799,1
2024-01-01 20:37:00,DIE-001,8798,928.2,84.35,15.24,1185.9,1.272,0.389,1.794,1
2024-01-01 20:38:00,DIE-001,8807,933.4,84.79,15.11,1182.5,1.277,0.393,1.806,1
2024-01-01 20:39:00,DIE-001,8816,927.0,85,15.05,1166.8,1.299,0.389,1.749,1
2024-01-01 20:40:00,DIE-001,8826,923.8,84.89,15.16,1173.2,1.323,0.4,1.746,1
2024-01-01 20:41:00,DIE-001,8835,918.3,85,14.93,1144.0,1.289,0.383,1.719,1
2024-01-01 20:42:00,DIE-001,8847,918.7,85,14.86,1120.2,1.269,0.378,1.684,1
2024-01-01 20:43:00,DIE-001,8855,924.4,84.9,14.95,1126.4,1.235,0.404,1.711,1
2024-01-01 20:44:00,DIE-001,8866,926.0,85,15.02,1115.4,1.199,0.411,1.672,1
2024-01-01 20:45:00,DIE-001,8878,924.9,85,14.86,1097.0,1.171,0.441,1.671,1
2024-01-01 20:46:00,DIE-001,8889,924.3,84.74,14.91,1112.2,1.126,0.443,1.706,1
2024-01-01 20:47:00,DIE-001,8901,923.1,85,14.95,1087.7,1.137,0.461,1.696,1
2024-01-01 20:48:00,DIE-001,8909,919.0,84.91,15.03,1101.2,1.16,0.464,1.632,1
2024-01-01 20:49:00,DIE-001,8919,930.0,85,15.04,1117.5,1.215,0.423,1.666,1
2024-01-01 20:50:00,DIE-001,8929,932.7,84.97,15.08,1101.8,1.241,0.436,1.687,1
2024-01-01 20:51:00,DIE-001,8941,928.9,84.97,15.16,1094.1,1.274,0.455,1.638,1
2024-01-01 20:52:00,DIE-001,8950,929.4,84.65,15.08,1098.1,1.198,0.467,1.614,1
2024-01-01 20:53:00,DIE-001,8962,937.4,84.55,15.11,1083.3,1.229,0.508,1.597,1
2024-01-01 20:54:00,DIE-001,8972,931.3,84.07,15.08,1064.4,1.247,0.478,1.583,1
2024-01-01 20:55:00,DIE-001,8984,930.3,85,15.18,1040.1,1.229,0.501,1.573,1
2024-01-01 20:56:00,DIE-001,8995,929.3,85,15.13,1024.6,1.26,0.498,1.589,1
2024-01-01 20:57:00,DIE-001,9007,938.4,84.47,15.18,1012.7,1.235,0.536,1.605,1
2024-01-01 20:58:00,DIE-001,9015,936.7,84.84,15.28,1015.4,1.222,0.542,1.643,1
2024-01-01 20:59:00,DIE-001,9025,935.9,85,15.33,1026.3,1.24,0.532,1.653,1
2024-01-01 21:00:00,DIE-001,9037,939.0,85,15.31,1014.0,1.259,0.538,1.671,1
2024-01-01 21:01:00,DIE-001,9045,936.6,85,15.33,1005.0,1.242,0.514,1.669,1
2024-01-01 21:02:00,DIE-001,9053,936.0,85,15.3,1003.2,1.297,0.519,1.674,1
2024-01-01 21:03:00,DIE-001,9065,935.5,85,15.27,1003.6,1.348,0.523,1.649,1
2024-01-01 21:04:00,DIE-001,9076,926.4,85,15.13,1003.5,1.38,0.543,1.66,1
2024-01-01 21:05:00,DIE-001,9087,929.7,85,15.11,1030.0,1.399,0.57,1.65,1
2024-01-01 21:06:00,DIE-001,9096,941.3,85,15.0,1032.3,1.419,0.553,1.625,1
2024-01-01 21:07:00,DIE-001,9108,947.0,85,14.95,1042.1,1.461,0.561,1.63,1
2024-01-01 21:08:00,DIE-001,9116,950.9,84.52,15.11,1041.9,1.473,0.584,1.65,1
2024-01-01 21:09:00,DIE-001,9126,941.1,83.86,14.94,1038.7,1.442,0.575,1.628,1
2024-01-01 21:10:00,DIE-001,9135,934.5,84.07,15.07,1041.0,1.441,0.574,1.564,1
2024-01-01 21:11:00,DIE-001,9144,936.1,83.42,15.16,1033.7,1.376,0.54,1.551,1
2024-01-01 21:12:00,DIE-001,9152,925.9,83.3,15.19,1018.8,1.452,0.577,1.522,1
2024-01-01 21:13:00,DIE-001,9163,930.6,83.68,15.31,1018.1,1.447,0.531,1.539,1
2024-01-01 21:14:00,DIE-001,9174,938.8,83.79,15.32,995.5,1.44,0.519,1.556,1
2024-01-01 21:15:00,DIE-001,9183,932.4,83.92,15.41,987.6,1.465,0.545,1.529,1
2024-01-01 21:16:00,DIE-001,9192,946.8,84.05,15.39,982.0,1.457,0.568,1.538,1
2024-01-01 21:17:00,DIE-001,9204,949.7,83.87,15.29,991.0,1.505,0.568,1.523,1
2024-01-01 21:18:00,DIE-001,9216,956.1,83.3,15.28,979.1,1.51,0.564,1.567,1
2024-01-01 21:19:00,DIE-001,9228,954.6,83.37,15.39,945.2,1.536,0.534,1.512,1
2024-01-01 21:20:00,DIE-001,9236,957.3,83.16,15.43,932.5,1.571,0.55,1.475,1
2024-01-01 21:21:00,DIE-001,9244,957.5,83.45,15.39,929.8,1.612,0.549,1.476,1
2024-01-01 21:22:00,DIE-001,9253,952.3,84.24,15.48,887.1,1.622,0.579,1.541,1
2024-01-01 21:23:00,DIE-001,9262,949.3,84.5,15.54,882.3,1.609,0.543,1.548,1
2024-01-01 21:24:00,DIE-001,9274,952.8,83.68,15.57,872.8,1.509,0.551,1.575,1
2024-01-01 21:25:00,DIE-001,9286,944.7,84.02,15.39,876.2,1.454,0.554,1.533,1
2024-01-01 21:26:00,DIE-001,9298,954.3,84.86,15.45,868.9,1.502,0.534,1.536,1
2024-01-01 21:27:00,DIE-001,9309,952.5,85,15.49,862.5,1.51,0.54,1.539,1
2024-01-01 21:28:00,DIE-001,9320,946.9,85,15.36,878.4,1.523,0.513,1.507,1
2024-01-01 21:29:00,DIE-001,9331,948.5,85,15.28,859.6,1.602,0.517,1.475,1
2024-01-01 21:30:00,DIE-001,9341,946.5,84.98,15.41,861.4,1.538,0.496,1.487,1
2024-01-01 21:31:00,DIE-001,9353,945.0,85,15.49,858.8,1.495,0.498,1.541,1
2024-01-01 21:32:00,DIE-001,9361,949.6,85,15.37,857.0,1.462,0.518,1.525,1
2024-01-01 21:33:00,DIE-001,9372,948.9,84.95,15.44,855.7,1.466,0.493,1.501,1
2024-01-01 21:34:00,DIE-001,9380,949.6,85,15.42,853.9,1.405,0.538,1.489,1
2024-01-01 21:35:00,DIE-001,9388,947.0,84.75,15.52,839.4,1.299,0.524,1.473,1
2024-01-01 21:36:00,DIE-001,9400,942.9,84.69,15.49,852.2,1.363,0.549,1.503,1
2024-01-01 21:37:00,DIE-001,9408,939.8,84.37,15.4,842.0,1.369,0.515,1.509,1
2024-01-01 21:38:00,DIE-001,9418,941.5,84.08,15.28,858.5,1.375,0.515,1.485,1
2024-01-01 21:39:00,DIE-001,9427,946.4,84.1,15.33,836.5,1.34,0.52,1.487,1
2024-01-01 21:40:00,DIE-001,9436,945.7,84.45,15.33,845.8,1.357,0.507,1.493,1
2024-01-01 21:41:00,DIE-001,9446,948.6,84.6,15.32,839.3,1.322,0.51,1.479,1
2024-01-01 21:42:00,DIE-001,9455,947.4,84.95,15.36,818.8,1.424,0.49,1.541,1
2024-01-01 21:43:00,DIE-001,9463,947.2,85,15.47,825.4,1.443,0.46,1.531,1
2024-01-01 21:44:00,DIE-001,9473,936.1,84.43,15.47,830.0,1.424,0.451,1.48,1
2024-01-01 21:45:00,DIE-001,9483,934.1,84.52,15.59,828.6,1.445,0.424,1.478,1
2024-01-01 21:46:00,DIE-001,9494,934.6,84.76,15.47,832.6,1.488,0.434,1.478,1
2024-01-01 21:47:00,DIE-001,9506,927.4,84.5,15.54,842.9,1.545,0.411,1.473,1
2024-01-01 21:48:00,DIE-001,9517,920.9,84.66,15.45,822.6,1.529,0.4,1.499,1
2024-01-01 21:49:00,DIE-001,9526,917.6,84.47,15.49,837.6,1.496,0.418,1.487,1
2024-01-01 21:50:00,DIE-001,9538,924.8,84.89,15.46,855.0,1.497,0.424,1.46,1
2024-01-01 21:51:00,DIE-001,9549,924.4,84.56,15.48,859.4,1.464,0.414,1.473,1
2024-01-01 21:52:00,DIE-001,9558,924.2,84.8,15.53,852.1,1.414,0.414,1.494,1
2024-01-01 21:53:00,DIE-001,9567,926.1,85,15.55,861.9,1.42,0.42,1.519,1
2024-01-01 21:54:00,DIE-001,9577,925.9,84.39,15.58,853.8,1.403,0.413,1.549,1
2024-01-01 21:55:00,DIE-001,9589,919.6,84.52,15.57,845.3,1.474,0.418,1.519,1
2024-01-01 21:56:00,DIE-001,9600,923.3,83.99,15.69,846.9,1.572,0.414,1.533,1
2024-01-01 21:57:00,DIE-001,9609,920.6,83.59,15.71,852.6,1.506,0.41,1.5,1
2024-01-01 21:58:00,DIE-001,9617,919.3,83.91,15.72,829.5,1.517,0.432,1.473,1
2024-01-01 21:59:00,DIE-001,9629,917.6,84.22,15.67,828.2,1.47,0.422,1.449,1
2024-01-01 22:00:00,DIE-001,9638,910.9,84.52,15.56,843.0,1.436,0.417,1.501,1
2024-01-01 22:01:00,DIE-001,9647,912.2,85,15.72,832.8,1.485,0.396,1.477,1
2024-01-01 22:02:00,DIE-001,9658,915.6,84.97,15.64,844.6,1.492,0.404,1.447,1
2024-01-01 22:03:00,DIE-001,9668,913.3,85,15.67,841.0,1.489,0.396,1.415,1
2024-01-01 22:04:00,DIE-001,9677,916.7,85,15.62,847.7,1.477,0.419,1.387,1
2024-01-01 22:05:00,DIE-001,9685,918.1,85,15.76,840.2,1.489,0.438,1.411,1
2024-01-01 22:06:00,DIE-001,9696,917.9,84.6,15.81,834.4,1.513,0.426,1.429,1
2024-01-01 22:07:00,DIE-001,9705,911.1,83.85,15.69,819.3,1.488,0.419,1.407,1
2024-01-01 22:08:00,DIE-001,9713,916.5,83.83,15.74,801.1,1.489,0.437,1.376,1
2024-01-01 22:09:00,DIE-001,9724,914.1,83.25,15.68,800,1.569,0.407,1.388,1
2024-01-01 22:10:00,DIE-001,9734,906.9,83.72,15.73,800,1.593,0.432,1.361,1
2024-01-01 22:11:00,DIE-001,9743,908.9,83.66,15.7,800,1.581,0.441,1.35,1
2024-01-01 22:12:00,DIE-001,9755,906.0,84.52,15.66,800,1.591,0.464,1.388,1
2024-01-01 22:13:00,DIE-001,9765,905.7,84.69,15.67,801.4,1.556,0.45,1.395,1
2024-01-01 22:14:00,DIE-001,9777,906.8,84.71,15.6,800,1.52,0.454,1.379,1
2024-01-01 22:15:00,DIE-001,9785,908.8,84.91,15.6,811.6,1.502,0.454,1.344,1
2024-01-01 22:16:00,DIE-001,9793,915.1,85,15.58,800,1.47,0.457,1.374,1
2024-01-01 22:17:00,DIE-001,9805,923.2,85,15.62,800,1.462,0.487,1.398,1
2024-01-01 22:18:00,DIE-001,9815,925.9,85,15.62,803.9,1.449,0.474,1.38,1
2024-01-01 22:19:00,DIE-001,9827,916.9,84.6,15.53,815.8,1.425,0.472,1.389,1
2024-01-01 22:20:00,DIE-001,9835,921.6,84.72,15.54,826.6,1.448,0.465,1.396,1
2024-01-01 22:21:00,DIE-001,9843,921.7,84.58,15.59,821.5,1.423,0.491,1.36,1
2024-01-01 22:22:00,DIE-001,9852,921.5,84.46,15.44,819.3,1.398,0.516,1.31,1
2024-01-01 22:23:00,DIE-001,9863,913.2,84.65,15.43,822.5,1.435,0.526,1.337,1
2024-01-01 22:24:00,DIE-001,9873,916.7,84.67,15.45,844.1,1.425,0.553,1.397,1
2024-01-01 22:25:00,DIE-001,9884,919.5,84.5,15.55,851.0,1.423,0.494,1.377,1
2024-01-01 22:26:00,DIE-001,9896,925.5,85,15.37,826.1,1.403,0.465,1.422,1
2024-01-01 22:27:00,DIE-001,9906,924.2,85,15.49,810.3,1.301,0.461,1.412,1
2024-01-01 22:28:00,DIE-001,9914,919.0,84.67,15.4,824.8,1.307,0.488,1.434,1
2024-01-01 22:29:00,DIE-001,9926,918.8,84.68,15.36,826.1,1.349,0.488,1.446,1
2024-01-01 22:30:00,DIE-001,9935,915.8,84.92,15.39,834.4,1.437,0.499,1.387,1
2024-01-01 22:31:00,DIE-001,9945,908.8,85,15.45,835.4,1.426,0.504,1.357,1
2024-01-01 22:32:00,DIE-001,9955,908.8,84.71,15.44,821.7,1.429,0.511,1.435,1
2024-01-01 22:33:00,DIE-001,9964,901.4,84.41,15.39,814.6,1.468,0.551,1.437,1
2024-01-01 22:34:00,DIE-001,9972,903.0,84.37,15.58,812.9,1.486,0.56,1.386,1
2024-01-01 22:35:00,DIE-001,9981,900.3,84.38,15.61,810.8,1.452,0.557,1.364,1
2024-01-01 22:36:00,DIE-001,9990,897.0,84.17,15.42,800,1.476,0.595,1.291,1
2024-01-01 22:37:00,DIE-001,10000,898.4,83.98,15.45,800,1.493,0.592,1.241,1
2024-01-01 22:38:00,DIE-001,10011,903.3,84.03,15.54,800,1.54,0.579,1.268,1
2024-01-01 22:39:00,DIE-001,10021,909.9,83.78,15.58,800,1.59,0.561,1.272,1
2024-01-01 06:00:00,DIE-002,11,853.7,45.84,12.16,1200.8,0.795,-0.019,2.474,0
2024-01-01 06:01:00,DIE-002,22,856.6,46.22,12.14,1179.4,0.799,-0.037,2.458,0
2024-01-01 06:02:00,DIE-002,30,859.2,46.21,12.19,1175.7,0.807,-0.087,2.465,0
2024-01-01 06:03:00,DIE-002,40,851.0,45.75,12.18,1166.9,0.75,-0.113,2.409,0
2024-01-01 06:04:00,DIE-002,49,851.0,45.85,12.23,1147.4,0.722,-0.141,2.395,0
2024-01-01 06:05:00,DIE-002,60,847.9,46.07,12.21,1147.7,0.775,-0.147,2.38,0
2024-01-01 06:06:00,DIE-002,68,848.9,45.49,12.28,1140.2,0.701,-0.169,2.36,0
2024-01-01 06:07:00,DIE-002,79,848.5,45.71,12.35,1133.9,0.657,-0.21,2.347,0
2024-01-01 06:08:00,DIE-002,91,846.7,46.09,12.45,1116.9,0.705,-0.195,2.352,0
2024-01-01 06:09:00,DIE-002,100,842.1,46.06,12.5,1116.7,0.643,-0.183,2.353,0
2024-01-01 06:10:00,DIE-002,111,844.0,46.06,12.47,1099.4,0.607,-0.21,2.367,0
2024-01-01 06:11:00,DIE-002,120,848.3,46.14,12.52,1115.0,0.593,-0.205,2.349,0
2024-01-01 06:12:00,DIE-002,128,848.3,45.41,12.6,1154.9,0.623,-0.22,2.361,0
2024-01-01 06:13:00,DIE-002,137,847.0,45.56,12.61,1158.8,0.633,-0.206,2.365,0
2024-01-01 06:14:00,DIE-002,148,846.0,45.4,12.74,1168.2,0.686,-0.205,2.379,0
2024-01-01 06:15:00,DIE-002,160,845.8,45.5,12.66,1130.1,0.673,-0.207,2.413,0
2024-01-01 06:16:00,DIE-002,170,842.2,45.28,12.63,1117.6,0.661,-0.193,2.394,0
2024-01-01 06:17:00,DIE-002,182,846.1,45.63,12.66,1114.3,0.677,-0.223,2.406,0
2024-01-01 06:18:00,DIE-002,191,848.6,45.66,12.47,1107.2,0.677,-0.238,2.363,0
2024-01-01 06:19:00,DIE-002,202,850.9,45.08,12.45,1128.6,0.679,-0.222,2.353,0
2024-01-01 06:20:00,DIE-002,212,860.1,44.32,12.44,1106.1,0.683,-0.199,2.35,0
2024-01-01 06:21:00,DIE-002,222,851.2,43.49,12.52,1146.2,0.634,-0.172,2.299,0
2024-01-01 06:22:00,DIE-002,233,850.3,43.74,12.58,1160.4,0.563,-0.189,2.283,0
2024-01-01 06:23:00,DIE-002,241,850.3,43.56,12.7,1131.3,0.538,-0.178,2.311,0
2024-01-01 06:24:00,DIE-002,249,844.1,43.61,12.7,1140.4,0.596,-0.189,2.386,0
2024-01-01 06:25:00,DIE-002,257,853.8,44.1,12.86,1161.4,0.557,-0.186,2.409,0
2024-01-01 06:26:00,DIE-002,268,860.9,43.92,12.76,1132.1,0.526,-0.204,2.417,0
2024-01-01 06:27:00,DIE-002,277,856.6,44.54,12.71,1114.7,0.492,-0.226,2.45,0
2024-01-01 06:28:00,DIE-002,288,851.6,43.97,12.79,1111.3,0.495,-0.211,2.446,0
2024-01-01 06:29:00,DIE-002,298,854.0,43.91,12.6,1111.1,0.476,-0.237,2.49,0
2024-01-01 06:30:00,DIE-002,309,853.7,43.9,12.7,1118.1,0.54,-0.283,2.478,0
2024-01-01 06:31:00,DIE-002,318,858.0,43.36,12.68,1120.7,0.579,-0.305,2.47,0
2024-01-01 06:32:00,DIE-002,327,859.7,43.05,12.71,1142.9,0.599,-0.292,2.469,0
2024-01-01 06:33:00,DIE-002,335,850.0,42.78,12.67,1150.6,0.598,-0.26,2.468,0
2024-01-01 06:34:00,DIE-002,346,847.6,42.57,12.61,1188.4,0.666,-0.247,2.495,0
2024-01-01 06:35:00,DIE-002,355,854.1,42.53,12.59,1194.6,0.647,-0.267,2.497,0
2024-01-01 06:36:00,DIE-002,364,860.4,42.5,12.52,1213.9,0.714,-0.269,2.469,0
2024-01-01 06:37:00,DIE-002,374,864.3,42.32,12.7,1208.2,0.666,-0.255,2.484,0
2024-01-01 06:38:00,DIE-002,386,865.4,42.22,12.76,1203.1,0.636,-0.276,2.452,0
2024-01-01 06:39:00,DIE-002,395,867.5,42.4,12.9,1210.4,0.691,-0.302,2.497,0
2024-01-01 06:40:00,DIE-002,403,861.0,41.32,13.02,1239.8,0.622,-0.285,2.509,0
2024-01-01 06:41:00,DIE-002,414,860.0,41.38,13.04,1261.4,0.615,-0.329,2.465,0
2024-01-01 06:42:00,DIE-002,425,860.0,41.58,12.99,1269.1,0.595,-0.336,2.463,0
2024-01-01 06:43:00,DIE-002,433,851.4,41.72,12.83,1262.0,0.569,-0.347,2.44,0
2024-01-01 06:44:00,DIE-002,441,853.3,41.86,12.72,1236.6,0.577,-0.321,2.474,0
2024-01-01 06:45:00,DIE-002,449,852.8,41.93,12.67,1215.1,0.583,-0.344,2.49,0
2024-01-01 06:46:00,DIE-002,457,849.2,42.49,12.74,1200.9,0.531,-0.327,2.446,0
2024-01-01 06:47:00,DIE-002,469,854.9,42.01,12.75,1180.5,0.499,-0.324,2.431,0
2024-01-01 06:48:00,DIE-002,478,865.4,41.82,12.79,1198.8,0.521,-0.301,2.436,0
2024-01-01 06:49:00,DIE-002,487,862.9,41.31,12.74,1208.7,0.537,-0.301,2.424,0
2024-01-01 06:50:00,DIE-002,495,858.2,41.29,12.66,1204.3,0.538,-0.301,2.401,0
2024-01-01 06:51:00,DIE-002,507,869.7,41.57,12.62,1196.3,0.533,-0.319,2.402,0
2024-01-01 06:52:00,DIE-002,517,865.0,41.27,12.58,1175.8,0.543,-0.317,2.44,0
2024-01-01 06:53:00,DIE-002,526,872.6,41.79,12.55,1178.8,0.58,-0.298,2.47,0
2024-01-01 06:54:00,DIE-002,534,868.9,41.7,12.52,1171.6,0.488,-0.285,2.438,0
2024-01-01 06:55:00,DIE-002,543,858.3,41.55,12.51,1166.3,0.357,-0.289,2.42,0
2024-01-01 06:56:00,DIE-002,553,851.6,41.32,12.46,1165.6,0.372,-0.305,2.427,0
2024-01-01 06:57:00,DIE-002,565,846.9,41.33,12.53,1143.3,0.36,-0.32,2.441,0
2024-01-01 06:58:00,DIE-002,573,844.0,41.6,12.5,1173.2,0.361,-0.317,2.385,0
2024-01-01 06:59:00,DIE-002,584,853.2,42.27,12.46,1186.3,0.396,-0.298,2.357,0
2024-01-01 07:00:00,DIE-002,595,857.0,42.56,12.4,1180.9,0.393,-0.289,2.382,0
2024-01-01 07:01:00,DIE-002,606,858.3,42.94,12.53,1169.4,0.33,-0.328,2.362,0
2024-01-01 07:02:00,DIE-002,617,855.7,43.05,12.63,1170.4,0.341,-0.319,2.326,0
2024-01-01 07:03:00,DIE-002,625,861.3,43.63,12.57,1152.6,0.392,-0.329,2.298,0
2024-01-01 07:04:00,DIE-002,636,867.3,44.77,12.6,1135.7,0.385,-0.308,2.356,0
2024-01-01 07:05:00,DIE-002,645,863.6,44.58,12.75,1150.2,0.372,-0.311,2.368,0
2024-01-01 07:06:00,DIE-002,653,866.9,44.8,12.84,1161.1,0.4,-0.303,2.417,0
2024-01-01 07:07:00,DIE-002,661,863.0,45.28,12.82,1136.8,0.397,-0.327,2.422,0
2024-01-01 07:08:00,DIE-002,673,861.3,44.98,12.69,1114.8,0.395,-0.358,2.407,0
2024-01-01 07:09:00,DIE-002,682,853.4,45.64,12.68,1164.4,0.323,-0.33,2.392,0
2024-01-01 07:10:00,DIE-002,690,843.3,45.07,12.61,1136.8,0.295,-0.332,2.443,0
2024-01-01 07:11:00,DIE-002,702,847.6,45.07,12.63,1127.7,0.295,-0.314,2.438,0
2024-01-01 07:12:00,DIE-002,711,852.4,44.47,12.67,1118.0,0.264,-0.312,2.48,0
2024-01-01 07:13:00,DIE-002,722,852.5,44.62,12.74,1137.6,0.241,-0.31,2.473,0
2024-01-01 07:14:00,DIE-002,733,860.1,44.21,12.75,1138.2,0.208,-0.306,2.495,0
2024-01-01 07:15:00,DIE-002,742,863.0,44.25,12.75,1129.2,0.219,-0.348,2.483,0
2024-01-01 07:16:00,DIE-002,753,867.1,44.65,12.82,1147.4,0.225,-0.328,2.474,0
2024-01-01 07:17:00,DIE-002,762,872.2,44.42,12.8,1169.2,0.221,-0.338,2.48,0
2024-01-01 07:18:00,DIE-002,773,882.5,44.53,12.79,1162.2,0.217,-0.328,2.456,0
2024-01-01 07:19:00,DIE-002,781,884.7,44.75,12.84,1140.2,0.224,-0.33,2.487,0
2024-01-01 07:20:00,DIE-002,793,877.1,44.84,12.93,1158.2,0.232,-0.35,2.48,0
2024-01-01 07:21:00,DIE-002,804,869.0,45.6,13.08,1160.2,0.212,-0.351,2.484,0
2024-01-01 07:22:00,DIE-002,813,877.9,45.92,12.98,1168.9,0.258,-0.35,2.481,0
2024-01-01 07:23:00,DIE-002,824,879.9,46.0,13.03,1157.5,0.255,-0.346,2.422,0
2024-01-01 07:24:00,DIE-002,833,877.2,45.71,12.89,1161.8,0.307,-0.326,2.407,0
2024-01-01 07:25:00,DIE-002,845,875.2,45.64,12.86,1172.9,0.335,-0.328,2.426,0
2024-01-01 07:26:00,DIE-002,854,869.0,45.96,12.88,1175.5,0.306,-0.319,2.412,0
2024-01-01 07:27:00,DIE-002,864,866.3,45.91,12.89,1171.1,0.312,-0.304,2.43,0
2024-01-01 07:28:00,DIE-002,874,865.4,45.7,12.93,1165.3,0.371,-0.304,2.419,0
2024-01-01 07:29:00,DIE-002,884,869.1,45.93,12.91,1179.8,0.46,-0.315,2.439,0
2024-01-01 07:30:00,DIE-002,892,865.4,45.48,12.92,1172.0,0.414,-0.287,2.437,0
2024-01-01 07:31:00,DIE-002,904,858.7,45.16,13.0,1175.6,0.452,-0.279,2.426,0
2024-01-01 07:32:00,DIE-002,916,863.5,45.6,13.1,1164.2,0.475,-0.25,2.437,0
2024-01-01 07:33:00,DIE-002,928,862.7,45.43,13.05,1139.1,0.486,-0.262,2.433,0
2024-01-01 07:34:00,DIE-002,937,864.9,45.98,13.05,1169.8,0.538,-0.296,2.496,0
2024-01-01 07:35:00,DIE-002,948,863.3,45.92,13.02,1154.0,0.556,-0.345,2.485,0
2024-01-01 07:36:00,DIE-002,956,865.3,46.28,13.09,1151.5,0.57,-0.347,2.505,0
2024-01-01 07:37:00,DIE-002,967,864.7,45.86,13.09,1145.6,0.568,-0.369,2.518,0
2024-01-01 07:38:00,DIE-002,979,865.6,45.54,13.08,1155.0,0.583,-0.357,2.498,0
2024-01-01 07:39:00,DIE-002,991,855.9,45.02,13.12,1142.5,0.578,-0.351,2.544,0
2024-01-01 07:40:00,DIE-002,1003,858.5,45.29,13.05,1139.8,0.517,-0.388,2.541,0
2024-01-01 07:41:00,DIE-002,1011,861.2,45.18,13.0,1148.1,0.473,-0.37,2.542,0
2024-01-01 07:42:00,DIE-002,1023,865.5,45.19,13.16,1137.8,0.471,-0.359,2.562,0
2024-01-01 07:43:00,DIE-002,1031,863.0,45.23,13.15,1122.9,0.522,-0.362,2.584,0
2024-01-01 07:44:00,DIE-002,1039,849.5,45.05,13.18,1097.2,0.574,-0.341,2.552,0
2024-01-01 07:45:00,DIE-002,1051,854.5,44.43,13.13,1099.3,0.605,-0.373,2.525,0
2024-01-01 07:46:00,DIE-002,1062,856.5,44.75,13.12,1085.1,0.62,-0.378,2.533,0
2024-01-01 07:47:00,DIE-002,1071,859.4,45.0,13.21,1082.3,0.562,-0.366,2.536,0
2024-01-01 07:48:00,DIE-002,1080,862.5,44.52,13.22,1090.0,0.523,-0.356,2.517,0
2024-01-01 07:49:00,DIE-002,1092,858.5,45.03,13.32,1096.9,0.524,-0.364,2.527,0
2024-01-01 07:50:00,DIE-002,1100,859.1,44.54,13.38,1100.0,0.543,-0.358,2.523,0
2024-01-01 07:51:00,DIE-002,1108,858.5,44.8,13.37,1098.8,0.507,-0.362,2.504,0
2024-01-01 07:52:00,DIE-002,1119,859.2,44.03,13.4,1087.0,0.478,-0.36,2.481,0
2024-01-01 07:53:00,DIE-002,1131,858.1,44.65,13.5,1097.1,0.498,-0.398,2.477,0
2024-01-01 07:54:00,DIE-002,1140,861.7,44.73,13.52,1111.7,0.478,-0.385,2.517,0
2024-01-01 07:55:00,DIE-002,1148,858.1,43.58,13.53,1117.7,0.577,-0.386,2.529,0
2024-01-01 07:56:00,DIE-002,1158,866.4,44.27,13.68,1102.3,0.557,-0.394,2.489,0
2024-01-01 07:57:00,DIE-002,1169,865.1,44.7,13.77,1093.5,0.627,-0.399,2.5,0
2024-01-01 07:58:00,DIE-002,1180,859.0,43.99,13.82,1071.5,0.629,-0.399,2.516,0
2024-01-01 07:59:00,DIE-002,1189,857.9,43.9,13.89,1066.8,0.56,-0.406,2.518,0
2024-01-01 08:00:00,DIE-002,1201,850.6,44.33,13.94,1077.3,0.608,-0.381,2.496,0
2024-01-01 08:01:00,DIE-002,1212,855.3,44.34,13.86,1080.9,0.573,-0.372,2.455,0
2024-01-01 08:02:00,DIE-002,1221,850.6,44.83,13.77,1076.7,0.545,-0.375,2.496,0
2024-01-01 08:03:00,DIE-002,1233,854.6,44.44,13.71,1076.5,0.482,-0.375,2.498,0
2024-01-01 08:04:00,DIE-002,1241,850.9,44.94,13.74,1081.9,0.515,-0.385,2.529,0
2024-01-01 08:05:00,DIE-002,1250,843.9,45.03,13.78,1106.1,0.429,-0.372,2.517,0
2024-01-01 08:06:00,DIE-002,1259,846.4,45.26,13.9,1100.6,0.423,-0.369,2.546,0
2024-01-01 08:07:00,DIE-002,1267,845.4,45.33,13.87,1116.4,0.354,-0.351,2.551,0
2024-01-01 08:08:00,DIE-002,1275,845.4,45.55,13.91,1102.8,0.358,-0.373,2.574,0
2024-01-01 08:09:00,DIE-002,1285,850.1,45.07,13.94,1082.5,0.378,-0.363,2.576,0
2024-01-01 08:10:00,DIE-002,1293,851.0,45.15,13.94,1064.8,0.453,-0.361,2.549,0
2024-01-01 08:11:00,DIE-002,1305,841.8,45.23,13.88,1053.3,0.439,-0.354,2.618,0
2024-01-01 08:12:00,DIE-002,1315,847.8,45.31,13.92,1052.2,0.452,-0.327,2.622,0
2024-01-01 08:13:00,DIE-002,1327,850.9,45.33,13.9,1046.1,0.409,-0.339,2.597,0
2024-01-01 08:14:00,DIE-002,1338,855.5,46.11,13.87,1038.3,0.422,-0.334,2.551,0
2024-01-01 08:15:00,DIE-002,1346,849.7,46.27,13.92,1046.4,0.439,-0.29,2.555,0
2024-01-01 08:16:00,DIE-002,1355,842.9,46.24,13.98,1048.8,0.49,-0.294,2.506,0
2024-01-01 08:17:00,DIE-002,1363,839.5,46.57,13.99,1033.7,0.594,-0.293,2.43,0
2024-01-01 08:18:00,DIE-002,1375,842.3,47.35,13.95,993.6,0.589,-0.302,2.389,0
2024-01-01 08:19:00,DIE-002,1383,846.8,46.81,13.95,1020.1,0.6,-0.342,2.398,0
2024-01-01 08:20:00,DIE-002,1391,846.1,47.19,13.79,1027.3,0.653,-0.324,2.439,0
2024-01-01 08:21:00,DIE-002,1400,840.1,47.37,13.74,1044.9,0.642,-0.328,2.396,0
2024-01-01 08:22:00,DIE-002,1410,837.6,47.59,13.72,1065.1,0.653,-0.33,2.385,0
2024-01-01 08:23:00,DIE-002,1419,830.2,47.88,13.82,1072.8,0.663,-0.346,2.36,0
2024-01-01 08:24:00,DIE-002,1427,836.5,48.67,13.62,1061.3,0.666,-0.355,2.381,0
2024-01-01 08:25:00,DIE-002,1437,838.9,48.99,13.68,1057.1,0.679,-0.34,2.428,0
2024-01-01 08:26:00,DIE-002,1447,852.7,49.05,13.68,1040.9,0.764,-0.362,2.462,0
2024-01-01 08:27:00,DIE-002,1457,851.7,49.46,13.62,1061.8,0.694,-0.349,2.483,0
2024-01-01 08:28:00,DIE-002,1469,856.3,49.5,13.58,1045.5,0.687,-0.308,2.466,0
2024-01-01 08:29:00,DIE-002,1477,850.0,49.63,13.52,1046.4,0.683,-0.298,2.446,0
2024-01-01 08:30:00,DIE-002,1486,841.1,49.45,13.55,1076.5,0.665,-0.314,2.409,0
2024-01-01 08:31:00,DIE-002,1497,842.3,49.8,13.58,1106.0,0.728,-0.331,2.429,0
2024-01-01 08:32:00,DIE-002,1508,840.2,50.26,13.67,1105.6,0.715,-0.353,2.427,0
2024-01-01 08:33:00,DIE-002,1517,841.6,50.62,13.66,1110.0,0.766,-0.318,2.423,0
2024-01-01 08:34:00,DIE-002,1525,846.0,50.63,13.58,1117.2,0.841,-0.305,2.467,0
2024-01-01 08:35:00,DIE-002,1535,843.8,50.78,13.63,1124.8,0.866,-0.27,2.497,0
2024-01-01 08:36:00,DIE-002,1546,848.0,50.58,13.6,1114.6,0.875,-0.277,2.519,0
2024-01-01 08:37:00,DIE-002,1556,845.3,50.92,13.66,1099.7,0.897,-0.282,2.503,0
2024-01-01 08:38:00,DIE-002,1567,840.6,51.56,13.65,1101.1,0.908,-0.308,2.542,0
2024-01-01 08:39:00,DIE-002,1579,844.1,52.08,13.74,1112.0,0.85,-0.293,2.499,0
2024-01-01 08:40:00,DIE-002,1587,847.4,52.59,13.84,1135.9,0.93,-0.259,2.468,0
2024-01-01 08:41:00,DIE-002,1595,850.7,53.7,13.83,1149.2,0.886,-0.275,2.438,0
2024-01-01 08:42:00,DIE-002,1603,853.4,54.94,13.74,1158.3,0.905,-0.259,2.395,0
2024-01-01 08:43:00,DIE-002,1615,863.5,55.47,13.72,1149.9,0.931,-0.272,2.447,0
2024-01-01 08:44:00,DIE-002,1623,861.2,55.07,13.64,1154.2,0.901,-0.252,2.397,0
2024-01-01 08:45:00,DIE-002,1631,860.0,55.62,13.6,1140.9,0.937,-0.24,2.424,0
2024-01-01 08:46:00,DIE-002,1641,864.3,55.27,13.54,1145.5,0.871,-0.272,2.485,0
2024-01-01 08:47:00,DIE-002,1649,851.5,55.48,13.55,1151.9,0.863,-0.272,2.443,0
2024-01-01 08:48:00,DIE-002,1661,855.9,55.89,13.53,1150.1,0.853,-0.251,2.449,0
2024-01-01 08:49:00,DIE-002,1672,861.3,56.63,13.63,1163.3,0.841,-0.245,2.417,0
2024-01-01 08:50:00,DIE-002,1683,866.1,56.81,13.64,1175.4,0.864,-0.256,2.445,0
2024-01-01 08:51:00,DIE-002,1694,858.6,56.94,13.64,1178.7,0.859,-0.221,2.454,0
2024-01-01 08:52:00,DIE-002,1706,861.5,56.61,13.53,1211.3,0.888,-0.222,2.473,0
2024-01-01 08:53:00,DIE-002,1717,860.9,57.1,13.41,1204.3,0.878,-0.258,2.411,0
2024-01-01 08:54:00,DIE-002,1726,857.3,57.45,13.44,1213.5,0.873,-0.268,2.44,0
2024-01-01 08:55:00,DIE-002,1737,861.8,57.92,13.34,1212.2,0.924,-0.255,2.433,0
2024-01-01 08:56:00,DIE-002,1745,862.5,58.08,13.35,1203.7,0.887,-0.272,2.472,0
2024-01-01 08:57:00,DIE-002,1753,861.4,58.22,13.31,1183.4,0.903,-0.281,2.489,0
2024-01-01 08:58:00,DIE-002,1762,859.6,58.85,13.31,1209.5,0.919,-0.315,2.476,0
2024-01-01 08:59:00,DIE-002,1771,856.2,58.6,13.23,1203.3,0.91,-0.341,2.486,0
2024-01-01 09:00:00,DIE-002,1779,858.7,59.07,13.24,1208.8,0.959,-0.378,2.49,0
2024-01-01 09:01:00,DIE-002,1787,860.9,58.9,13.29,1201.5,0.94,-0.414,2.52,0
2024-01-01 09:02:00,DIE-002,1798,862.0,58.88,13.34,1202.1,0.89,-0.426,2.601,0
2024-01-01 09:03:00,DIE-002,1808,864.7,58.56,13.35,1193.7,0.883,-0.428,2.532,0
2024-01-01 09:04:00,DIE-002,1817,859.8,58.47,13.22,1190.8,0.891,-0.409,2.538,0
2024-01-01 09:05:00,DIE-002,1826,859.1,58.82,13.34,1201.8,0.879,-0.458,2.547,0
2024-01-01 09:06:00,DIE-002,1836,857.2,58.48,13.2,1207.4,0.79,-0.44,2.567,0
2024-01-01 09:07:00,DIE-002,1845,855.4,58.38,13.05,1204.5,0.83,-0.469,2.541,0
2024-01-01 09:08:00,DIE-002,1855,857.2,58.83,13.03,1188.8,0.779,-0.46,2.537,0
2024-01-01 09:09:00,DIE-002,1863,861.5,58.73,12.98,1175.5,0.763,-0.465,2.529,0
2024-01-01 09:10:00,DIE-002,1872,871.2,58.3,12.98,1190.9,0.698,-0.49,2.564,0
2024-01-01 09:11:00,DIE-002,1883,869.3,58.77,12.99,1179.2,0.761,-0.495,2.574,0
2024-01-01 09:12:00,DIE-002,1893,863.3,59.5,13.04,1188.3,0.797,-0.494,2.521,0
2024-01-01 09:13:00,DIE-002,1902,865.2,59.35,13.01,1173.6,0.768,-0.481,2.536,0
2024-01-01 09:14:00,DIE-002,1914,873.7,59.33,12.96,1156.4,0.731,-0.505,2.485,0
2024-01-01 09:15:00,DIE-002,1923,877.4,59.79,13.09,1110.7,0.732,-0.514,2.493,0
2024-01-01 09:16:00,DIE-002,1932,872.0,59.7,13.1,1113.8,0.802,-0.51,2.49,0
2024-01-01 09:17:00,DIE-002,1943,871.8,59.75,13.25,1087.7,0.85,-0.505,2.486,0
2024-01-01 09:18:00,DIE-002,1951,873.8,60.05,13.29,1064.9,0.84,-0.472,2.455,0
2024-01-01 09:19:00,DIE-002,1961,877.5,60.15,13.29,1052.0,0.95,-0.5,2.457,0
2024-01-01 09:20:00,DIE-002,1969,884.0,59.59,13.33,1058.4,0.96,-0.51,2.516,0
2024-01-01 09:21:00,DIE-002,1980,883.6,59.83,13.37,1054.0,0.887,-0.5,2.482,0
2024-01-01 09:22:00,DIE-002,1988,892.8,59.73,13.36,1080.2,0.962,-0.469,2.506,0
2024-01-01 09:23:00,DIE-002,2000,894.9,60.05,13.28,1069.4,0.876,-0.478,2.499,0
2024-01-01 09:24:00,DIE-002,2010,900.3,59.77,13.44,1044.2,0.838,-0.467,2.525,0
2024-01-01 09:25:00,DIE-002,2022,904.5,59.53,13.45,1039.2,0.906,-0.475,2.526,0
2024-01-01 09:26:00,DIE-002,2032,903.4,59.39,13.49,1029.6,0.859,-0.507,2.522,0
2024-01-01 09:27:00,DIE-002,2043,901.6,59.67,13.49,1035.5,0.931,-0.503,2.535,0
2024-01-01 09:28:00,DIE-002,2052,904.9,59.27,13.42,1034.4,0.99,-0.514,2.503,0
2024-01-01 09:29:00,DIE-002,2060,896.8,59.73,13.39,1007.7,1.072,-0.498,2.476,0
2024-01-01 09:30:00,DIE-002,2071,898.4,60.25,13.43,1018.7,1.111,-0.519,2.513,0
2024-01-01 09:31:00,DIE-002,2079,906.5,60.53,13.6,1020.1,1.12,-0.53,2.485,0
2024-01-01 09:32:00,DIE-002,2089,911.2,61.09,13.56,1028.3,1.086,-0.518,2.469,0
2024-01-01 09:33:00,DIE-002,2099,915.9,61.79,13.63,1026.5,1.045,-0.523,2.498,0
2024-01-01 09:34:00,DIE-002,2111,914.7,62.55,13.59,1025.7,1.074,-0.518,2.51,0
2024-01-01 09:35:00,DIE-002,2119,916.3,62.51,13.56,1013.9,1.067,-0.495,2.478,0
2024-01-01 09:36:00,DIE-002,2130,914.5,62.85,13.55,983.2,1.064,-0.482,2.484,0
2024-01-01 09:37:00,DIE-002,2140,910.0,62.98,13.48,992.8,1.065,-0.459,2.462,0
2024-01-01 09:38:00,DIE-002,2150,914.6,62.71,13.54,1012.7,1.083,-0.443,2.388,0
2024-01-01 09:39:00,DIE-002,2161,918.2,62.86,13.55,1043.2,1.069,-0.427,2.432,0
2024-01-01 09:40:00,DIE-002,2169,907.2,62.49,13.47,1034.6,1.07,-0.417,2.449,0
2024-01-01 09:41:00,DIE-002,2179,901.3,62.97,13.39,1038.8,1.089,-0.403,2.463,0
2024-01-01 09:42:00,DIE-002,2189,893.5,63.38,13.45,1038.0,1.051,-0.401,2.491,0
2024-01-01 09:43:00,DIE-002,2199,893.9,64.14,13.36,1058.2,0.984,-0.41,2.482,0
2024-01-01 09:44:00,DIE-002,2211,893.8,64.28,13.52,1054.2,0.972,-0.419,2.46,0
2024-01-01 09:45:00,DIE-002,2222,893.8,64.08,13.62,1067.1,1.065,-0.452,2.4,0
2024-01-01 09:46:00,DIE-002,2234,898.2,64.04,13.71,1062.3,1.059,-0.422,2.423,0
2024-01-01 09:47:00,DIE-002,2245,895.0,64.57,13.69,1069.5,1.108,-0.434,2.369,0
2024-01-01 09:48:00,DIE-002,2253,890.0,64.97,13.83,1064.3,1.083,-0.382,2.323,0
2024-01-01 09:49:00,DIE-002,2264,890.0,64.99,13.74,1059.5,1.133,-0.37,2.353,0
2024-01-01 09:50:00,DIE-002,2272,890.3,65.14,13.8,1062.6,1.122,-0.374,2.342,0
2024-01-01 09:51:00,DIE-002,2280,895.3,65.57,13.82,1081.7,1.073,-0.424,2.341,0
2024-01-01 09:52:00,DIE-002,2292,896.5,65.94,13.78,1131.0,1.091,-0.399,2.359,0
2024-01-01 09:53:00,DIE-002,2303,898.2,66.43,13.76,1124.6,1.055,-0.434,2.398,0
2024-01-01 09:54:00,DIE-002,2313,904.1,66.4,13.8,1138.8,1.106,-0.46,2.431,0
2024-01-01 09:55:00,DIE-002,2323,910.7,66.95,13.88,1136.8,1.123,-0.485,2.414,0
2024-01-01 09:56:00,DIE-002,2335,914.2,67.81,13.89,1131.0,1.062,-0.49,2.368,0
2024-01-01 09:57:00,DIE-002,2345,914.0,67.62,13.91,1117.4,1.082,-0.465,2.375,0
2024-01-01 09:58:00,DIE-002,2356,916.4,67.96,14.03,1102.9,1.048,-0.474,2.328,0
2024-01-01 09:59:00,DIE-002,2366,909.0,68.91,14.08,1118.6,1.09,-0.508,2.34,0
2024-01-01 10:00:00,DIE-002,2378,907.4,69.23,14.22,1128.1,1.069,-0.522,2.36,0
2024-01-01 10:01:00,DIE-002,2389,909.7,69.22,14.07,1142.4,1.106,-0.554,2.357,0
2024-01-01 10:02:00,DIE-002,2398,903.3,69.45,14.11,1140.8,1.151,-0.571,2.381,0
2024-01-01 10:03:00,DIE-002,2406,909.2,69.92,14.01,1142.5,1.165,-0.548,2.431,0
2024-01-01 10:04:00,DIE-002,2418,911.9,70.36,13.86,1147.1,1.152,-0.545,2.453,1
2024-01-01 10:05:00,DIE-002,2427,915.5,70.97,13.72,1120.5,1.131,-0.562,2.399,1
2024-01-01 10:06:00,DIE-002,2439,917.5,71.41,13.76,1121.6,1.13,-0.577,2.353,1
2024-01-01 10:07:00,DIE-002,2448,916.9,71.37,13.77,1102.8,1.042,-0.606,2.355,1
2024-01-01 10:08:00,DIE-002,2459,910.2,72.12,13.63,1109.0,1.061,-0.593,2.377,1
2024-01-01 10:09:00,DIE-002,2471,913.6,72.22,13.74,1125.3,1.027,-0.551,2.394,1
2024-01-01 10:10:00,DIE-002,2480,905.7,72.63,13.7,1167.2,0.977,-0.521,2.366,1
2024-01-01 10:11:00,DIE-002,2492,905.6,72.8,13.72,1159.4,0.946,-0.524,2.339,1
2024-01-01 10:12:00,DIE-002,2501,904.1,73.75,13.69,1173.6,0.996,-0.539,2.315,1
2024-01-01 10:13:00,DIE-002,2510,908.1,73.22,13.61,1176.5,0.948,-0.526,2.334,1
2024-01-01 10:14:00,DIE-002,2522,904.1,73.96,13.59,1179.1,0.962,-0.536,2.346,1
2024-01-01 10:15:00,DIE-002,2533,905.4,74.11,13.64,1183.6,0.874,-0.533,2.332,1
2024-01-01 10:16:00,DIE-002,2542,904.7,74.0,13.82,1178.0,0.902,-0.527,2.381,1
2024-01-01 10:17:00,DIE-002,2553,906.7,74.33,13.71,1196.3,0.825,-0.541,2.423,1
2024-01-01 10:18:00,DIE-002,2564,911.4,75.04,13.66,1192.9,0.765,-0.539,2.43,1
2024-01-01 10:19:00,DIE-002,2575,919.6,75.6,13.53,1199.9,0.815,-0.56,2.398,1
2024-01-01 10:20:00,DIE-002,2584,922.3,75.93,13.67,1200.8,0.742,-0.576,2.374,1
2024-01-01 10:21:00,DIE-002,2596,928.6,75.46,13.67,1185.4,0.722,-0.593,2.407,1
2024-01-01 10:22:00,DIE-002,2608,934.1,75.17,13.57,1193.3,0.759,-0.611,2.432,1
2024-01-01 10:23:00,DIE-002,2616,938.4,75.67,13.6,1182.5,0.738,-0.604,2.503,1
2024-01-01 10:24:00,DIE-002,2626,934.8,76.19,13.64,1176.2,0.726,-0.58,2.505,1
2024-01-01 10:25:00,DIE-002,2638,940.8,76.07,13.64,1197.9,0.747,-0.562,2.526,1
2024-01-01 10:26:00,DIE-002,2648,940.1,76.26,13.59,1202.7,0.758,-0.567,2.542,1
2024-01-01 10:27:00,DIE-002,2658,948.9,77.07,13.54,1210.6,0.738,-0.523,2.574,1
2024-01-01 10:28:00,DIE-002,2670,946.4,76.7,13.76,1219.9,0.789,-0.532,2.565,1
2024-01-01 10:29:00,DIE-002,2682,945.1,76.78,13.76,1218.7,0.771,-0.546,2.565,1
2024-01-01 10:30:00,DIE-002,2692,941.2,77.2,13.89,1186.3,0.784,-0.545,2.573,1
2024-01-01 10:31:00,DIE-002,2704,932.2,77.18,13.84,1185.2,0.777,-0.565,2.577,1
2024-01-01 10:32:00,DIE-002,2715,930.4,77.06,13.8,1188.8,0.698,-0.548,2.605,1
2024-01-01 10:33:00,DIE-002,2724,929.9,76.85,13.95,1189.3,0.716,-0.528,2.607,1
2024-01-01 10:34:00,DIE-002,2736,915.9,76.63,14.07,1191.5,0.722,-0.535,2.62,1
2024-01-01 10:35:00,DIE-002,2744,918.2,76.7,14.17,1232.5,0.632,-0.521,2.642,1
2024-01-01 10:36:00,DIE-002,2752,917.1,76.85,14.23,1228.7,0.612,-0.557,2.69,1
2024-01-01 10:37:00,DIE-002,2763,911.2,76.91,14.04,1231.0,0.579,-0.57,2.66,1
2024-01-01 10:38:00,DIE-002,2773,908.6,77.65,14.1,1239.5,0.496,-0.544,2.648,1
2024-01-01 10:39:00,DIE-002,2782,908.7,78.19,14.02,1233.0,0.544,-0.521,2.681,1
2024-01-01 10:40:00,DIE-002,2791,912.3,78.54,13.89,1242.4,0.551,-0.523,2.694,1
2024-01-01 10:41:00,DIE-002,2803,908.9,78.27,13.99,1252.8,0.568,-0.541,2.671,1
2024-01-01 10:42:00,DIE-002,2814,907.8,78.63,14.0,1262.0,0.556,-0.538,2.659,1
2024-01-01 10:43:00,DIE-002,2824,913.6,79.72,13.94,1262.4,0.52,-0.531,2.638,1
2024-01-01 10:44:00,DIE-002,2836,913.9,80.1,13.92,1241.8,0.566,-0.557,2.683,1
2024-01-01 10:45:00,DIE-002,2844,910.3,79.45,13.85,1253.0,0.553,-0.532,2.681,1
2024-01-01 10:46:00,DIE-002,2855,904.4,79.5,13.81,1252.0,0.504,-0.509,2.695,1
2024-01-01 10:47:00,DIE-002,2863,903.2,79.67,13.93,1243.5,0.649,-0.507,2.67,1
2024-01-01 10:48:00,DIE-002,2875,897.8,80.29,13.85,1260.4,0.664,-0.543,2.658,1
2024-01-01 10:49:00,DIE-002,2887,896.2,80.17,13.72,1269.7,0.628,-0.54,2.659,1
2024-01-01 10:50:00,DIE-002,2895,901.7,80.35,13.75,1261.0,0.717,-0.523,2.652,1
2024-01-01 10:51:00,DIE-002,2905,908.5,81.05,13.73,1259.7,0.787,-0.525,2.687,1
2024-01-01 10:52:00,DIE-002,2914,906.6,81.17,13.71,1256.4,0.795,-0.521,2.663,1
2024-01-01 10:53:00,DIE-002,2926,897.5,81.24,13.8,1261.5,0.893,-0.467,2.659,1
2024-01-01 10:54:00,DIE-002,2934,893.2,80.81,13.72,1280.5,0.863,-0.478,2.688,1
2024-01-01 10:55:00,DIE-002,2946,895.7,81.34,13.75,1255.1,0.831,-0.481,2.677,1
2024-01-01 10:56:00,DIE-002,2957,897.7,81.46,13.68,1278.5,0.81,-0.463,2.658,1
2024-01-01 10:57:00,DIE-002,2967,893.1,81.58,13.65,1311.8,0.835,-0.459,2.654,1
2024-01-01 10:58:00,DIE-002,2979,894.2,82.19,13.62,1287.6,0.849,-0.49,2.681,1
2024-01-01 10:59:00,DIE-002,2991,892.4,83.11,13.65,1249.1,0.944,-0.483,2.687,1
2024-01-01 11:00:00,DIE-002,3000,876.3,82.88,13.56,1231.3,0.924,-0.486,2.726,1
2024-01-01 11:01:00,DIE-002,3012,870.1,82.73,13.58,1220.2,0.935,-0.477,2.704,1
2024-01-01 11:02:00,DIE-002,3021,865.9,83.7,13.64,1218.7,0.893,-0.428,2.693,1
2024-01-01 11:03:00,DIE-002,3032,860.8,83.79,13.69,1185.4,0.89,-0.443,2.659,1
2024-01-01 11:04:00,DIE-002,3043,861.6,83.84,13.8,1146.5,0.917,-0.45,2.697,1
2024-01-01 11:05:00,DIE-002,3052,857.6,83.61,13.72,1142.4,0.933,-0.47,2.716,1
2024-01-01 11:06:00,DIE-002,3061,851.3,83.68,13.74,1110.5,0.939,-0.473,2.733,1
2024-01-01 11:07:00,DIE-002,3073,854.0,83.91,13.65,1134.9,0.986,-0.47,2.728,1
2024-01-01 11:08:00,DIE-002,3082,856.6,84.23,13.77,1110.0,1.017,-0.481,2.696,1
2024-01-01 11:09:00,DIE-002,3092,860.3,85,13.89,1126.1,0.985,-0.529,2.632,1
2024-01-01 11:10:00,DIE-002,3100,870.4,85,14.06,1115.9,0.941,-0.553,2.586,1
2024-01-01 11:11:00,DIE-002,3109,873.7,85,13.93,1092.4,0.901,-0.564,2.585,1
2024-01-01 11:12:00,DIE-002,3117,869.7,85,13.88,1080.6,0.857,-0.555,2.523,1
2024-01-01 11:13:00,DIE-002,3125,863.4,85,13.97,1097.9,0.871,-0.579,2.518,1
2024-01-01 11:14:00,DIE-002,3136,862.3,85,13.98,1060.7,0.964,-0.566,2.554,1
2024-01-01 11:15:00,DIE-002,3147,856.8,84.81,13.97,1055.6,0.952,-0.568,2.568,1
2024-01-01 11:16:00,DIE-002,3157,853.3,85,14.06,1086.6,0.949,-0.541,2.585,1
2024-01-01 11:17:00,DIE-002,3167,855.5,85,14.1,1099.9,0.892,-0.499,2.596,1
2024-01-01 11:18:00,DIE-002,3179,852.3,85,13.96,1102.0,0.87,-0.487,2.626,1
2024-01-01 11:19:00,DIE-002,3190,850.6,84.58,13.94,1100.0,0.888,-0.497,2.571,1
2024-01-01 11:20:00,DIE-002,3201,855.1,84.62,13.97,1104.2,0.878,-0.468,2.624,1
2024-01-01 11:21:00,DIE-002,3210,853.3,84.9,13.9,1092.1,0.876,-0.484,2.597,1
2024-01-01 11:22:00,DIE-002,3218,852.1,84.9,13.98,1084.9,0.941,-0.499,2.574,1
2024-01-01 11:23:00,DIE-002,3226,860.9,85,13.94,1085.4,0.994,-0.489,2.558,1
2024-01-01 11:24:00,DIE-002,3235,860.6,85,13.99,1062.9,0.989,-0.476,2.611,1
2024-01-01 11:25:00,DIE-002,3244,852.0,85,14.0,1053.3,0.979,-0.467,2.639,1
2024-01-01 11:26:00,DIE-002,3254,846.6,84.96,14.0,1067.1,0.882,-0.476,2.68,1
2024-01-01 11:27:00,DIE-002,3264,840.0,85,13.92,1053.3,0.842,-0.493,2.674,1
2024-01-01 11:28:00,DIE-002,3273,847.8,85,13.92,1041.0,0.877,-0.496,2.666,1
2024-01-01 11:29:00,DIE-002,3284,845.7,85,13.89,1032.3,0.91,-0.467,2.71,1
2024-01-01 11:30:00,DIE-002,3295,839.6,84.97,13.95,1034.4,0.927,-0.429,2.678,1
2024-01-01 11:31:00,DIE-002,3305,843.1,85,14.02,1021.8,0.954,-0.465,2.717,1
2024-01-01 11:32:00,DIE-002,3315,839.6,85,14.01,1018.4,0.927,-0.46,2.744,1
2024-01-01 11:33:00,DIE-002,3323,835.2,85,13.97,1008.6,0.975,-0.428,2.75,1
2024-01-01 11:34:00,DIE-002,3334,841.8,85,14.09,995.1,0.92,-0.438,2.722,1
2024-01-01 11:35:00,DIE-002,3343,841.2,85,14.07,976.2,0.959,-0.441,2.739,1
2024-01-01 11:36:00,DIE-002,3353,839.5,85,14.05,940.9,0.967,-0.44,2.752,1
2024-01-01 11:37:00,DIE-002,3364,838.7,85,14.03,940.2,0.975,-0.461,2.718,1
2024-01-01 11:38:00,DIE-002,3372,838.3,85,14.06,918.8,1.02,-0.436,2.716,1
2024-01-01 11:39:00,DIE-002,3380,840.4,84.71,14.05,918.4,1.012,-0.438,2.679,1
2024-01-01 11:40:00,DIE-002,3389,845.9,85,13.94,936.3,1.057,-0.465,2.635,1
2024-01-01 11:41:00,DIE-002,3399,849.6,85,13.99,934.4,1.115,-0.481,2.639,1
2024-01-01 11:42:00,DIE-002,3407,850.5,85,13.98,946.4,1.101,-0.504,2.569,1
2024-01-01 11:43:00,DIE-002,3418,861.2,85,13.94,942.8,1.058,-0.508,2.566,1
2024-01-01 11:44:00,DIE-002,3427,855.8,85,13.99,951.0,1.093,-0.486,2.599,1
2024-01-01 11:45:00,DIE-002,3436,859.0,85,13.92,951.0,1.115,-0.502,2.577,1
2024-01-01 11:46:00,DIE-002,3448,859.1,85,13.84,951.6,1.111,-0.54,2.621,1
2024-01-01 11:47:00,DIE-002,3460,860.8,85,13.84,942.4,1.048,-0.533,2.585,1
2024-01-01 11:48:00,DIE-002,3470,864.4,85,13.75,946.6,0.986,-0.544,2.578,1
2024-01-01 11:49:00,DIE-002,3481,853.2,85,13.68,947.0,0.963,-0.545,2.56,1
2024-01-01 11:50:00,DIE-002,3492,854.9,85,13.75,935.4,0.928,-0.562,2.599,1
2024-01-01 11:51:00,DIE-002,3503,862.7,85,13.79,923.9,0.941,-0.535,2.578,1
2024-01-01 11:52:00,DIE-002,3515,858.1,85,13.75,920.4,0.926,-0.506,2.602,1
2024-01-01 11:53:00,DIE-002,3525,846.4,85,13.74,886.1,0.948,-0.477,2.581,1
2024-01-01 11:54:00,DIE-002,3534,850.5,85,13.67,888.3,0.967,-0.457,2.584,1
2024-01-01 11:55:00,DIE-002,3543,850.5,85,13.7,881.8,0.972,-0.476,2.555,1
2024-01-01 11:56:00,DIE-002,3551,846.7,85,13.72,902.7,1.001,-0.483,2.581,1
2024-01-01 11:57:00,DIE-002,3563,837.6,85,13.64,906.4,0.908,-0.51,2.565,1
2024-01-01 11:58:00,DIE-002,3572,840.2,85,13.64,894.3,0.906,-0.5,2.577,1
2024-01-01 11:59:00,DIE-002,3583,833.8,85,13.76,884.2,0.889,-0.486,2.52,1
2024-01-01 12:00:00,DIE-002,3594,833.9,85,13.76,894.6,0.939,-0.498,2.541,1
2024-01-01 12:01:00,DIE-002,3602,838.3,84.99,13.92,911.6,0.954,-0.525,2.557,1
2024-01-01 12:02:00,DIE-002,3612,835.6,85,13.92,926.6,0.964,-0.556,2.522,1
2024-01-01 12:03:00,DIE-002,3622,843.2,84.56,13.89,947.1,0.88,-0.521,2.503,1
2024-01-01 12:04:00,DIE-002,3631,846.6,84.49,13.75,948.7,0.86,-0.544,2.478,1
2024-01-01 12:05:00,DIE-002,3639,848.4,85,13.63,950.5,0.823,-0.569,2.497,1
2024-01-01 12:06:00,DIE-002,3648,846.1,85,13.63,948.3,0.778,-0.56,2.523,1
2024-01-01 12:07:00,DIE-002,3656,846.2,85,13.54,945.9,0.778,-0.564,2.566,1
2024-01-01 12:08:00,DIE-002,3667,833.0,85,13.52,934.4,0.826,-0.555,2.612,1
2024-01-01 12:09:00,DIE-002,3678,834.5,85,13.52,917.4,0.829,-0.531,2.577,1
2024-01-01 12:10:00,DIE-002,3686,835.7,85,13.55,912.1,0.822,-0.572,2.598,1
2024-01-01 12:11:00,DIE-002,3694,839.5,85,13.59,918.4,0.829,-0.627,2.575,1
2024-01-01 12:12:00,DIE-002,3703,834.9,84.83,13.53,937.8,0.898,-0.652,2.617,1
2024-01-01 12:13:00,DIE-002,3713,847.7,84.25,13.51,914.3,0.942,-0.656,2.608,1
2024-01-01 12:14:00,DIE-002,3725,850.1,84.87,13.52,918.3,0.894,-0.675,2.572,1
2024-01-01 12:15:00,DIE-002,3733,853.9,85,13.62,930.8,0.924,-0.67,2.561,1
2024-01-01 12:16:00,DIE-002,3744,863.4,85,13.63,936.6,0.901,-0.645,2.579,1
2024-01-01 12:17:00,DIE-002,3752,863.8,85,13.71,957.6,0.933,-0.644,2.636,1
2024-01-01 12:18:00,DIE-002,3761,863.7,84.71,13.68,971.2,0.925,-0.628,2.608,1
2024-01-01 12:19:00,DIE-002,3770,861.6,85,13.73,982.7,0.921,-0.637,2.613,1
2024-01-01 12:20:00,DIE-002,3780,857.5,85,13.68,970.0,0.87,-0.664,2.668,1
2024-01-01 12:21:00,DIE-002,3791,859.7,85,13.76,985.9,0.868,-0.683,2.632,1
2024-01-01 12:22:00,DIE-002,3801,861.8,85,13.61,985.3,0.873,-0.691,2.636,1
2024-01-01 12:23:00,DIE-002,3812,857.9,85,13.79,964.2,0.867,-0.713,2.641,1
2024-01-01 12:24:00,DIE-002,3822,854.5,85,13.78,962.1,0.85,-0.74,2.643,1
2024-01-01 12:25:00,DIE-002,3833,854.1,85,13.79,970.1,0.835,-0.748,2.657,1
2024-01-01 12:26:00,DIE-002,3845,854.5,85,13.82,954.6,0.797,-0.757,2.611,1
2024-01-01 12:27:00,DIE-002,3855,860.1,85,13.71,939.5,0.802,-0.713,2.629,1
2024-01-01 12:28:00,DIE-002,3864,861.0,84.51,13.63,938.8,0.817,-0.762,2.623,1
2024-01-01 12:29:00,DIE-002,3876,861.7,85,13.69,919.8,0.781,-0.81,2.612,1
2024-01-01 12:30:00,DIE-002,3888,861.7,85,13.59,952.8,0.815,-0.814,2.617,1
2024-01-01 12:31:00,DIE-002,3899,852.8,85,13.64,947.3,0.793,-0.806,2.64,1
2024-01-01 12:32:00,DIE-002,3908,853.1,85,13.69,953.4,0.762,-0.841,2.616,1
2024-01-01 12:33:00,DIE-002,3918,857.1,85,13.75,945.2,0.779,-0.86,2.621,1
2024-01-01 12:34:00,DIE-002,3929,854.8,84.72,13.78,949.7,0.781,-0.871,2.63,1
2024-01-01 12:35:00,DIE-002,3940,844.2,84.68,13.73,936.9,0.829,-0.866,2.629,1
2024-01-01 12:36:00,DIE-002,3952,845.8,85,13.67,950.4,0.884,-0.866,2.619,1
2024-01-01 12:37:00,DIE-002,3961,847.0,85,13.71,954.2,0.925,-0.882,2.656,1
2024-01-01 12:38:00,DIE-002,3972,849.6,85,13.66,938.9,0.918,-0.832,2.669,1
2024-01-01 12:39:00,DIE-002,3984,854.1,85,13.59,958.8,0.948,-0.8,2.704,1
2024-01-01 12:40:00,DIE-002,3992,855.5,85,13.47,957.8,1.006,-0.798,2.689,1
2024-01-01 12:41:00,DIE-002,4000,850.9,85,13.52,944.2,0.966,-0.791,2.658,1
2024-01-01 12:42:00,DIE-002,4010,852.4,84.75,13.64,910.9,0.985,-0.783,2.613,1
2024-01-01 12:43:00,DIE-002,4018,856.3,85,13.7,929.3,0.964,-0.771,2.665,1
2024-01-01 12:44:00,DIE-002,4029,851.2,85,13.86,936.7,0.951,-0.769,2.642,1
2024-01-01 12:45:00,DIE-002,4040,848.4,85,13.91,944.6,0.906,-0.761,2.667,1
2024-01-01 12:46:00,DIE-002,4048,844.4,85,13.95,946.3,0.9,-0.785,2.653,1
2024-01-01 12:47:00,DIE-002,4060,846.3,85,14.03,935.6,0.869,-0.794,2.732,1
2024-01-01 12:48:00,DIE-002,4072,846.6,85,14.09,914.6,0.825,-0.797,2.757,1
2024-01-01 12:49:00,DIE-002,4081,848.9,84.87,14.01,917.2,0.808,-0.829,2.754,1
2024-01-01 12:50:00,DIE-002,4091,856.3,84.95,13.99,918.7,0.837,-0.834,2.718,1
2024-01-01 12:51:00,DIE-002,4102,847.8,85,13.96,874.7,0.781,-0.852,2.693,1
2024-01-01 12:52:00,DIE-002,4111,847.3,85,13.91,870.1,0.811,-0.859,2.686,1
2024-01-01 12:53:00,DIE-002,4123,844.3,85,13.82,889.1,0.778,-0.862,2.716,1
2024-01-01 12:54:00,DIE-002,4131,845.8,84.8,13.8,905.7,0.792,-0.889,2.734,1
2024-01-01 12:55:00,DIE-002,4141,847.8,85,13.91,902.8,0.738,-0.909,2.742,1
2024-01-01 12:56:00,DIE-002,4153,845.5,85,13.92,901.8,0.718,-0.894,2.71,1
2024-01-01 12:57:00,DIE-002,4164,847.4,85,14.04,896.5,0.691,-0.856,2.722,1
2024-01-01 12:58:00,DIE-002,4172,843.0,84.99,14.01,904.9,0.729,-0.857,2.715,1
2024-01-01 12:59:00,DIE-002,4183,847.2,85,14.03,911.9,0.761,-0.918,2.757,1
2024-01-01 13:00:00,DIE-002,4191,847.3,85,14.02,866.6,0.726,-0.9,2.704,1
2024-01-01 13:01:00,DIE-002,4199,855.7,85,14.06,886.0,0.724,-0.895,2.72,1
2024-01-01 13:02:00,DIE-002,4210,851.3,85,14.09,917.6,0.711,-0.861,2.689,1
2024-01-01 13:03:00,DIE-002,4220,845.9,84.9,14.09,920.0,0.752,-0.86,2.665,1
2024-01-01 13:04:00,DIE-002,4231,851.5,85,14.08,920.7,0.784,-0.89,2.64,1
2024-01-01 13:05:00,DIE-002,4239,845.2,84.96,14.16,935.9,0.778,-0.908,2.608,1
2024-01-01 13:06:00,DIE-002,4248,840.6,85,14.25,945.4,0.77,-0.906,2.594,1
2024-01-01 13:07:00,DIE-002,4259,838.7,85.0,14.07,965.5,0.778,-0.901,2.565,1
2024-01-01 13:08:00,DIE-002,4271,845.1,84.8,14.11,977.7,0.796,-0.91,2.628,1
2024-01-01 13:09:00,DIE-002,4281,840.7,85,14.14,997.0,0.806,-0.939,2.639,1
2024-01-01 13:10:00,DIE-002,4292,849.6,85,14.23,994.0,0.847,-0.922,2.606,1
2024-01-01 13:11:00,DIE-002,4301,859.5,85,14.36,1016.6,0.876,-0.93,2.578,1
2024-01-01 13:12:00,DIE-002,4313,869.4,85,14.43,1023.3,0.872,-0.899,2.616,1
2024-01-01 13:13:00,DIE-002,4325,875.4,85,14.35,1025.7,0.859,-0.884,2.564,1
2024-01-01 13:14:00,DIE-002,4333,870.2,85,14.23,1024.2,0.841,-0.88,2.578,1
2024-01-01 13:15:00,DIE-002,4345,873.3,85,14.19,1031.7,0.877,-0.904,2.634,1
2024-01-01 13:16:00,DIE-002,4356,873.8,85,14.17,1027.1,0.914,-0.917,2.635,1
2024-01-01 13:17:00,DIE-002,4366,877.7,85,14.11,1016.1,0.924,-0.918,2.643,1
2024-01-01 13:18:00,DIE-002,4375,880.2,85,14.12,1030.3,0.902,-0.906,2.659,1
2024-01-01 13:19:00,DIE-002,4385,879.2,84.97,14.13,1023.4,0.965,-0.909,2.644,1
2024-01-01 13:20:00,DIE-002,4395,881.6,85,14.16,1052.4,0.946,-0.915,2.672,1
2024-01-01 13:21:00,DIE-002,4407,882.0,85,13.89,1035.1,0.977,-0.906,2.696,1
2024-01-01 13:22:00,DIE-002,4416,877.0,85,13.81,1033.0,1.029,-0.919,2.72,1
2024-01-01 13:23:00,DIE-002,4427,872.8,85,13.8,1046.0,1.017,-0.924,2.74,1
2024-01-01 13:24:00,DIE-002,4437,866.5,84.98,13.84,1052.7,0.965,-0.924,2.737,1
2024-01-01 13:25:00,DIE-002,4449,865.9,85,13.76,1050.2,0.972,-0.959,2.684,1
2024-01-01 13:26:00,DIE-002,4461,871.7,85,13.64,1044.9,1.046,-0.997,2.72,1
2024-01-01 13:27:00,DIE-002,4470,873.9,85,13.78,1059.3,1.132,-0.988,2.704,1
2024-01-01 13:28:00,DIE-002,4481,880.1,85,13.77,1071.3,1.129,-1.02,2.76,1
2024-01-01 13:29:00,DIE-002,4490,874.7,85,13.77,1074.1,1.182,-1.04,2.744,1
2024-01-01 13:30:00,DIE-002,4502,875.9,85,13.78,1068.5,1.139,-1.037,2.73,1
2024-01-01 13:31:00,DIE-002,4514,876.2,85,13.87,1050.5,1.117,-1.031,2.719,1
2024-01-01 13:32:00,DIE-002,4525,876.8,85,13.9,1031.1,1.115,-1.03,2.72,1
2024-01-01 13:33:00,DIE-002,4536,870.0,85,13.85,1018.9,1.119,-1.04,2.702,1
2024-01-01 13:34:00,DIE-002,4548,870.0,85,13.79,1014.1,1.017,-1.02,2.734,1
2024-01-01 13:35:00,DIE-002,4558,868.1,85,13.73,1004.6,1.017,-1.018,2.69,1
2024-01-01 13:36:00,DIE-002,4566,872.9,85,13.66,990.4,1.046,-0.986,2.691,1
2024-01-01 13:37:00,DIE-002,4578,869.5,85,13.79,968.0,1.056,-0.974,2.682,1
2024-01-01 13:38:00,DIE-002,4587,868.0,85,13.75,973.6,1.089,-0.949,2.666,1
2024-01-01 13:39:00,DIE-002,4598,873.4,84.99,13.64,975.8,1.058,-0.928,2.652,1
2024-01-01 13:40:00,DIE-002,4608,870.4,85,13.62,947.9,1.044,-0.913,2.605,1
2024-01-01 13:41:00,DIE-002,4616,867.1,85,13.53,961.6,1.037,-0.894,2.528,1
2024-01-01 13:42:00,DIE-002,4626,874.9,85,13.57,984.6,1.026,-0.876,2.505,1
2024-01-01 13:43:00,DIE-002,4636,882.9,84.78,13.52,990.8,0.973,-0.891,2.514,1
2024-01-01 13:44:00,DIE-002,4644,883.0,85,13.39,993.8,0.868,-0.88,2.556,1
2024-01-01 13:45:00,DIE-002,4655,885.1,85,13.63,989.3,0.861,-0.863,2.566,1
2024-01-01 13:46:00,DIE-002,4667,877.4,85,13.66,994.5,0.861,-0.881,2.571,1
2024-01-01 13:47:00,DIE-002,4676,872.3,85,13.59,977.3,0.838,-0.898,2.581,1
2024-01-01 13:48:00,DIE-002,4688,872.6,85,13.52,974.9,0.906,-0.893,2.629,1
2024-01-01 13:49:00,DIE-002,4698,876.2,85,13.5,978.4,0.84,-0.889,2.654,1
2024-01-01 13:50:00,DIE-002,4707,871.9,85,13.45,957.4,0.838,-0.856,2.669,1
2024-01-01 13:51:00,DIE-002,4718,872.3,84.74,13.51,965.8,0.766,-0.8,2.703,1
2024-01-01 13:52:00,DIE-002,4728,877.6,85,13.6,969.3,0.787,-0.833,2.664,1
2024-01-01 13:53:00,DIE-002,4736,877.9,85,13.5,995.1,0.776,-0.868,2.653,1
2024-01-01 13:54:00,DIE-002,4744,872.9,85,13.47,987.2,0.83,-0.855,2.667,1
2024-01-01 13:55:00,DIE-002,4753,867.8,85,13.44,979.0,0.801,-0.885,2.659,1
2024-01-01 13:56:00,DIE-002,4764,871.7,85,13.41,999.2,0.797,-0.884,2.651,1
2024-01-01 13:57:00,DIE-002,4773,874.2,84.8,13.34,977.8,0.785,-0.872,2.704,1
2024-01-01 13:58:00,DIE-002,4783,880.4,84.8,13.3,973.3,0.806,-0.858,2.734,1
2024-01-01 13:59:00,DIE-002,4791,884.1,85,13.2,986.1,0.796,-0.864,2.754,1
2024-01-01 14:00:00,DIE-002,4800,885.0,85,13.26,985.5,0.856,-0.881,2.815,1
2024-01-01 14:01:00,DIE-002,4811,886.7,85,13.39,1015.3,0.869,-0.872,2.798,1
2024-01-01 14:02:00,DIE-002,4819,882.0,85,13.42,1029.4,0.876,-0.881,2.829,1
2024-01-01 14:03:00,DIE-002,4831,891.8,85,13.51,1042.1,0.908,-0.907,2.798,1
2024-01-01 14:04:00,DIE-002,4841,888.9,85,13.59,1051.7,0.86,-0.904,2.803,1
2024-01-01 14:05:00,DIE-002,4852,888.6,85,13.51,1060.5,0.831,-0.868,2.784,1
2024-01-01 14:06:00,DIE-002,4863,895.4,85,13.53,1083.6,0.788,-0.897,2.788,1
2024-01-01 14:07:00,DIE-002,4873,894.8,85,13.36,1111.5,0.81,-0.896,2.791,1
2024-01-01 14:08:00,DIE-002,4885,899.1,85,13.36,1106.2,0.836,-0.934,2.776,1
2024-01-01 14:09:00,DIE-002,4896,895.0,85,13.29,1114.5,0.879,-0.913,2.821,1
2024-01-01 14:10:00,DIE-002,4905,887.5,85,13.29,1110.9,0.891,-0.893,2.78,1
2024-01-01 14:11:00,DIE-002,4917,894.3,85,13.42,1095.4,0.964,-0.854,2.793,1
2024-01-01 14:12:00,DIE-002,4928,899.0,85,13.34,1084.8,0.968,-0.851,2.804,1
2024-01-01 14:13:00,DIE-002,4936,897.7,85,13.4,1114.2,0.959,-0.861,2.8,1
2024-01-01 14:14:00,DIE-002,4948,897.7,85,13.23,1119.0,0.958,-0.844,2.727,1
2024-01-01 14:15:00,DIE-002,4956,894.6,84.74,13.25,1124.9,0.937,-0.842,2.743,1
2024-01-01 14:16:00,DIE-002,4965,894.9,85,13.31,1133.5,0.951,-0.848,2.746,1
2024-01-01 14:17:00,DIE-002,4975,898.1,84.89,13.5,1124.5,0.909,-0.884,2.717,1
2024-01-01 14:18:00,DIE-002,4984,895.8,85,13.58,1143.9,0.948,-0.911,2.73,1
2024-01-01 14:19:00,DIE-002,4993,889.1,85,13.58,1125.0,0.891,-0.91,2.76,1
2024-01-01 14:20:00,DIE-002,5001,883.9,85,13.52,1142.6,0.913,-0.934,2.74,1
2024-01-01 14:21:00,DIE-002,5013,885.0,85,13.61,1141.9,0.854,-0.952,2.737,1
2024-01-01 14:22:00,DIE-002,5022,884.7,85,13.5,1143.4,0.824,-0.977,2.717,1
2024-01-01 14:23:00,DIE-002,5030,889.7,85,13.42,1161.9,0.831,-0.932,2.763,1
2024-01-01 14:24:00,DIE-002,5038,895.5,85,13.47,1171.8,0.783,-0.925,2.836,1
2024-01-01 14:25:00,DIE-002,5050,890.6,85,13.61,1185.3,0.751,-0.906,2.871,1
2024-01-01 14:26:00,DIE-002,5058,893.3,85,13.47,1181.1,0.706,-0.915,2.906,1
2024-01-01 14:27:00,DIE-002,5070,895.1,85,13.66,1166.9,0.699,-0.905,2.917,1
2024-01-01 14:28:00,DIE-002,5082,896.8,85,13.64,1148.6,0.739,-0.911,2.92,1
2024-01-01 14:29:00,DIE-002,5093,898.3,85,13.81,1179.9,0.724,-0.922,2.923,1
2024-01-01 14:30:00,DIE-002,5103,902.1,85,13.74,1175.4,0.773,-0.935,2.933,1
2024-01-01 14:31:00,DIE-002,5114,901.6,85,13.81,1196.9,0.863,-0.88,2.921,1
2024-01-01 14:32:00,DIE-002,5125,903.3,84.84,13.77,1203.1,0.871,-0.886,2.944,1
2024-01-01 14:33:00,DIE-002,5136,902.4,85,13.86,1211.2,0.863,-0.914,2.96,1
2024-01-01 14:34:00,DIE-002,5146,904.8,85,13.85,1217.6,0.832,-0.931,2.947,1
2024-01-01 14:35:00,DIE-002,5154,901.3,84.87,13.82,1235.2,0.9,-0.93,2.899,1
2024-01-01 14:36:00,DIE-002,5164,902.7,85,13.85,1225.4,0.87,-0.945,2.922,1
2024-01-01 14:37:00,DIE-002,5175,909.5,85,13.8,1267.0,0.954,-0.967,2.897,1
2024-01-01 14:38:00,DIE-002,5185,910.0,85,13.67,1267.8,0.942,-0.964,2.938,1
2024-01-01 14:39:00,DIE-002,5195,915.3,85,13.61,1257.2,0.994,-0.964,2.966,1
2024-01-01 14:40:00,DIE-002,5203,922.6,85,13.61,1274.7,0.944,-0.98,3.008,1
2024-01-01 14:41:00,DIE-002,5214,927.9,84.69,13.56,1261.8,0.978,-0.962,2.994,1
2024-01-01 14:42:00,DIE-002,5226,935.3,85,13.53,1256.5,1.065,-0.933,2.997,1
2024-01-01 14:43:00,DIE-002,5238,941.9,85,13.57,1256.0,1.028,-0.924,2.94,1
2024-01-01 14:44:00,DIE-002,5250,942.8,85,13.46,1272.1,1.026,-0.945,2.958,1
2024-01-01 14:45:00,DIE-002,5259,940.9,85,13.48,1299.6,1.078,-0.935,2.912,1
2024-01-01 14:46:00,DIE-002,5269,936.1,85,13.36,1330.7,1.067,-0.9,2.891,1
2024-01-01 14:47:00,DIE-002,5279,943.0,85,13.31,1302.8,1.038,-0.92,2.851,1
2024-01-01 14:48:00,DIE-002,5289,943.6,85,13.28,1302.8,1.008,-0.9,2.878,1
2024-01-01 14:49:00,DIE-002,5299,931.4,85,13.25,1299.1,0.952,-0.909,2.91,1
2024-01-01 14:50:00,DIE-002,5308,931.5,85,13.3,1285.5,0.93,-0.891,2.899,1
2024-01-01 14:51:00,DIE-002,5317,933.8,85,13.34,1256.9,0.887,-0.898,2.862,1
2024-01-01 14:52:00,DIE-002,5329,928.9,85,13.32,1247.5,0.932,-0.884,2.884,1
2024-01-01 14:53:00,DIE-002,5339,925.3,85,13.38,1242.6,0.949,-0.913,2.922,1
2024-01-01 14:54:00,DIE-002,5349,915.3,84.7,13.35,1252.2,0.963,-0.926,2.975,1
2024-01-01 14:55:00,DIE-002,5357,928.3,84.35,13.36,1263.4,0.96,-0.922,3.018,1
2024-01-01 14:56:00,DIE-002,5366,930.8,85,13.51,1256.8,0.917,-0.92,2.917,1
2024-01-01 14:57:00,DIE-002,5375,924.6,84.74,13.59,1238.4,0.89,-0.877,2.863,1
2024-01-01 14:58:00,DIE-002,5385,920.8,84.05,13.61,1227.4,0.831,-0.846,2.888,1
2024-01-01 14:59:00,DIE-002,5395,919.1,84.99,13.67,1215.1,0.899,-0.856,2.837,1
2024-01-01 15:00:00,DIE-002,5407,928.8,85,13.69,1197.7,0.864,-0.854,2.851,1
2024-01-01 15:01:00,DIE-002,5417,922.5,85,13.58,1156.7,0.826,-0.879,2.859,1
2024-01-01 15:02:00,DIE-002,5425,917.3,85,13.55,1153.7,0.834,-0.879,2.818,1
2024-01-01 15:03:00,DIE-002,5435,919.6,84.77,13.57,1166.6,0.849,-0.864,2.811,1
2024-01-01 15:04:00,DIE-002,5445,927.2,84.96,13.55,1149.6,0.822,-0.91,2.832,1
2024-01-01 15:05:00,DIE-002,5456,926.9,85,13.67,1146.0,0.849,-0.903,2.798,1
2024-01-01 15:06:00,DIE-002,5467,930.7,85,13.64,1134.1,0.904,-0.901,2.791,1
2024-01-01 15:07:00,DIE-002,5475,926.2,85,13.61,1148.4,0.92,-0.894,2.808,1
2024-01-01 15:08:00,DIE-002,5487,928.4,84.2,13.62,1145.3,0.978,-0.908,2.802,1
2024-01-01 15:09:00,DIE-002,5498,930.3,83.72,13.53,1133.6,1.005,-0.912,2.786,1
2024-01-01 15:10:00,DIE-002,5508,932.1,84.42,13.57,1147.9,1.004,-0.903,2.785,1
2024-01-01 15:11:00,DIE-002,5518,935.4,85,13.56,1134.5,1.061,-0.907,2.784,1
2024-01-01 15:12:00,DIE-002,5530,941.4,85,13.54,1128.4,1.177,-0.907,2.811,1
2024-01-01 15:13:00,DIE-002,5540,941.7,85,13.57,1101.0,1.146,-0.894,2.805,1
2024-01-01 15:14:00,DIE-002,5552,935.5,85,13.61,1099.9,1.137,-0.905,2.792,1
2024-01-01 15:15:00,DIE-002,5563,937.7,85,13.45,1103.7,1.157,-0.903,2.785,1
2024-01-01 15:16:00,DIE-002,5571,947.3,85,13.46,1096.4,1.243,-0.922,2.821,1
2024-01-01 15:17:00,DIE-002,5583,952.1,84.54,13.44,1076.0,1.244,-0.877,2.82,1
2024-01-01 15:18:00,DIE-002,5594,957.8,84.71,13.37,1086.5,1.281,-0.86,2.805,1
2024-01-01 15:19:00,DIE-002,5603,961.8,85,13.35,1087.7,1.27,-0.807,2.835,1
2024-01-01 15:20:00,DIE-002,5614,965.9,84.58,13.31,1060.0,1.31,-0.793,2.822,1
2024-01-01 15:21:00,DIE-002,5626,962.2,84.4,13.26,1035.0,1.301,-0.803,2.802,1
2024-01-01 15:22:00,DIE-002,5635,959.0,84.87,13.34,1029.6,1.285,-0.799,2.816,1
2024-01-01 15:23:00,DIE-002,5647,959.4,84.87,13.35,1003.3,1.286,-0.806,2.861,1
2024-01-01 15:24:00,DIE-002,5655,957.9,85,13.41,999.0,1.213,-0.829,2.819,1
2024-01-01 15:25:00,DIE-002,5663,956.0,85,13.41,995.9,1.238,-0.822,2.817,1
2024-01-01 15:26:00,DIE-002,5674,955.6,84.91,13.44,1008.9,1.21,-0.864,2.877,1
2024-01-01 15:27:00,DIE-002,5683,962.7,85,13.41,1011.8,1.236,-0.866,2.873,1
2024-01-01 15:28:00,DIE-002,5694,964.8,85,13.42,1011.1,1.24,-0.83,2.915,1
2024-01-01 15:29:00,DIE-002,5705,952.2,85,13.35,1013.5,1.23,-0.82,2.933,1
2024-01-01 15:30:00,DIE-002,5715,956.1,85,13.21,1000.7,1.211,-0.83,2.968,1
2024-01-01 15:31:00,DIE-002,5725,950.4,85,13.21,1007.2,1.176,-0.823,2.952,1
2024-01-01 15:32:00,DIE-002,5736,950.4,85,13.2,1003.1,1.179,-0.833,2.948,1
2024-01-01 15:33:00,DIE-002,5744,948.6,85,13.32,993.6,1.18,-0.856,3.011,1
2024-01-01 15:34:00,DIE-002,5754,956.3,85,13.3,982.0,1.163,-0.817,3.007,1
2024-01-01 15:35:00,DIE-002,5765,964.7,85,13.15,1000.2,1.147,-0.828,3.008,1
2024-01-01 15:36:00,DIE-002,5773,962.3,85,13.17,1028.3,1.174,-0.797,3.015,1
2024-01-01 15:37:00,DIE-002,5785,958.8,84.94,13.26,1004.3,1.198,-0.809,2.985,1
2024-01-01 15:38:00,DIE-002,5794,959.8,84.7,13.28,1005.0,1.244,-0.777,2.985,1
2024-01-01 15:39:00,DIE-002,5805,962.9,85,13.38,998.3,1.258,-0.779,2.995,1
2024-01-01 15:40:00,DIE-002,5814,959.7,85,13.38,994.9,1.187,-0.764,2.976,1
2024-01-01 15:41:00,DIE-002,5823,957.3,85,13.54,1016.3,1.208,-0.785,2.996,1
2024-01-01 15:42:00,DIE-002,5835,955.8,84.76,13.53,1020.1,1.257,-0.803,2.998,1
2024-01-01 15:43:00,DIE-002,5843,955.8,85,13.41,1027.9,1.277,-0.821,2.97,1
2024-01-01 15:44:00,DIE-002,5851,965.1,85,13.3,1030.8,1.231,-0.801,2.92,1
2024-01-01 15:45:00,DIE-002,5860,972.2,85,13.2,1005.7,1.329,-0.844,2.939,1
2024-01-01 15:46:00,DIE-002,5869,962.4,85,13.21,1017.8,1.317,-0.895,2.921,1
2024-01-01 15:47:00,DIE-002,5878,964.8,85,13.23,1020.7,1.296,-0.925,2.933,1
2024-01-01 15:48:00,DIE-002,5890,973.7,84.44,13.31,1035.6,1.307,-0.906,2.958,1
2024-01-01 15:49:00,DIE-002,5901,970.0,84.46,13.33,1026.9,1.334,-0.932,2.986,1
2024-01-01 15:50:00,DIE-002,5910,970.2,85,13.16,1011.7,1.324,-0.966,2.965,1
2024-01-01 15:51:00,DIE-002,5921,974.4,85,13.21,998.4,1.353,-0.987,2.956,1
2024-01-01 15:52:00,DIE-002,5933,971.5,85,13.12,1025.3,1.302,-1.027,2.89,1
2024-01-01 15:53:00,DIE-002,5941,976.5,85,13.04,1019.3,1.274,-1.028,2.852,1
2024-01-01 15:54:00,DIE-002,5950,972.4,84.99,13.06,1011.2,1.262,-1.014,2.848,1
2024-01-01 15:55:00,DIE-002,5961,963.9,85,13.23,992.6,1.22,-0.993,2.817,1
2024-01-01 15:56:00,DIE-002,5969,964.5,85,13.24,988.8,1.241,-1.006,2.833,1
2024-01-01 15:57:00,DIE-002,5978,962.5,85,13.23,1008.0,1.263,-1.024,2.893,1
2024-01-01 15:58:00,DIE-002,5989,954.8,85,13.22,1014.7,1.184,-1.04,2.911,1
2024-01-01 15:59:00,DIE-002,6001,959.1,85,13.17,995.2,1.162,-1.045,2.887,1
2024-01-01 16:00:00,DIE-002,6010,966.4,85,13.23,1008.1,1.163,-1.056,2.866,1
2024-01-01 16:01:00,DIE-002,6019,969.7,85,13.12,1022.3,1.16,-1.08,2.88,1
2024-01-01 16:02:00,DIE-002,6030,980.1,84.71,13.22,1015.9,1.25,-1.119,2.889,1
2024-01-01 16:03:00,DIE-002,6039,978.9,84.66,13.13,1022.2,1.24,-1.073,2.858,1
2024-01-01 16:04:00,DIE-002,6048,983.2,84.94,13.09,986.7,1.287,-1.059,2.86,1
2024-01-01 16:05:00,DIE-002,6060,982.3,85,13.11,992.5,1.266,-1.064,2.896,1
2024-01-01 16:06:00,DIE-002,6068,971.5,85,13.17,996.1,1.251,-1.043,2.888,1
2024-01-01 16:07:00,DIE-002,6079,972.0,85,13.11,1025.9,1.267,-1.041,2.886,1
2024-01-01 16:08:00,DIE-002,6091,976.9,85,13.17,1017.7,1.325,-1.034,2.877,1
2024-01-01 16:09:00,DIE-002,6103,972.6,85,13.06,1006.2,1.345,-1.004,2.86,1
2024-01-01 16:10:00,DIE-002,6115,974.1,85,13.14,1014.4,1.311,-1.036,2.911,1
2024-01-01 16:11:00,DIE-002,6123,968.9,85,13.14,1015.2,1.281,-1.033,2.921,1
2024-01-01 16:12:00,DIE-002,6135,971.7,84.71,13.15,1013.7,1.353,-1.03,2.95,1
2024-01-01 16:13:00,DIE-002,6144,966.6,84.18,13.05,1034.4,1.343,-1.044,2.988,1
2024-01-01 16:14:00,DIE-002,6156,972.2,84.98,13.09,1058.0,1.358,-1.04,2.991,1
2024-01-01 16:15:00,DIE-002,6165,972.1,85,13.21,1042.1,1.394,-1.027,3.043,1
2024-01-01 16:16:00,DIE-002,6176,969.6,85,13.18,1064.0,1.404,-1.032,3.044,1
2024-01-01 16:17:00,DIE-002,6185,970.1,85,13.17,1078.2,1.368,-1.028,3.058,1
2024-01-01 16:18:00,DIE-002,6193,973.8,85,13.17,1067.4,1.308,-1.005,3.049,1
2024-01-01 16:19:00,DIE-002,6203,978.7,85,13.23,1061.1,1.332,-0.963,3.052,1
2024-01-01 16:20:00,DIE-002,6213,978.1,85,13.32,1067.7,1.344,-0.967,3.053,1
2024-01-01 16:21:00,DIE-002,6224,972.8,85,13.33,1084.7,1.372,-0.951,3.039,1
2024-01-01 16:22:00,DIE-002,6236,972.0,85,13.32,1113.3,1.309,-0.941,3.004,1
2024-01-01 16:23:00,DIE-002,6247,972.7,84.79,13.59,1120.7,1.358,-0.923,3.011,1
2024-01-01 16:24:00,DIE-002,6258,976.0,84.91,13.65,1086.0,1.292,-0.9,2.995,1
2024-01-01 16:25:00,DIE-002,6269,976.6,85,13.66,1094.4,1.319,-0.871,2.992,1
2024-01-01 16:26:00,DIE-002,6280,973.1,85,13.73,1064.7,1.375,-0.832,2.993,1
2024-01-01 16:27:00,DIE-002,6291,974.0,85,13.79,1079.5,1.381,-0.848,3.064,1
2024-01-01 16:28:00,DIE-002,6303,973.4,85,13.71,1068.6,1.309,-0.833,3.019,1
2024-01-01 16:29:00,DIE-002,6313,974.0,85,13.71,1061.0,1.35,-0.837,3.041,1
2024-01-01 16:30:00,DIE-002,6324,975.7,84.98,13.78,1062.0,1.381,-0.813,3.028,1
2024-01-01 16:31:00,DIE-002,6332,970.8,84.95,13.72,1054.2,1.413,-0.817,3.013,1
2024-01-01 16:32:00,DIE-002,6344,972.6,85,13.64,1059.3,1.422,-0.8,3.02,1
2024-01-01 16:33:00,DIE-002,6354,982.7,84.8,13.51,1047.2,1.427,-0.819,3.064,1
2024-01-01 16:34:00,DIE-002,6363,993.3,84.56,13.53,1028.1,1.48,-0.835,3.022,1
2024-01-01 16:35:00,DIE-002,6372,987.5,84.48,13.54,1045.9,1.486,-0.808,3.05,1
2024-01-01 16:36:00,DIE-002,6384,984.8,85,13.37,1053.4,1.547,-0.818,3.077,1
2024-01-01 16:37:00,DIE-002,6393,986.8,85,13.31,1071.5,1.608,-0.804,3.086,1
2024-01-01 16:38:00,DIE-002,6401,982.5,85,13.26,1072.4,1.603,-0.787,3.126,1
2024-01-01 16:39:00,DIE-002,6413,981.9,85,13.4,1085.3,1.687,-0.8,3.111,1
2024-01-01 16:40:00,DIE-002,6421,981.6,85,13.42,1073.6,1.697,-0.821,3.113,1
2024-01-01 16:41:00,DIE-002,6431,980.9,85,13.49,1094.8,1.708,-0.837,3.126,1
2024-01-01 16:42:00,DIE-002,6440,976.2,85,13.53,1108.4,1.671,-0.794,3.107,1
2024-01-01 16:43:00,DIE-002,6452,977.2,85,13.55,1134.3,1.743,-0.766,3.15,1
2024-01-01 16:44:00,DIE-002,6464,974.4,85,13.59,1121.6,1.785,-0.762,3.141,1
2024-01-01 16:45:00,DIE-002,6476,977.2,85,13.57,1117.7,1.836,-0.8,3.115,1
2024-01-01 16:46:00,DIE-002,6484,975.9,84.75,13.39,1118.4,1.848,-0.793,3.14,1
2024-01-01 16:47:00,DIE-002,6492,982.6,85,13.17,1110.2,1.883,-0.793,3.105,1
2024-01-01 16:48:00,DIE-002,6504,987.4,85,13.2,1087.9,1.866,-0.795,3.109,1
2024-01-01 16:49:00,DIE-002,6514,990.3,85,13.23,1086.5,1.858,-0.814,3.073,1
2024-01-01 16:50:00,DIE-002,6525,993.7,85,13.23,1095.1,1.891,-0.831,3.051,1
2024-01-01 16:51:00,DIE-002,6536,1001.2,85,13.25,1072.8,1.893,-0.84,3.015,1
2024-01-01 16:52:00,DIE-002,6544,1001.6,85,13.26,1090.1,1.884,-0.833,3.041,1
2024-01-01 16:53:00,DIE-002,6553,997.6,85,13.29,1111.2,1.886,-0.844,3.025,1
2024-01-01 16:54:00,DIE-002,6563,994.6,85,13.32,1130.7,1.868,-0.829,3.024,1
2024-01-01 16:55:00,DIE-002,6573,997.1,84.96,13.35,1152.7,1.856,-0.827,3.004,1
2024-01-01 16:56:00,DIE-002,6581,1005.9,85,13.34,1122.2,1.872,-0.803,3.003,1
2024-01-01 16:57:00,DIE-002,6590,996.4,85,13.24,1118.9,1.883,-0.821,2.975,1
2024-01-01 16:58:00,DIE-002,6600,996.6,85,13.39,1121.1,1.9,-0.831,3.003,1
2024-01-01 16:59:00,DIE-002,6610,995.0,84.99,13.42,1121.9,1.81,-0.858,3.008,1
2024-01-01 17:00:00,DIE-002,6619,997.1,85,13.44,1121.9,1.816,-0.857,3.008,1
2024-01-01 17:01:00,DIE-002,6630,997.1,84.95,13.51,1124.6,1.827,-0.854,3.027,1
2024-01-01 17:02:00,DIE-002,6641,996.9,84.9,13.48,1146.1,1.824,-0.849,3.04,1
2024-01-01 17:03:00,DIE-002,6652,998.8,85,13.41,1149.3,1.798,-0.82,3.016,1
2024-01-01 17:04:00,DIE-002,6660,1007.3,84.7,13.43,1155.8,1.791,-0.842,3.05,1
2024-01-01 17:05:00,DIE-002,6670,1002.2,84.95,13.55,1131.7,1.799,-0.838,3.059,1
2024-01-01 17:06:00,DIE-002,6681,1008.0,85,13.59,1118.1,1.851,-0.842,3.07,1
2024-01-01 17:07:00,DIE-002,6691,1008.5,85,13.47,1121.6,1.881,-0.867,3.002,1
2024-01-01 17:08:00,DIE-002,6700,1009.0,85,13.59,1121.9,1.934,-0.894,2.934,1
2024-01-01 17:09:00,DIE-002,6711,1013.9,85,13.46,1121.3,1.902,-0.877,2.949,1
2024-01-01 17:10:00,DIE-002,6722,1009.2,85,13.57,1107.3,1.868,-0.882,2.93,1
2024-01-01 17:11:00,DIE-002,6734,1005.3,84.97,13.62,1100.1,1.895,-0.869,2.884,1
2024-01-01 17:12:00,DIE-002,6745,1003.0,84.93,13.65,1098.6,1.894,-0.858,2.922,1
2024-01-01 17:13:00,DIE-002,6756,999.7,85,13.5,1100.9,1.904,-0.898,2.92,1
2024-01-01 17:14:00,DIE-002,6765,994.6,85,13.52,1093.2,1.911,-0.908,2.928,1
2024-01-01 17:15:00,DIE-002,6776,991.5,85,13.56,1106.7,1.942,-0.899,2.932,1
2024-01-01 17:16:00,DIE-002,6784,991.3,85,13.68,1098.0,1.913,-0.931,2.905,1
2024-01-01 17:17:00,DIE-002,6794,991.6,84.95,13.66,1089.7,1.88,-0.961,2.882,1
2024-01-01 17:18:00,DIE-002,6802,992.7,85,13.73,1108.8,1.881,-0.992,2.944,1
2024-01-01 17:19:00,DIE-002,6810,984.5,84.44,13.73,1104.5,1.849,-0.992,2.918,1
2024-01-01 17:20:00,DIE-002,6819,982.3,84.73,13.74,1101.5,1.869,-0.99,2.939,1
2024-01-01 17:21:00,DIE-002,6827,990.3,85,13.78,1128.0,1.934,-0.991,2.935,1
2024-01-01 17:22:00,DIE-002,6839,988.8,85,13.8,1143.3,1.896,-1.004,2.928,1
2024-01-01 17:23:00,DIE-002,6850,987.8,85,13.78,1136.4,1.921,-1.039,2.937,1
2024-01-01 17:24:00,DIE-002,6862,988.5,84.92,13.64,1120.3,1.978,-1.048,2.967,1
2024-01-01 17:25:00,DIE-002,6873,988.3,85,13.61,1120.2,1.996,-1.047,3.023,1
2024-01-01 17:26:00,DIE-002,6881,980.3,85,13.62,1163.3,2.029,-1.044,3.033,1
2024-01-01 17:27:00,DIE-002,6890,970.6,85,13.6,1155.2,1.98,-1.046,3.027,1
2024-01-01 17:28:00,DIE-002,6902,965.1,85,13.48,1160.5,1.911,-1.016,3.021,1
2024-01-01 17:29:00,DIE-002,6914,963.8,85,13.54,1168.1,1.95,-1.013,3.014,1
2024-01-01 17:30:00,DIE-002,6926,962.6,85,13.63,1191.7,1.964,-0.991,3.066,1
2024-01-01 17:31:00,DIE-002,6935,962.9,85,13.6,1197.3,1.998,-1.007,3.013,1
2024-01-01 17:32:00,DIE-002,6944,960.9,84.62,13.64,1194.9,2.009,-0.998,3.054,1
2024-01-01 17:33:00,DIE-002,6952,960.0,84.6,13.67,1193.9,2.001,-1.028,3.047,1
2024-01-01 17:34:00,DIE-002,6964,964.4,85,13.65,1212.8,1.988,-1.025,3.041,1
2024-01-01 17:35:00,DIE-002,6974,976.5,84.86,13.67,1214.2,2.079,-1.022,3.046,1
2024-01-01 17:36:00,DIE-002,6982,969.9,84.94,13.41,1231.0,2.058,-1.011,3.094,1
2024-01-01 17:37:00,DIE-002,6991,973.5,85,13.39,1240.8,2.064,-1.021,3.141,1
2024-01-01 17:38:00,DIE-002,7002,975.2,85,13.4,1233.7,2.037,-1.044,3.203,1
2024-01-01 17:39:00,DIE-002,7011,975.8,85,13.46,1223.3,2.041,-1.056,3.174,1
2024-01-01 17:40:00,DIE-002,7020,979.8,85,13.39,1209.4,2.048,-1.066,3.199,1
2024-01-01 17:41:00,DIE-002,7028,984.1,84.13,13.42,1217.5,2.059,-1.081,3.177,1
2024-01-01 17:42:00,DIE-002,7038,992.8,84.18,13.31,1231.4,2.093,-1.076,3.161,1
2024-01-01 17:43:00,DIE-002,7048,994.8,84.09,13.38,1248.1,2.043,-1.057,3.191,1
2024-01-01 17:44:00,DIE-002,7060,1000.3,84.05,13.38,1239.3,2.017,-1.066,3.196,1
2024-01-01 17:45:00,DIE-002,7068,995.0,83.94,13.44,1232.0,1.95,-1.065,3.187,1
2024-01-01 17:46:00,DIE-002,7078,990.6,84.55,13.5,1200.6,1.934,-1.042,3.175,1
2024-01-01 17:47:00,DIE-002,7089,994.4,84.49,13.49,1216.4,1.89,-1.057,3.111,1
2024-01-01 17:48:00,DIE-002,7101,987.3,84.41,13.54,1226.8,1.851,-1.108,3.07,1
2024-01-01 17:49:00,DIE-002,7109,985.9,84.74,13.6,1225.1,1.883,-1.125,3.068,1
2024-01-01 17:50:00,DIE-002,7119,991.3,84.78,13.56,1235.6,1.905,-1.147,3.048,1
2024-01-01 17:51:00,DIE-002,7130,993.4,84.99,13.52,1215.6,1.86,-1.137,3.005,1
2024-01-01 17:52:00,DIE-002,7139,991.5,84.98,13.45,1212.1,1.875,-1.162,3.027,1
2024-01-01 17:53:00,DIE-002,7149,998.7,85,13.41,1219.1,1.802,-1.15,3.067,1
2024-01-01 17:54:00,DIE-002,7160,995.1,85,13.37,1185.0,1.767,-1.146,3.066,1
2024-01-01 17:55:00,DIE-002,7168,997.1,85,13.34,1186.2,1.767,-1.128,3.131,1
2024-01-01 17:56:00,DIE-002,7179,982.4,85,13.28,1180.2,1.742,-1.134,3.161,1
2024-01-01 17:57:00,DIE-002,7190,984.0,84.96,13.23,1174.4,1.755,-1.126,3.187,1
2024-01-01 17:58:00,DIE-002,7198,985.9,85,13.31,1186.0,1.768,-1.119,3.186,1
2024-01-01 17:59:00,DIE-002,7206,980.6,85,13.24,1199.6,1.77,-1.131,3.169,1
2024-01-01 18:00:00,DIE-002,7217,980.8,85,13.14,1184.4,1.804,-1.139,3.169,1
2024-01-01 18:01:00,DIE-002,7229,981.9,85,13.19,1194.0,1.734,-1.131,3.209,1
2024-01-01 18:02:00,DIE-002,7238,988.8,85,13.25,1192.5,1.716,-1.13,3.221,1
2024-01-01 18:03:00,DIE-002,7249,985.9,84.63,13.15,1203.0,1.7,-1.1,3.222,1
2024-01-01 18:04:00,DIE-002,7260,980.0,84.65,13.1,1209.8,1.713,-1.095,3.214,1
2024-01-01 18:05:00,DIE-002,7271,974.7,85,13.0,1235.1,1.723,-1.087,3.257,1
2024-01-01 18:06:00,DIE-002,7282,976.2,84.81,12.95,1250.9,1.666,-1.112,3.235,1
2024-01-01 18:07:00,DIE-002,7290,973.2,84.59,12.88,1231.9,1.715,-1.108,3.26,1
2024-01-01 18:08:00,DIE-002,7301,972.0,85,12.94,1223.2,1.788,-1.143,3.245,1
2024-01-01 18:09:00,DIE-002,7309,966.1,84.6,12.99,1212.6,1.812,-1.16,3.269,1
2024-01-01 18:10:00,DIE-002,7320,967.9,84.79,12.98,1223.4,1.72,-1.109,3.25,1
2024-01-01 18:11:00,DIE-002,7332,968.3,84.74,12.9,1234.1,1.648,-1.091,3.247,1
2024-01-01 18:12:00,DIE-002,7341,977.7,85,13.0,1246.8,1.664,-1.088,3.277,1
2024-01-01 18:13:00,DIE-002,7351,975.4,85,13.07,1253.4,1.645,-1.098,3.286,1
2024-01-01 18:14:00,DIE-002,7359,975.7,85,13.18,1260.5,1.666,-1.147,3.304,1
2024-01-01 18:15:00,DIE-002,7371,974.6,84.87,13.19,1261.9,1.673,-1.12,3.294,1
2024-01-01 18:16:00,DIE-002,7379,976.7,85,13.22,1253.3,1.704,-1.105,3.297,1
2024-01-01 18:17:00,DIE-002,7388,968.7,85,13.2,1256.3,1.67,-1.097,3.318,1
2024-01-01 18:18:00,DIE-002,7396,958.1,85,13.17,1261.9,1.594,-1.09,3.321,1
2024-01-01 18:19:00,DIE-002,7406,964.9,84.99,13.14,1262.2,1.619,-1.078,3.335,1
2024-01-01 18:20:00,DIE-002,7418,965.0,85,13.14,1262.5,1.549,-1.069,3.322,1
2024-01-01 18:21:00,DIE-002,7430,960.5,85,12.97,1241.4,1.561,-1.104,3.315,1
2024-01-01 18:22:00,DIE-002,7442,958.8,84.63,12.97,1223.1,1.522,-1.091,3.261,1
2024-01-01 18:23:00,DIE-002,7451,958.8,85,13.09,1227.2,1.505,-1.075,3.244,1
2024-01-01 18:24:00,DIE-002,7461,955.8,85,13.09,1229.7,1.453,-1.064,3.28,1
2024-01-01 18:25:00,DIE-002,7470,963.8,85,13.04,1229.8,1.46,-1.061,3.312,1
2024-01-01 18:26:00,DIE-002,7481,957.4,85,13.0,1237.1,1.529,-1.024,3.313,1
2024-01-01 18:27:00,DIE-002,7489,960.2,85,13.02,1222.7,1.538,-1.036,3.287,1
2024-01-01 18:28:00,DIE-002,7501,957.7,85,13.0,1221.3,1.615,-1.04,3.311,1
2024-01-01 18:29:00,DIE-002,7511,959.5,85,12.98,1229.7,1.614,-1.044,3.288,1
2024-01-01 18:30:00,DIE-002,7519,952.5,85,12.92,1241.6,1.586,-1.02,3.273,1
2024-01-01 18:31:00,DIE-002,7529,956.1,85,12.95,1253.1,1.616,-1.054,3.277,1
2024-01-01 18:32:00,DIE-002,7537,953.0,84.85,12.95,1235.3,1.639,-1.054,3.289,1
2024-01-01 18:33:00,DIE-002,7548,949.0,85,12.84,1251.0,1.692,-1.045,3.328,1
2024-01-01 18:34:00,DIE-002,7558,947.8,85,12.77,1286.1,1.71,-1.021,3.279,1
2024-01-01 18:35:00,DIE-002,7567,952.5,84.82,12.82,1296.4,1.708,-1.009,3.278,1
2024-01-01 18:36:00,DIE-002,7575,951.9,85,12.9,1303.2,1.799,-1.014,3.266,1
2024-01-01 18:37:00,DIE-002,7586,952.0,85,12.83,1301.2,1.761,-1.063,3.281,1
2024-01-01 18:38:00,DIE-002,7598,942.2,84.98,12.86,1288.8,1.736,-1.084,3.253,1
2024-01-01 18:39:00,DIE-002,7610,933.9,84.94,12.85,1262.3,1.688,-1.084,3.259,1
2024-01-01 18:40:00,DIE-002,7621,932.3,85,12.78,1300.5,1.701,-1.084,3.214,1
2024-01-01 18:41:00,DIE-002,7631,927.4,85,12.81,1304.9,1.77,-1.073,3.198,1
2024-01-01 18:42:00,DIE-002,7640,934.3,85,12.73,1304.3,1.728,-1.058,3.191,1
2024-01-01 18:43:00,DIE-002,7652,937.9,84.37,12.75,1316.2,1.742,-1.041,3.171,1
2024-01-01 18:44:00,DIE-002,7663,941.1,85,12.94,1323.0,1.764,-1.031,3.196,1
2024-01-01 18:45:00,DIE-002,7674,937.1,84.94,12.89,1330.2,1.737,-1.041,3.185,1
2024-01-01 18:46:00,DIE-002,7683,931.6,84.91,12.92,1324.7,1.794,-1.024,3.203,1
2024-01-01 18:47:00,DIE-002,7691,935.9,85,12.86,1321.9,1.773,-1.003,3.214,1
2024-01-01 18:48:00,DIE-002,7699,945.5,85,12.78,1338.8,1.79,-1.02,3.206,1
2024-01-01 18:49:00,DIE-002,7709,944.8,85,12.8,1300.0,1.731,-1.048,3.17,1
2024-01-01 18:50:00,DIE-002,7718,947.4,84.46,12.84,1284.5,1.727,-1.031,3.176,1
2024-01-01 18:51:00,DIE-002,7730,945.8,84.71,12.87,1275.3,1.708,-1.05,3.139,1
2024-01-01 18:52:00,DIE-002,7738,942.2,85.0,12.85,1290.0,1.695,-1.04,3.107,1
2024-01-01 18:53:00,DIE-002,7750,943.2,85,12.96,1296.2,1.657,-1.008,3.084,1
2024-01-01 18:54:00,DIE-002,7760,941.4,85,12.84,1301.8,1.671,-1.006,3.096,1
2024-01-01 18:55:00,DIE-002,7771,939.5,85,12.93,1299.1,1.706,-1.013,3.116,1
2024-01-01 18:56:00,DIE-002,7782,937.1,85,12.81,1270.8,1.655,-1.021,3.135,1
2024-01-01 18:57:00,DIE-002,7793,935.8,85,12.75,1260.1,1.679,-0.985,3.153,1
2024-01-01 18:58:00,DIE-002,7803,928.8,85,12.55,1269.0,1.695,-1.024,3.1,1
2024-01-01 18:59:00,DIE-002,7814,931.6,84.73,12.38,1269.3,1.615,-1.007,3.156,1
2024-01-01 19:00:00,DIE-002,7823,936.6,84.84,12.14,1273.0,1.665,-0.974,3.158,1
2024-01-01 19:01:00,DIE-002,7833,943.4,85,12.07,1250.6,1.698,-0.996,3.123,1
2024-01-01 19:02:00,DIE-002,7845,943.1,85,11.92,1253.6,1.671,-0.996,3.101,1
2024-01-01 19:03:00,DIE-002,7857,949.5,85,12.0,1233.9,1.661,-0.984,3.093,1
2024-01-01 19:04:00,DIE-002,7865,941.8,85,11.9,1228.5,1.662,-0.99,3.077,1
2024-01-01 19:05:00,DIE-002,7873,946.3,84.41,11.93,1258.4,1.624,-1.001,3.064,1
2024-01-01 19:06:00,DIE-002,7883,948.1,84.39,11.91,1289.9,1.668,-1.031,3.044,1
2024-01-01 19:07:00,DIE-002,7894,942.3,84.56,12.01,1325.7,1.692,-1.05,3.054,1
2024-01-01 19:08:00,DIE-002,7905,944.2,84.83,12.05,1308.2,1.769,-1.078,3.114,1
2024-01-01 19:09:00,DIE-002,7915,945.3,85,11.93,1288.4,1.77,-1.102,3.106,1
2024-01-01 19:10:00,DIE-002,7923,952.3,84.5,11.83,1303.9,1.796,-1.076,3.137,1
2024-01-01 19:11:00,DIE-002,7933,952.8,84.14,11.68,1311.7,1.799,-1.076,3.114,1
2024-01-01 19:12:00,DIE-002,7943,950.3,84.0,11.72,1306.1,1.808,-1.068,3.138,1
2024-01-01 19:13:00,DIE-002,7955,948.5,84.01,11.61,1313.8,1.819,-1.034,3.187,1
2024-01-01 19:14:00,DIE-002,7964,956.4,84.51,11.62,1302.0,1.848,-1.004,3.168,1
2024-01-01 19:15:00,DIE-002,7976,961.4,84.54,11.63,1296.0,1.82,-0.973,3.195,1
2024-01-01 19:16:00,DIE-002,7986,965.4,85,11.57,1292.8,1.908,-0.968,3.212,1
2024-01-01 19:17:00,DIE-002,7994,957.1,85,11.56,1282.8,1.949,-0.973,3.194,1
2024-01-01 19:18:00,DIE-002,8004,966.7,85,11.59,1267.4,1.973,-1.005,3.179,1
2024-01-01 19:19:00,DIE-002,8016,968.4,84.77,11.48,1267.3,1.958,-0.991,3.178,1
2024-01-01 19:20:00,DIE-002,8027,963.3,84.84,11.45,1280.3,1.967,-0.994,3.193,1
2024-01-01 19:21:00,DIE-002,8035,969.3,85,11.43,1271.0,1.934,-0.967,3.125,1
2024-01-01 19:22:00,DIE-002,8046,977.6,85,11.35,1260.3,1.95,-0.959,3.026,1
2024-01-01 19:23:00,DIE-002,8056,978.1,85,11.45,1265.1,1.894,-0.959,3.063,1
2024-01-01 19:24:00,DIE-002,8067,975.5,85,11.51,1269.4,1.915,-0.961,3.061,1
2024-01-01 19:25:00,DIE-002,8076,980.4,85,11.67,1309.8,1.903,-0.977,3.088,1
2024-01-01 19:26:00,DIE-002,8086,979.4,85,11.65,1319.2,1.921,-0.971,3.048,1
2024-01-01 19:27:00,DIE-002,8094,978.3,85,11.68,1318.0,1.957,-0.961,3.035,1
2024-01-01 19:28:00,DIE-002,8103,976.6,85,11.75,1321.9,1.961,-0.994,3.046,1
2024-01-01 19:29:00,DIE-002,8115,975.5,85,11.68,1290.6,1.936,-0.999,3.034,1
2024-01-01 19:30:00,DIE-002,8126,975.5,85,11.76,1283.0,1.919,-1.013,3.045,1
2024-01-01 19:31:00,DIE-002,8138,976.2,85,11.76,1309.3,1.938,-1.021,3.053,1
2024-01-01 19:32:00,DIE-002,8147,970.8,84.94,11.77,1303.4,1.967,-0.995,2.998,1
2024-01-01 19:33:00,DIE-002,8155,966.5,84.53,11.79,1320.6,2.013,-0.982,2.958,1
2024-01-01 19:34:00,DIE-002,8164,967.0,84.75,11.73,1318.8,2.032,-1.015,2.972,1
2024-01-01 19:35:00,DIE-002,8172,972.9,84.48,11.78,1297.4,2.081,-1.018,2.988,1
2024-01-01 19:36:00,DIE-002,8184,967.3,84.97,11.76,1318.0,2.129,-1.038,2.986,1
2024-01-01 19:37:00,DIE-002,8192,974.1,85,11.75,1322.2,2.157,-1.029,3.0,1
2024-01-01 19:38:00,DIE-002,8204,979.5,85,11.77,1325.4,2.223,-1.03,2.995,1
2024-01-01 19:39:00,DIE-002,8213,972.0,85,11.75,1326.2,2.225,-1.027,3.009,1
2024-01-01 19:40:00,DIE-002,8221,968.1,85,11.71,1329.0,2.213,-1.036,2.953,1
2024-01-01 19:41:00,DIE-002,8232,978.2,84.9,11.61,1319.5,2.222,-1.045,2.938,1
2024-01-01 19:42:00,DIE-002,8242,981.0,85,11.67,1315.9,2.191,-1.044,2.94,1
2024-01-01 19:43:00,DIE-002,8253,981.1,85,11.78,1328.4,2.133,-1.057,2.937,1
2024-01-01 19:44:00,DIE-002,8261,983.1,85,11.77,1343.9,2.203,-1.054,2.898,1
2024-01-01 19:45:00,DIE-002,8271,981.9,85,11.82,1353.0,2.279,-1.026,2.832,1
2024-01-01 19:46:00,DIE-002,8281,983.8,85,11.83,1351.4,2.284,-1.003,2.846,1
2024-01-01 19:47:00,DIE-002,8293,995.7,85,11.8,1349.8,2.322,-1.004,2.86,1
2024-01-01 19:48:00,DIE-002,8305,998.3,84.59,11.9,1352.3,2.344,-1.014,2.849,1
2024-01-01 19:49:00,DIE-002,8317,1007.2,85,11.82,1382.4,2.303,-1.052,2.79,1
2024-01-01 19:50:00,DIE-002,8325,1007.8,85,11.84,1356.9,2.271,-1.043,2.77,1
2024-01-01 19:51:00,DIE-002,8335,1008.2,85,11.75,1352.9,2.241,-1.037,2.799,1
2024-01-01 19:52:00,DIE-002,8347,1003.9,85,11.67,1367.3,2.268,-1.048,2.817,1
2024-01-01 19:53:00,DIE-002,8356,1000.2,84.77,11.65,1349.8,2.29,-1.051,2.804,1
2024-01-01 19:54:00,DIE-002,8365,1001.4,85,11.68,1364.7,2.305,-1.052,2.769,1
2024-01-01 19:55:00,DIE-002,8376,989.0,85,11.62,1367.8,2.343,-1.049,2.771,1
2024-01-01 19:56:00,DIE-002,8388,976.0,85,11.52,1343.2,2.357,-1.054,2.807,1
2024-01-01 19:57:00,DIE-002,8396,972.8,85,11.38,1322.6,2.344,-1.054,2.798,1
2024-01-01 19:58:00,DIE-002,8406,965.8,85,11.38,1321.0,2.384,-1.085,2.805,1
2024-01-01 19:59:00,DIE-002,8416,970.8,85,11.43,1323.6,2.436,-1.054,2.805,1
2024-01-01 20:00:00,DIE-002,8426,970.9,84.64,11.5,1344.7,2.488,-1.057,2.795,1
2024-01-01 20:01:00,DIE-002,8435,968.1,84.81,11.53,1356.7,2.556,-1.051,2.819,1
2024-01-01 20:02:00,DIE-002,8443,966.2,84.72,11.55,1362.4,2.579,-1.059,2.776,1
2024-01-01 20:03:00,DIE-002,8453,958.8,85,11.48,1351.6,2.508,-1.048,2.8,1
2024-01-01 20:04:00,DIE-002,8462,954.5,85,11.41,1322.5,2.561,-1.027,2.804,1
2024-01-01 20:05:00,DIE-002,8470,957.3,84.58,11.46,1334.4,2.616,-1.036,2.744,1
2024-01-01 20:06:00,DIE-002,8482,968.3,84.45,11.61,1314.6,2.699,-1.04,2.8,1
2024-01-01 20:07:00,DIE-002,8494,982.6,84.45,11.56,1305.8,2.707,-1.029,2.772,1
2024-01-01 20:08:00,DIE-002,8504,982.4,84.89,11.54,1280.2,2.747,-1.026,2.746,1
2024-01-01 20:09:00,DIE-002,8512,986.8,85,11.52,1269.2,2.666,-1.022,2.792,1
2024-01-01 20:10:00,DIE-002,8520,982.1,85,11.44,1250.0,2.672,-1.028,2.818,1
2024-01-01 20:11:00,DIE-002,8529,991.4,85,11.47,1261.9,2.633,-1.006,2.835,1
2024-01-01 20:12:00,DIE-002,8537,988.1,85,11.46,1275.3,2.649,-0.997,2.783,1
2024-01-01 20:13:00,DIE-002,8546,992.3,85,11.57,1273.3,2.633,-0.984,2.809,1
2024-01-01 20:14:00,DIE-002,8557,991.2,84.66,11.57,1260.1,2.649,-0.97,2.813,1
2024-01-01 20:15:00,DIE-002,8565,990.2,84.94,11.43,1249.2,2.575,-0.971,2.8,1
2024-01-01 20:16:00,DIE-002,8574,990.6,84.37,11.4,1246.0,2.611,-0.925,2.843,1
2024-01-01 20:17:00,DIE-002,8586,995.7,84.44,11.38,1219.2,2.534,-0.914,2.846,1
2024-01-01 20:18:00,DIE-002,8596,992.8,85,11.41,1202.1,2.526,-0.898,2.866,1
2024-01-01 20:19:00,DIE-002,8605,998.1,84.73,11.34,1184.8,2.533,-0.891,2.86,1
2024-01-01 20:20:00,DIE-002,8614,1000.0,84.59,11.33,1181.8,2.524,-0.887,2.854,1
2024-01-01 20:21:00,DIE-002,8626,1000.4,85,11.36,1192.8,2.499,-0.893,2.844,1
2024-01-01 20:22:00,DIE-002,8638,1000.0,85,11.33,1198.1,2.437,-0.874,2.752,1
2024-01-01 20:23:00,DIE-002,8648,998.9,84.95,11.27,1209.6,2.374,-0.878,2.759,1
2024-01-01 20:24:00,DIE-002,8656,997.7,85,11.29,1224.4,2.406,-0.898,2.72,1
2024-01-01 20:25:00,DIE-002,8664,991.7,85,11.15,1252.7,2.383,-0.909,2.717,1
2024-01-01 20:26:00,DIE-002,8672,991.6,85,11.21,1263.1,2.394,-0.918,2.683,1
2024-01-01 20:27:00,DIE-002,8680,989.5,85,11.34,1284.1,2.38,-0.939,2.673,1
2024-01-01 20:28:00,DIE-002,8689,984.6,85,11.35,1265.7,2.409,-0.933,2.679,1
2024-01-01 20:29:00,DIE-002,8700,986.1,84.91,11.3,1275.1,2.455,-0.949,2.636,1
2024-01-01 20:30:00,DIE-002,8711,985.8,85,11.4,1257.7,2.498,-0.925,2.654,1
2024-01-01 20:31:00,DIE-002,8719,981.4,84.9,11.53,1284.3,2.539,-0.918,2.632,1
2024-01-01 20:32:00,DIE-002,8730,988.1,85,11.48,1293.1,2.557,-0.927,2.643,1
2024-01-01 20:33:00,DIE-002,8740,980.4,84.83,11.59,1282.8,2.654,-0.924,2.64,1
2024-01-01 20:34:00,DIE-002,8748,976.2,85,11.63,1253.9,2.553,-0.928,2.574,1
2024-01-01 20:35:00,DIE-002,8756,974.1,85,11.5,1241.0,2.59,-0.94,2.574,1
2024-01-01 20:36:00,DIE-002,8766,967.5,85,11.35,1247.0,2.647,-0.929,2.619,1
2024-01-01 20:37:00,DIE-002,8774,969.3,85,11.35,1250.0,2.674,-0.892,2.608,1
2024-01-01 20:38:00,DIE-002,8783,971.1,84.88,11.3,1271.6,2.651,-0.883,2.617,1
2024-01-01 20:39:00,DIE-002,8791,972.9,84.93,11.21,1241.5,2.669,-0.879,2.623,1
2024-01-01 20:40:00,DIE-002,8800,973.0,85,11.17,1225.7,2.707,-0.857,2.632,1
2024-01-01 20:41:00,DIE-002,8811,973.0,85,11.07,1258.0,2.682,-0.875,2.609,1
2024-01-01 20:42:00,DIE-002,8821,975.2,85,11.22,1250.8,2.694,-0.907,2.605,1
2024-01-01 20:43:00,DIE-002,8830,975.1,85,11.24,1258.2,2.645,-0.917,2.632,1
2024-01-01 20:44:00,DIE-002,8842,979.8,85,11.3,1253.1,2.612,-0.902,2.625,1
2024-01-01 20:45:00,DIE-002,8852,976.1,85,11.2,1284.8,2.591,-0.866,2.594,1
2024-01-01 20:46:00,DIE-002,8861,970.8,85,11.1,1310.6,2.639,-0.853,2.616,1
2024-01-01 20:47:00,DIE-002,8873,961.3,85,11.2,1312.9,2.679,-0.891,2.624,1
2024-01-01 20:48:00,DIE-002,8885,972.2,85,11.25,1338.8,2.694,-0.879,2.61,1
2024-01-01 20:49:00,DIE-002,8894,970.5,84.81,11.27,1333.0,2.703,-0.851,2.592,1
2024-01-01 20:50:00,DIE-002,8904,974.8,85,11.3,1331.4,2.697,-0.848,2.597,1
2024-01-01 20:51:00,DIE-002,8915,971.2,84.21,11.39,1330.7,2.649,-0.821,2.626,1
2024-01-01 20:52:00,DIE-002,8926,971.4,84.29,11.44,1333.3,2.697,-0.822,2.634,1
2024-01-01 20:53:00,DIE-002,8938,976.1,85,11.52,1341.8,2.701,-0.839,2.641,1
2024-01-01 20:54:00,DIE-002,8947,978.7,85,11.56,1373.2,2.655,-0.81,2.622,1
2024-01-01 20:55:00,DIE-002,8959,978.5,85,11.63,1347.9,2.662,-0.817,2.609,1
2024-01-01 20:56:00,DIE-002,8968,987.9,85,11.57,1385.2,2.687,-0.806,2.559,1
2024-01-01 20:57:00,DIE-002,8979,984.9,85,11.5,1387.5,2.767,-0.778,2.534,1
2024-01-01 20:58:00,DIE-002,8991,985.9,85,11.51,1402.0,2.765,-0.784,2.517,1
2024-01-01 20:59:00,DIE-002,8999,981.1,85,11.49,1388.9,2.802,-0.794,2.465,1
2024-01-01 21:00:00,DIE-002,9009,970.7,84.66,11.48,1372.8,2.8,-0.758,2.432,1
2024-01-01 21:01:00,DIE-002,9021,974.6,84.34,11.4,1374.9,2.748,-0.782,2.469,1
2024-01-01 21:02:00,DIE-002,9031,978.0,83.91,11.4,1350.1,2.718,-0.813,2.476,1
2024-01-01 21:03:00,DIE-002,9043,976.3,83.85,11.5,1340.2,2.747,-0.798,2.47,1
2024-01-01 21:04:00,DIE-002,9053,972.5,83.8,11.52,1309.2,2.683,-0.813,2.516,1
2024-01-01 21:05:00,DIE-002,9062,962.8,84.47,11.62,1312.9,2.656,-0.807,2.465,1
2024-01-01 21:06:00,DIE-002,9073,957.5,84.84,11.7,1307.0,2.619,-0.864,2.435,1
2024-01-01 21:07:00,DIE-002,9081,958.4,84.51,11.72,1323.7,2.582,-0.858,2.454,1
2024-01-01 21:08:00,DIE-002,9093,965.9,84.37,11.66,1322.4,2.556,-0.882,2.439,1
2024-01-01 21:09:00,DIE-002,9105,968.7,84.99,11.79,1323.7,2.48,-0.844,2.433,1
2024-01-01 21:10:00,DIE-002,9115,978.8,84.86,11.82,1329.3,2.462,-0.87,2.412,1
2024-01-01 21:11:00,DIE-002,9124,984.1,84.38,11.9,1321.2,2.456,-0.875,2.401,1
2024-01-01 21:12:00,DIE-002,9136,980.5,84.72,11.87,1324.4,2.459,-0.878,2.369,1
2024-01-01 21:13:00,DIE-002,9145,981.1,84.87,11.73,1319.1,2.492,-0.869,2.362,1
2024-01-01 21:14:00,DIE-002,9154,982.0,84.55,11.79,1335.2,2.504,-0.908,2.353,1
2024-01-01 21:15:00,DIE-002,9162,992.6,84.75,11.75,1335.2,2.502,-0.919,2.322,1
2024-01-01 21:16:00,DIE-002,9174,984.6,85,11.78,1337.1,2.536,-0.949,2.31,1
2024-01-01 21:17:00,DIE-002,9183,984.5,85,11.71,1366.0,2.521,-0.942,2.314,1
2024-01-01 21:18:00,DIE-002,9195,991.3,85,11.81,1376.2,2.58,-0.927,2.343,1
2024-01-01 21:19:00,DIE-002,9204,993.0,85,11.73,1401.6,2.509,-0.945,2.31,1
2024-01-01 21:20:00,DIE-002,9212,992.6,84.8,11.73,1404.3,2.466,-0.944,2.306,1
2024-01-01 21:21:00,DIE-002,9223,995.5,85,11.65,1405.6,2.425,-0.937,2.318,1
2024-01-01 21:22:00,DIE-002,9231,993.4,85,11.74,1388.3,2.466,-0.977,2.393,1
2024-01-01 21:23:00,DIE-002,9243,986.8,84.91,11.63,1389.7,2.435,-0.996,2.415,1
2024-01-01 21:24:00,DIE-002,9255,985.8,85,11.66,1405.3,2.453,-0.991,2.441,1
2024-01-01 21:25:00,DIE-002,9264,983.8,85,11.83,1391.6,2.48,-0.971,2.426,1
2024-01-01 21:26:00,DIE-002,9273,990.1,84.38,11.85,1397.6,2.479,-0.971,2.464,1
2024-01-01 21:27:00,DIE-002,9282,995.5,84.97,11.65,1390.6,2.519,-1.023,2.441,1
2024-01-01 21:28:00,DIE-002,9293,998.0,85,11.76,1400.6,2.51,-1.008,2.514,1
2024-01-01 21:29:00,DIE-002,9305,1001.9,84.98,11.8,1386.4,2.54,-1.0,2.511,1
2024-01-01 21:30:00,DIE-002,9315,1001.5,85,11.68,1393.2,2.559,-1.017,2.444,1
2024-01-01 21:31:00,DIE-002,9326,999.1,85,11.59,1360.0,2.552,-0.983,2.47,1
2024-01-01 21:32:00,DIE-002,9334,1006.7,84.49,11.46,1345.1,2.573,-0.976,2.39,1
2024-01-01 21:33:00,DIE-002,9343,1005.1,84.24,11.43,1357.7,2.511,-0.984,2.36,1
2024-01-01 21:34:00,DIE-002,9354,1007.5,84.1,11.45,1347.7,2.548,-0.968,2.264,1
2024-01-01 21:35:00,DIE-002,9365,1003.1,84.46,11.47,1347.7,2.446,-0.933,2.272,1
2024-01-01 21:36:00,DIE-002,9377,996.2,84.39,11.32,1367.4,2.48,-0.918,2.327,1
2024-01-01 21:37:00,DIE-002,9388,999.9,84.5,11.4,1369.0,2.458,-0.913,2.299,1
2024-01-01 21:38:00,DIE-002,9396,998.0,84.73,11.37,1361.3,2.464,-0.894,2.294,1
2024-01-01 21:39:00,DIE-002,9407,996.1,84.56,11.26,1374.8,2.467,-0.848,2.289,1
2024-01-01 21:40:00,DIE-002,9417,993.7,84.76,11.37,1384.4,2.481,-0.851,2.265,1
2024-01-01 21:41:00,DIE-002,9428,991.8,85,11.34,1402.8,2.467,-0.88,2.255,1
2024-01-01 21:42:00,DIE-002,9437,985.6,85,11.32,1421.1,2.49,-0.879,2.261,1
2024-01-01 21:43:00,DIE-002,9447,984.7,85,11.13,1417.2,2.463,-0.867,2.235,1
2024-01-01 21:44:00,DIE-002,9459,983.9,84.78,11.24,1413.0,2.447,-0.841,2.258,1
2024-01-01 21:45:00,DIE-002,9471,978.3,84.46,11.16,1409.6,2.49,-0.862,2.248,1
2024-01-01 21:46:00,DIE-002,9479,976.5,84.13,11.13,1417.0,2.522,-0.875,2.233,1
2024-01-01 21:47:00,DIE-002,9488,978.6,84.76,11.15,1412.9,2.591,-0.868,2.231,1
2024-01-01 21:48:00,DIE-002,9499,972.4,84.85,11.11,1418.6,2.527,-0.899,2.183,1
2024-01-01 21:49:00,DIE-002,9508,972.1,85,11.08,1408.7,2.525,-0.893,2.183,1
2024-01-01 21:50:00,DIE-002,9520,969.6,85,11.04,1414.5,2.504,-0.904,2.205,1
2024-01-01 21:51:00,DIE-002,9528,970.9,84.66,10.9,1415.0,2.464,-0.906,2.179,1
2024-01-01 21:52:00,DIE-002,9539,969.7,84.7,10.94,1423.6,2.397,-0.915,2.163,1
2024-01-01 21:53:00,DIE-002,9549,973.8,84.98,11.03,1409.0,2.407,-0.892,2.206,1
2024-01-01 21:54:00,DIE-002,9561,971.8,85,11.0,1403.0,2.356,-0.897,2.202,1
2024-01-01 21:55:00,DIE-002,9570,976.8,85,10.96,1436.0,2.333,-0.88,2.191,1
2024-01-01 21:56:00,DIE-002,9579,976.3,85,11.01,1431.1,2.338,-0.912,2.208,1
2024-01-01 21:57:00,DIE-002,9589,975.0,84.27,11.14,1448.2,2.423,-0.907,2.254,1
2024-01-01 21:58:00,DIE-002,9599,966.4,84.22,11.11,1456.0,2.471,-0.908,2.226,1
2024-01-01 21:59:00,DIE-002,9609,964.6,84.87,11.12,1418.8,2.459,-0.884,2.214,1
2024-01-01 22:00:00,DIE-002,9617,958.1,84.44,11.13,1406.5,2.458,-0.881,2.2,1
2024-01-01 22:01:00,DIE-002,9629,964.6,84.51,11.1,1423.0,2.381,-0.891,2.189,1
2024-01-01 22:02:00,DIE-002,9638,956.9,84.42,11.05,1417.1,2.456,-0.882,2.195,1
2024-01-01 22:03:00,DIE-002,9648,961.0,84.37,11.09,1421.9,2.432,-0.879,2.214,1
2024-01-01 22:04:00,DIE-002,9660,968.0,83.89,10.93,1426.2,2.403,-0.882,2.161,1
2024-01-01 22:05:00,DIE-002,9668,972.4,84.44,10.94,1434.4,2.396,-0.858,2.12,1
2024-01-01 22:06:00,DIE-002,9678,980.8,84.23,11.02,1437.5,2.343,-0.851,2.135,1
2024-01-01 22:07:00,DIE-002,9690,980.0,83.72,11.0,1415.0,2.296,-0.85,2.131,1
2024-01-01 22:08:00,DIE-002,9700,986.6,84.28,10.85,1410.0,2.282,-0.841,2.149,1
2024-01-01 22:09:00,DIE-002,9711,990.0,83.42,10.95,1423.1,2.242,-0.87,2.174,1
2024-01-01 22:10:00,DIE-002,9723,986.1,83.54,10.99,1438.3,2.223,-0.854,2.172,1
2024-01-01 22:11:00,DIE-002,9735,978.6,83.1,10.9,1425.7,2.241,-0.831,2.133,1
2024-01-01 22:12:00,DIE-002,9747,977.2,83.56,10.86,1445.2,2.254,-0.825,2.102,1
2024-01-01 22:13:00,DIE-002,9755,963.6,84.07,10.98,1448.5,2.246,-0.819,2.075,1
2024-01-01 22:14:00,DIE-002,9764,954.8,83.65,11.03,1453.3,2.199,-0.848,2.09,1
2024-01-01 22:15:00,DIE-002,9774,954.7,83.75,11.01,1467.0,2.2,-0.835,2.094,1
2024-01-01 22:16:00,DIE-002,9785,951.7,83.66,11.06,1474.5,2.229,-0.854,2.064,1
2024-01-01 22:17:00,DIE-002,9796,956.2,84.3,11.23,1461.6,2.142,-0.892,2.094,1
2024-01-01 22:18:00,DIE-002,9807,955.4,83.97,11.11,1474.5,2.195,-0.864,2.141,1
2024-01-01 22:19:00,DIE-002,9817,954.6,83.74,11.3,1484.0,2.207,-0.852,2.097,1
2024-01-01 22:20:00,DIE-002,9825,954.4,83.48,11.35,1487.9,2.254,-0.822,2.123,1
2024-01-01 22:21:00,DIE-002,9833,954.6,84.09,11.4,1501.6,2.222,-0.842,2.141,1
2024-01-01 22:22:00,DIE-002,9842,953.4,83.65,11.45,1502.9,2.175,-0.838,2.169,1
2024-01-01 22:23:00,DIE-002,9851,956.3,84.02,11.39,1492.2,2.235,-0.856,2.201,1
2024-01-01 22:24:00,DIE-002,9862,958.2,84.2,11.37,1490.6,2.246,-0.849,2.225,1
2024-01-01 22:25:00,DIE-002,9873,949.2,83.76,11.45,1490.9,2.264,-0.811,2.245,1
2024-01-01 22:26:00,DIE-002,9884,956.2,83.62,11.49,1505.7,2.274,-0.79,2.24,1
2024-01-01 22:27:00,DIE-002,9896,952.8,83.04,11.32,1538.7,2.249,-0.796,2.257,1
2024-01-01 22:28:00,DIE-002,9908,963.3,82.79,11.34,1553.8,2.258,-0.787,2.233,1
2024-01-01 22:29:00,DIE-002,9920,965.3,83.1,11.37,1545.9,2.25,-0.773,2.217,1
2024-01-01 22:30:00,DIE-002,9930,964.2,82.81,11.22,1531.0,2.265,-0.749,2.206,1
2024-01-01 22:31:00,DIE-002,9941,969.0,82.74,11.13,1530.3,2.219,-0.738,2.231,1
2024-01-01 22:32:00,DIE-002,9950,975.1,82.55,11.13,1541.7,2.244,-0.77,2.194,1
2024-01-01 22:33:00,DIE-002,9959,969.9,82.98,11.06,1553.2,2.201,-0.744,2.195,1
2024-01-01 22:34:00,DIE-002,9970,971.5,83.04,11.06,1585.4,2.153,-0.74,2.18,1
2024-01-01 22:35:00,DIE-002,9981,971.5,82.85,10.92,1609.2,2.228,-0.717,2.168,1
2024-01-01 22:36:00,DIE-002,9990,976.9,83.44,10.92,1602.4,2.239,-0.736,2.183,1
2024-01-01 22:37:00,DIE-002,10002,967.3,83.48,10.94,1626.8,2.258,-0.773,2.187,1
2024-01-01 22:38:00,DIE-002,10013,961.4,83.42,10.87,1621.0,2.274,-0.741,2.179,1
2024-01-01 22:39:00,DIE-002,10025,956.7,83.24,10.92,1587.7,2.254,-0.727,2.114,1
2024-01-01 06:00:00,DIE-003,8,851.2,45.31,11.94,1232.1,0.755,-0.029,2.524,0
2024-01-01 06:01:00,DIE-003,16,846.0,44.95,11.96,1257.9,0.684,-0.011,2.496,0
2024-01-01 06:02:00,DIE-003,24,848.9,44.98,11.84,1245.8,0.677,-0.037,2.492,0
2024-01-01 06:03:00,DIE-003,34,849.8,45.08,11.9,1257.9,0.641,-0.003,2.512,0
2024-01-01 06:04:00,DIE-003,42,835.9,44.51,12.0,1269.2,0.587,-0.002,2.534,0
2024-01-01 06:05:00,DIE-003,51,839.3,44.49,11.96,1285.8,0.654,0.043,2.499,0
2024-01-01 06:06:00,DIE-003,62,832.1,44.61,12.07,1292.5,0.653,0.034,2.522,0
2024-01-01 06:07:00,DIE-003,71,835.4,44.71,12.06,1289.7,0.646,0.046,2.543,0
2024-01-01 06:08:00,DIE-003,83,836.1,43.78,12.09,1309.5,0.645,0.041,2.514,0
2024-01-01 06:09:00,DIE-003,93,833.8,43.8,12.1,1318.9,0.697,0.032,2.493,0
2024-01-01 06:10:00,DIE-003,105,840.6,44.21,12.1,1325.7,0.682,0.066,2.475,0
2024-01-01 06:11:00,DIE-003,114,834.2,44.91,12.02,1313.9,0.666,0.084,2.506,0
2024-01-01 06:12:00,DIE-003,125,840.8,45.46,11.92,1301.2,0.596,0.123,2.495,0
2024-01-01 06:13:00,DIE-003,133,831.4,45.71,11.8,1335.9,0.596,0.118,2.457,0
2024-01-01 06:14:00,DIE-003,143,836.7,46.15,11.78,1335.9,0.683,0.148,2.475,0
2024-01-01 06:15:00,DIE-003,154,839.4,46.62,11.74,1321.5,0.673,0.149,2.459,0
2024-01-01 06:16:00,DIE-003,162,839.3,46.77,11.74,1312.8,0.702,0.166,2.474,0
2024-01-01 06:17:00,DIE-003,174,840.2,46.92,11.79,1307.5,0.702,0.161,2.468,0
2024-01-01 06:18:00,DIE-003,182,831.1,47.26,11.85,1309.0,0.725,0.172,2.43,0
2024-01-01 06:19:00,DIE-003,192,822.4,46.84,12.03,1325.8,0.794,0.171,2.427,0
2024-01-01 06:20:00,DIE-003,202,824.1,46.87,12.1,1327.3,0.877,0.142,2.38,0
2024-01-01 06:21:00,DIE-003,213,820.7,46.3,12.22,1325.3,0.891,0.114,2.396,0
2024-01-01 06:22:00,DIE-003,223,817.1,46.6,12.25,1335.3,0.872,0.116,2.407,0
2024-01-01 06:23:00,DIE-003,234,813.8,46.72,12.25,1342.3,0.879,0.118,2.392,0
2024-01-01 06:24:00,DIE-003,243,824.7,46.87,12.28,1323.9,0.912,0.13,2.394,0
2024-01-01 06:25:00,DIE-003,252,822.5,46.76,12.29,1330.7,0.913,0.127,2.365,0
2024-01-01 06:26:00,DIE-003,260,823.3,46.84,12.25,1290.8,0.901,0.105,2.368,0
2024-01-01 06:27:00,DIE-003,271,824.7,46.95,12.27,1287.7,0.866,0.141,2.357,0
2024-01-01 06:28:00,DIE-003,281,820.7,47.32,12.26,1300.2,0.874,0.13,2.356,0
2024-01-01 06:29:00,DIE-003,293,819.6,46.98,12.28,1314.5,0.827,0.1,2.371,0
2024-01-01 06:30:00,DIE-003,305,819.6,47.08,12.29,1315.6,0.846,0.128,2.385,0
2024-01-01 06:31:00,DIE-003,316,817.2,47.49,12.41,1347.0,0.812,0.151,2.331,0
2024-01-01 06:32:00,DIE-003,327,818.1,47.34,12.33,1337.7,0.842,0.123,2.324,0
2024-01-01 06:33:00,DIE-003,337,818.3,47.0,12.38,1332.7,0.875,0.095,2.297,0
2024-01-01 06:34:00,DIE-003,345,824.6,47.16,12.36,1326.0,0.875,0.099,2.275,0
2024-01-01 06:35:00,DIE-003,357,819.1,47.22,12.26,1334.3,0.829,0.089,2.23,0
2024-01-01 06:36:00,DIE-003,367,815.3,47.06,12.19,1313.8,0.819,0.1,2.228,0
2024-01-01 06:37:00,DIE-003,375,822.1,47.18,12.13,1327.3,0.754,0.119,2.216,0
2024-01-01 06:38:00,DIE-003,387,816.4,47.1,12.14,1332.7,0.712,0.124,2.238,0
2024-01-01 06:39:00,DIE-003,399,819.9,46.79,12.11,1320.2,0.733,0.135,2.25,0
2024-01-01 06:40:00,DIE-003,409,825.4,46.65,12.06,1315.3,0.766,0.105,2.231,0
2024-01-01 06:41:00,DIE-003,421,826.8,46.39,11.96,1286.6,0.722,0.127,2.23,0
2024-01-01 06:42:00,DIE-003,429,835.2,46.69,11.95,1317.6,0.78,0.086,2.244,0
2024-01-01 06:43:00,DIE-003,437,837.9,45.96,11.93,1308.7,0.773,0.092,2.249,0
2024-01-01 06:44:00,DIE-003,446,834.0,45.46,11.85,1292.6,0.769,0.131,2.28,0
2024-01-01 06:45:00,DIE-003,454,830.4,45.52,11.98,1292.7,0.717,0.096,2.245,0
2024-01-01 06:46:00,DIE-003,466,827.7,45.59,12.14,1319.2,0.78,0.089,2.204,0
2024-01-01 06:47:00,DIE-003,476,826.1,46.02,12.1,1330.9,0.708,0.134,2.191,0
2024-01-01 06:48:00,DIE-003,486,825.2,46.22,12.1,1314.4,0.735,0.121,2.123,0
2024-01-01 06:49:00,DIE-003,498,824.2,47.29,12.08,1290.0,0.802,0.114,2.12,0
2024-01-01 06:50:00,DIE-003,506,824.1,47.41,11.99,1292.7,0.866,0.136,2.136,0
2024-01-01 06:51:00,DIE-003,514,820.0,47.29,12.07,1294.8,0.806,0.157,2.122,0
2024-01-01 06:52:00,DIE-003,525,817.0,46.81,12.1,1275.2,0.73,0.178,2.15,0
2024-01-01 06:53:00,DIE-003,536,823.5,45.5,11.96,1290.6,0.71,0.167,2.132,0
2024-01-01 06:54:00,DIE-003,548,818.7,46.0,11.95,1317.1,0.721,0.147,2.127,0
2024-01-01 06:55:00,DIE-003,560,819.9,45.84,11.91,1310.3,0.804,0.138,2.091,0
2024-01-01 06:56:00,DIE-003,570,819.1,45.47,11.93,1294.0,0.825,0.103,2.076,0
2024-01-01 06:57:00,DIE-003,580,814.7,44.94,11.8,1314.8,0.797,0.097,2.117,0
2024-01-01 06:58:00,DIE-003,591,807.0,44.76,11.87,1308.6,0.792,0.121,2.135,0
2024-01-01 06:59:00,DIE-003,600,811.4,44.59,11.86,1335.1,0.88,0.1,2.175,0
2024-01-01 07:00:00,DIE-003,611,810.4,45.16,12.07,1335.1,0.948,0.092,2.172,0
2024-01-01 07:01:00,DIE-003,623,815.5,45.26,12.09,1295.1,0.993,0.083,2.183,0
2024-01-01 07:02:00,DIE-003,635,809.3,45.51,11.99,1304.7,1.024,0.089,2.195,0
2024-01-01 07:03:00,DIE-003,647,818.5,46.61,11.84,1304.9,1.083,0.118,2.192,0
2024-01-01 07:04:00,DIE-003,656,828.6,46.68,11.83,1297.9,1.098,0.149,2.214,0
2024-01-01 07:05:00,DIE-003,665,825.8,47.05,11.85,1291.6,1.092,0.13,2.263,0
2024-01-01 07:06:00,DIE-003,673,829.8,46.93,11.97,1284.8,1.06,0.131,2.239,0
2024-01-01 07:07:00,DIE-003,681,826.3,47.44,11.89,1280.9,1.13,0.097,2.268,0
2024-01-01 07:08:00,DIE-003,692,826.5,47.06,12.0,1267.8,1.133,0.087,2.266,0
2024-01-01 07:09:00,DIE-003,704,832.7,46.79,11.93,1291.2,1.115,0.102,2.241,0
2024-01-01 07:10:00,DIE-003,716,835.1,47.12,11.85,1296.6,1.126,0.094,2.245,0
2024-01-01 07:11:00,DIE-003,725,839.5,47.69,11.79,1314.4,1.11,0.076,2.22,0
2024-01-01 07:12:00,DIE-003,734,837.4,47.27,11.76,1296.6,1.092,0.098,2.178,0
2024-01-01 07:13:00,DIE-003,742,834.3,47.1,11.85,1323.4,1.082,0.107,2.183,0
2024-01-01 07:14:00,DIE-003,751,833.0,46.58,11.97,1331.6,1.045,0.11,2.173,0
2024-01-01 07:15:00,DIE-003,759,828.4,46.57,11.99,1351.6,1.074,0.145,2.195,0
2024-01-01 07:16:00,DIE-003,771,828.5,46.14,11.93,1361.2,1.075,0.2,2.187,0
2024-01-01 07:17:00,DIE-003,783,826.6,46.19,12.0,1377.5,1.09,0.225,2.199,0
2024-01-01 07:18:00,DIE-003,795,825.8,46.47,11.9,1373.7,1.105,0.24,2.178,0
2024-01-01 07:19:00,DIE-003,805,829.2,46.7,11.77,1358.7,1.09,0.234,2.178,0
2024-01-01 07:20:00,DIE-003,816,829.1,46.84,11.79,1346.2,1.056,0.243,2.179,0
2024-01-01 07:21:00,DIE-003,824,824.6,46.29,11.73,1341.5,1.089,0.249,2.231,0
2024-01-01 07:22:00,DIE-003,836,827.2,46.41,11.78,1330.2,1.114,0.21,2.243,0
2024-01-01 07:23:00,DIE-003,845,817.6,46.53,11.7,1328.5,1.132,0.192,2.213,0
2024-01-01 07:24:00,DIE-003,855,817.8,46.74,11.66,1307.3,1.146,0.203,2.224,0
2024-01-01 07:25:00,DIE-003,866,821.5,46.07,11.74,1301.4,1.103,0.175,2.254,0
2024-01-01 07:26:00,DIE-003,878,822.6,46.19,11.79,1307.2,1.121,0.174,2.303,0
2024-01-01 07:27:00,DIE-003,888,817.4,45.8,11.77,1303.2,1.13,0.178,2.22,0
2024-01-01 07:28:00,DIE-003,896,822.6,46.21,11.86,1301.3,1.079,0.179,2.224,0
2024-01-01 07:29:00,DIE-003,908,824.5,45.5,11.76,1276.6,1.103,0.214,2.229,0
2024-01-01 07:30:00,DIE-003,919,829.8,46.06,11.8,1248.2,1.076,0.198,2.237,0
2024-01-01 07:31:00,DIE-003,928,831.7,46.6,11.83,1251.6,1.143,0.184,2.24,0
2024-01-01 07:32:00,DIE-003,938,829.0,46.07,11.9,1237.8,1.107,0.189,2.248,0
2024-01-01 07:33:00,DIE-003,948,826.3,46.38,11.88,1253.4,1.15,0.184,2.227,0
2024-01-01 07:34:00,DIE-003,958,829.7,46.2,11.88,1216.7,1.207,0.192,2.204,0
2024-01-01 07:35:00,DIE-003,968,831.5,46.18,11.97,1214.7,1.127,0.197,2.194,0
2024-01-01 07:36:00,DIE-003,977,834.2,46.17,11.95,1198.8,1.133,0.169,2.187,0
2024-01-01 07:37:00,DIE-003,989,820.5,46.13,11.72,1168.1,1.16,0.159,2.2,0
2024-01-01 07:38:00,DIE-003,999,815.9,45.74,11.75,1176.0,1.187,0.194,2.155,0
2024-01-01 07:39:00,DIE-003,1007,814.1,46.11,11.7,1194.7,1.191,0.196,2.145,0
2024-01-01 07:40:00,DIE-003,1018,823.2,46.01,11.7,1218.4,1.204,0.215,2.228,0
2024-01-01 07:41:00,DIE-003,1028,822.7,46.0,11.61,1231.3,1.248,0.22,2.286,0
2024-01-01 07:42:00,DIE-003,1038,832.6,46.14,11.7,1211.3,1.246,0.196,2.279,0
2024-01-01 07:43:00,DIE-003,1049,827.6,45.74,11.69,1225.7,1.263,0.212,2.278,0
2024-01-01 07:44:00,DIE-003,1059,838.5,45.32,11.69,1241.5,1.275,0.2,2.25,0
2024-01-01 07:45:00,DIE-003,1067,837.4,44.84,11.71,1216.5,1.297,0.222,2.277,0
2024-01-01 07:46:00,DIE-003,1077,837.8,45.46,11.76,1229.7,1.238,0.222,2.311,0
2024-01-01 07:47:00,DIE-003,1089,832.0,45.15,11.72,1214.3,1.213,0.245,2.363,0
2024-01-01 07:48:00,DIE-003,1101,846.7,45.7,11.68,1232.4,1.244,0.262,2.358,0
2024-01-01 07:49:00,DIE-003,1110,852.1,45.78,11.74,1243.4,1.17,0.287,2.355,0
2024-01-01 07:50:00,DIE-003,1121,851.3,45.61,11.78,1250.9,1.143,0.282,2.32,0
2024-01-01 07:51:00,DIE-003,1130,853.2,45.52,11.76,1294.0,1.125,0.269,2.29,0
2024-01-01 07:52:00,DIE-003,1141,855.8,45.49,11.8,1287.0,1.163,0.305,2.332,0
2024-01-01 07:53:00,DIE-003,1153,852.1,45.78,11.78,1307.0,1.214,0.319,2.334,0
2024-01-01 07:54:00,DIE-003,1161,859.8,45.92,11.72,1317.5,1.28,0.348,2.292,0
2024-01-01 07:55:00,DIE-003,1173,859.4,46.52,11.66,1315.9,1.26,0.313,2.276,0
2024-01-01 07:56:00,DIE-003,1182,853.2,47.12,11.61,1348.4,1.265,0.338,2.315,0
2024-01-01 07:57:00,DIE-003,1190,850.1,46.63,11.54,1351.1,1.233,0.345,2.265,0
2024-01-01 07:58:00,DIE-003,1202,848.0,46.5,11.48,1379.1,1.169,0.325,2.267,0
2024-01-01 07:59:00,DIE-003,1211,846.7,46.44,11.23,1355.0,1.187,0.327,2.265,0
2024-01-01 08:00:00,DIE-003,1221,858.3,46.25,11.15,1346.5,1.194,0.328,2.253,0
2024-01-01 08:01:00,DIE-003,1232,853.3,46.25,11.17,1368.1,1.199,0.343,2.241,0
2024-01-01 08:02:00,DIE-003,1240,851.3,45.8,11.32,1345.5,1.201,0.343,2.216,0
2024-01-01 08:03:00,DIE-003,1251,852.8,45.27,11.2,1323.9,1.164,0.319,2.223,0
2024-01-01 08:04:00,DIE-003,1259,848.4,45.8,11.23,1338.6,1.179,0.343,2.188,0
2024-01-01 08:05:00,DIE-003,1271,854.0,45.79,11.2,1318.0,1.135,0.319,2.181,0
2024-01-01 08:06:00,DIE-003,1283,844.0,45.65,11.11,1311.2,1.194,0.318,2.14,0
2024-01-01 08:07:00,DIE-003,1293,844.6,46.51,11.14,1298.4,1.21,0.332,2.108,0
2024-01-01 08:08:00,DIE-003,1304,851.3,46.74,11.28,1324.0,1.266,0.363,2.11,0
2024-01-01 08:09:00,DIE-003,1316,846.6,46.23,11.2,1325.0,1.272,0.388,2.105,0
2024-01-01 08:10:00,DIE-003,1324,847.5,45.26,11.04,1309.8,1.337,0.375,2.082,0
2024-01-01 08:11:00,DIE-003,1332,852.1,44.99,11.06,1303.7,1.28,0.386,2.101,0
2024-01-01 08:12:00,DIE-003,1344,852.9,45.28,10.92,1296.7,1.266,0.377,2.141,0
2024-01-01 08:13:00,DIE-003,1355,857.2,45.83,10.89,1300.4,1.286,0.394,2.131,0
2024-01-01 08:14:00,DIE-003,1367,858.7,46.05,10.82,1252.6,1.334,0.373,2.087,0
2024-01-01 08:15:00,DIE-003,1375,867.0,46.36,10.75,1247.9,1.378,0.382,2.064,0
2024-01-01 08:16:00,DIE-003,1387,873.7,47.07,10.85,1270.4,1.327,0.41,2.063,0
2024-01-01 08:17:00,DIE-003,1395,872.8,47.59,10.88,1299.0,1.289,0.368,2.102,0
2024-01-01 08:18:00,DIE-003,1406,877.2,48.41,10.85,1328.6,1.336,0.367,2.138,0
2024-01-01 08:19:00,DIE-003,1416,873.9,48.73,10.85,1292.7,1.324,0.372,2.121,0
2024-01-01 08:20:00,DIE-003,1426,873.2,48.6,10.91,1304.5,1.252,0.402,2.168,0
2024-01-01 08:21:00,DIE-003,1436,869.1,48.9,10.91,1312.6,1.159,0.381,2.129,0
2024-01-01 08:22:00,DIE-003,1444,874.6,49.33,11.02,1309.4,1.205,0.346,2.172,0
2024-01-01 08:23:00,DIE-003,1452,880.4,49.32,11.1,1309.3,1.193,0.315,2.227,0
2024-01-01 08:24:00,DIE-003,1463,886.5,49.64,11.1,1313.0,1.232,0.324,2.225,0
2024-01-01 08:25:00,DIE-003,1474,887.3,49.77,11.23,1319.3,1.23,0.289,2.224,0
2024-01-01 08:26:00,DIE-003,1486,885.5,49.32,11.24,1340.7,1.245,0.266,2.191,0
2024-01-01 08:27:00,DIE-003,1495,888.8,49.75,11.18,1348.6,1.267,0.298,2.177,0
2024-01-01 08:28:00,DIE-003,1506,889.9,49.75,11.09,1331.7,1.366,0.274,2.185,0
2024-01-01 08:29:00,DIE-003,1518,894.0,50.66,11.18,1330.8,1.35,0.273,2.194,0
2024-01-01 08:30:00,DIE-003,1528,895.1,50.22,11.08,1343.8,1.427,0.291,2.208,0
2024-01-01 08:31:00,DIE-003,1538,905.2,49.93,11.11,1352.0,1.407,0.299,2.196,0
2024-01-01 08:32:00,DIE-003,1550,914.4,50.38,11.2,1349.9,1.406,0.277,2.178,0
2024-01-01 08:33:00,DIE-003,1560,912.6,51.24,11.08,1331.0,1.405,0.294,2.173,0
2024-01-01 08:34:00,DIE-003,1569,902.1,52.16,11.26,1309.4,1.378,0.337,2.147,0
2024-01-01 08:35:00,DIE-003,1577,901.0,51.9,11.29,1308.6,1.391,0.319,2.179,0
2024-01-01 08:36:00,DIE-003,1587,912.2,52.55,11.34,1324.9,1.39,0.316,2.248,0
2024-01-01 08:37:00,DIE-003,1597,914.7,53.06,11.4,1317.3,1.329,0.303,2.213,0
2024-01-01 08:38:00,DIE-003,1606,916.3,53.31,11.51,1332.7,1.345,0.299,2.218,0
2024-01-01 08:39:00,DIE-003,1616,916.3,53.68,11.4,1318.6,1.359,0.295,2.201,0
2024-01-01 08:40:00,DIE-003,1624,910.5,54.14,11.46,1312.3,1.386,0.287,2.243,0
2024-01-01 08:41:00,DIE-003,1632,907.7,54.76,11.38,1325.6,1.465,0.296,2.181,0
2024-01-01 08:42:00,DIE-003,1642,908.9,54.81,11.43,1338.7,1.499,0.255,2.193,0
2024-01-01 08:43:00,DIE-003,1651,910.1,55.57,11.29,1350.2,1.478,0.264,2.15,0
2024-01-01 08:44:00,DIE-003,1663,909.6,56.29,11.27,1347.6,1.458,0.313,2.099,0
2024-01-01 08:45:00,DIE-003,1672,910.1,56.69,11.2,1314.7,1.429,0.306,2.06,0
2024-01-01 08:46:00,DIE-003,1682,903.2,56.15,11.12,1290.3,1.538,0.323,2.049,0
2024-01-01 08:47:00,DIE-003,1691,910.5,56.98,11.1,1313.2,1.543,0.322,2.048,0
2024-01-01 08:48:00,DIE-003,1701,911.4,57.2,11.1,1317.7,1.461,0.287,2.046,0
2024-01-01 08:49:00,DIE-003,1711,913.3,56.74,10.98,1361.7,1.427,0.273,2.081,0
2024-01-01 08:50:00,DIE-003,1720,917.9,56.8,10.98,1350.5,1.391,0.291,2.098,0
2024-01-01 08:51:00,DIE-003,1728,921.6,57.35,11.0,1315.0,1.398,0.295,2.099,0
2024-01-01 08:52:00,DIE-003,1740,911.7,57.89,11.01,1310.3,1.338,0.286,2.09,0
2024-01-01 08:53:00,DIE-003,1749,911.9,58.52,11.01,1307.6,1.318,0.297,2.077,0
2024-01-01 08:54:00,DIE-003,1758,908.1,58.53,10.83,1288.9,1.298,0.307,2.111,0
2024-01-01 08:55:00,DIE-003,1769,908.2,58.72,10.67,1287.9,1.302,0.317,2.135,0
2024-01-01 08:56:00,DIE-003,1777,911.3,59.0,10.63,1295.8,1.323,0.309,2.164,0
2024-01-01 08:57:00,DIE-003,1786,915.2,58.66,10.57,1285.5,1.279,0.311,2.144,0
2024-01-01 08:58:00,DIE-003,1795,911.7,59.55,10.69,1295.9,1.29,0.313,2.168,0
2024-01-01 08:59:00,DIE-003,1803,908.5,59.68,10.7,1297.6,1.24,0.333,2.15,0
2024-01-01 09:00:00,DIE-003,1812,918.9,59.97,10.76,1307.4,1.173,0.345,2.147,0
2024-01-01 09:01:00,DIE-003,1822,918.5,61.07,10.71,1283.2,1.191,0.371,2.146,0
2024-01-01 09:02:00,DIE-003,1834,909.1,61.53,10.73,1278.3,1.147,0.356,2.13,0
2024-01-01 09:03:00,DIE-003,1842,910.5,61.85,10.88,1254.6,1.182,0.357,2.134,0
2024-01-01 09:04:00,DIE-003,1851,906.0,62.17,10.91,1265.3,1.265,0.353,2.128,0
2024-01-01 09:05:00,DIE-003,1862,903.5,62.93,11.0,1271.1,1.241,0.353,2.125,0
2024-01-01 09:06:00,DIE-003,1871,892.1,63.57,11.12,1286.7,1.238,0.341,2.086,0
2024-01-01 09:07:00,DIE-003,1879,900.9,62.93,11.09,1282.8,1.178,0.321,2.073,0
2024-01-01 09:08:00,DIE-003,1887,897.4,63.14,11.02,1296.5,1.224,0.334,2.054,0
2024-01-01 09:09:00,DIE-003,1898,905.1,63.67,11.13,1283.2,1.257,0.326,2.005,0
2024-01-01 09:10:00,DIE-003,1908,910.1,63.66,11.14,1260.0,1.266,0.32,2.046,0
2024-01-01 09:11:00,DIE-003,1917,909.2,63.36,11.14,1281.9,1.223,0.311,2.121,0
2024-01-01 09:12:00,DIE-003,1927,914.1,63.14,11.18,1281.6,1.215,0.289,2.14,0
2024-01-01 09:13:00,DIE-003,1936,914.1,62.99,11.12,1261.4,1.161,0.293,2.184,0
2024-01-01 09:14:00,DIE-003,1945,916.1,63.28,11.07,1305.0,1.125,0.266,2.237,0
2024-01-01 09:15:00,DIE-003,1953,911.6,64.49,11.16,1324.0,1.111,0.259,2.192,0
2024-01-01 09:16:00,DIE-003,1962,910.8,64.06,11.24,1339.3,1.143,0.256,2.188,0
2024-01-01 09:17:00,DIE-003,1971,908.1,64.58,11.3,1317.4,1.214,0.253,2.175,0
2024-01-01 09:18:00,DIE-003,1981,907.8,64.69,11.31,1309.5,1.244,0.263,2.197,0
2024-01-01 09:19:00,DIE-003,1990,908.9,66.06,11.31,1331.8,1.267,0.225,2.157,0
2024-01-01 09:20:00,DIE-003,2001,904.4,66.38,11.34,1327.9,1.246,0.222,2.163,0
2024-01-01 09:21:00,DIE-003,2010,904.8,66.78,11.34,1316.6,1.179,0.23,2.162,0
2024-01-01 09:22:00,DIE-003,2020,899.9,67.38,11.37,1309.9,1.179,0.205,2.2,0
2024-01-01 09:23:00,DIE-003,2030,905.9,67.62,11.58,1298.2,1.171,0.191,2.18,0
2024-01-01 09:24:00,DIE-003,2039,897.7,67.54,11.59,1305.4,1.124,0.193,2.154,0
2024-01-01 09:25:00,DIE-003,2049,902.4,68.17,11.57,1320.1,1.116,0.232,2.136,0
2024-01-01 09:26:00,DIE-003,2057,896.7,68.81,11.6,1317.5,1.076,0.23,2.12,0
2024-01-01 09:27:00,DIE-003,2067,899.9,69.16,11.47,1316.2,1.086,0.25,2.114,0
2024-01-01 09:28:00,DIE-003,2076,897.2,68.88,11.49,1326.1,1.082,0.251,2.096,0
2024-01-01 09:29:00,DIE-003,2087,893.3,69.39,11.63,1314.1,1.11,0.256,2.085,0
2024-01-01 09:30:00,DIE-003,2096,893.0,70.31,11.54,1285.0,1.103,0.208,2.06,1
2024-01-01 09:31:00,DIE-003,2105,891.5,70.92,11.6,1253.9,1.096,0.24,2.072,1
2024-01-01 09:32:00,DIE-003,2117,898.1,70.98,11.59,1219.3,1.114,0.252,2.051,1
2024-01-01 09:33:00,DIE-003,2125,906.7,70.91,11.5,1211.6,1.134,0.218,2.031,1
2024-01-01 09:34:00,DIE-003,2134,904.3,70.13,11.48,1227.9,1.214,0.207,2.017,1
2024-01-01 09:35:00,DIE-003,2143,900.2,70.4,11.54,1236.1,1.285,0.212,1.996,1
2024-01-01 09:36:00,DIE-003,2151,898.9,70.25,11.5,1220.7,1.395,0.222,1.99,1
2024-01-01 09:37:00,DIE-003,2162,908.8,70.92,11.44,1219.1,1.431,0.197,2.001,1
2024-01-01 09:38:00,DIE-003,2172,906.7,70.2,11.51,1212.3,1.463,0.246,1.966,1
2024-01-01 09:39:00,DIE-003,2182,909.2,69.7,11.62,1197.6,1.437,0.253,1.963,0
2024-01-01 09:40:00,DIE-003,2191,911.4,69.81,11.65,1208.6,1.498,0.258,1.99,0
2024-01-01 09:41:00,DIE-003,2203,911.6,70.33,11.62,1220.3,1.517,0.259,1.95,1
2024-01-01 09:42:00,DIE-003,2213,912.7,70.17,11.57,1229.0,1.499,0.263,1.954,1
2024-01-01 09:43:00,DIE-003,2223,912.3,70.65,11.63,1219.9,1.383,0.261,1.983,1
2024-01-01 09:44:00,DIE-003,2233,919.3,71.06,11.62,1238.7,1.407,0.294,2.001,1
2024-01-01 09:45:00,DIE-003,2241,923.6,71.17,11.68,1230.0,1.466,0.318,2.014,1
2024-01-01 09:46:00,DIE-003,2250,920.6,71.03,11.82,1250.0,1.474,0.316,1.984,1
2024-01-01 09:47:00,DIE-003,2261,914.2,71.94,11.77,1257.2,1.464,0.33,2.004,1
2024-01-01 09:48:00,DIE-003,2273,903.7,72.45,11.7,1252.6,1.482,0.365,1.977,1
2024-01-01 09:49:00,DIE-003,2282,896.8,71.88,11.77,1256.1,1.453,0.381,1.941,1
2024-01-01 09:50:00,DIE-003,2293,902.4,72.25,11.74,1249.1,1.409,0.352,1.977,1
2024-01-01 09:51:00,DIE-003,2303,903.4,72.99,11.64,1251.8,1.451,0.327,1.989,1
2024-01-01 09:52:00,DIE-003,2314,901.3,72.84,11.64,1253.0,1.449,0.334,2.021,1
2024-01-01 09:53:00,DIE-003,2324,891.2,73.36,11.51,1257.9,1.443,0.351,2.008,1
2024-01-01 09:54:00,DIE-003,2336,890.4,73.48,11.55,1259.3,1.458,0.341,2.026,1
2024-01-01 09:55:00,DIE-003,2346,893.5,72.95,11.59,1264.7,1.498,0.33,2.013,1
2024-01-01 09:56:00,DIE-003,2358,892.6,72.98,11.7,1252.2,1.443,0.325,2.094,1
2024-01-01 09:57:00,DIE-003,2366,900.8,73.28,11.76,1242.2,1.417,0.344,2.137,1
2024-01-01 09:58:00,DIE-003,2375,901.8,73.45,11.69,1226.7,1.386,0.327,2.137,1
2024-01-01 09:59:00,DIE-003,2385,904.4,74.04,11.68,1243.9,1.349,0.331,2.159,1
2024-01-01 10:00:00,DIE-003,2394,908.9,74.82,11.7,1234.0,1.286,0.302,2.144,1
2024-01-01 10:01:00,DIE-003,2404,907.0,74.81,11.77,1223.0,1.206,0.32,2.098,1
2024-01-01 10:02:00,DIE-003,2413,910.6,75.4,11.83,1230.2,1.246,0.324,2.13,1
2024-01-01 10:03:00,DIE-003,2424,907.1,75.93,11.84,1209.5,1.202,0.341,2.155,1
2024-01-01 10:04:00,DIE-003,2433,908.7,75.97,11.86,1210.2,1.23,0.355,2.119,1
2024-01-01 10:05:00,DIE-003,2445,916.4,76.44,12.06,1200.9,1.179,0.359,2.131,1
2024-01-01 10:06:00,DIE-003,2456,911.6,76.05,11.94,1210.2,1.173,0.398,2.137,1
2024-01-01 10:07:00,DIE-003,2466,906.0,76.04,11.97,1235.9,1.262,0.454,2.118,1
2024-01-01 10:08:00,DIE-003,2475,907.8,76.51,11.96,1233.2,1.305,0.471,2.118,1
2024-01-01 10:09:00,DIE-003,2487,910.7,77.58,11.95,1211.4,1.279,0.455,2.079,1
2024-01-01 10:10:00,DIE-003,2496,916.2,78.78,11.89,1219.6,1.303,0.43,2.099,1
2024-01-01 10:11:00,DIE-003,2504,916.0,79.3,11.85,1240.7,1.26,0.395,2.106,1
2024-01-01 10:12:00,DIE-003,2512,917.5,79.43,11.93,1245.9,1.269,0.379,2.108,1
2024-01-01 10:13:00,DIE-003,2522,917.0,79.78,12.03,1243.3,1.288,0.369,2.102,1
2024-01-01 10:14:00,DIE-003,2530,918.0,80.45,12.01,1246.3,1.301,0.34,2.109,1
2024-01-01 10:15:00,DIE-003,2541,927.3,80.51,11.94,1241.6,1.331,0.321,2.113,1
2024-01-01 10:16:00,DIE-003,2551,919.1,80.49,12.05,1233.0,1.302,0.337,2.111,1
2024-01-01 10:17:00,DIE-003,2563,917.2,80.84,11.93,1227.3,1.33,0.31,2.092,1
2024-01-01 10:18:00,DIE-003,2575,916.0,80.59,11.95,1240.1,1.294,0.304,2.106,1
2024-01-01 10:19:00,DIE-003,2583,921.2,80.91,11.94,1260.2,1.389,0.3,2.096,1
2024-01-01 10:20:00,DIE-003,2594,927.9,81.56,11.99,1267.0,1.438,0.291,2.096,1
2024-01-01 10:21:00,DIE-003,2606,922.6,81.43,12.05,1257.8,1.405,0.269,2.081,1
2024-01-01 10:22:00,DIE-003,2615,927.3,81.91,12.09,1251.1,1.44,0.213,2.094,1
2024-01-01 10:23:00,DIE-003,2626,932.2,82.15,12.08,1273.4,1.424,0.237,2.086,1
2024-01-01 10:24:00,DIE-003,2637,929.1,82.09,12.09,1294.7,1.439,0.265,2.026,1
2024-01-01 10:25:00,DIE-003,2647,924.3,82.53,12.19,1284.7,1.41,0.263,2.033,1
2024-01-01 10:26:00,DIE-003,2659,920.2,82.2,12.16,1277.5,1.419,0.267,2.041,1
2024-01-01 10:27:00,DIE-003,2667,921.5,82.55,12.07,1243.3,1.506,0.247,2.028,1
2024-01-01 10:28:00,DIE-003,2677,913.7,82.91,12.15,1243.4,1.469,0.239,2.012,1
2024-01-01 10:29:00,DIE-003,2688,920.6,82.86,12.15,1227.9,1.483,0.222,2.078,1
2024-01-01 10:30:00,DIE-003,2699,922.5,82.78,12.08,1246.7,1.56,0.23,2.108,1
2024-01-01 10:31:00,DIE-003,2709,923.6,82.95,12.13,1253.0,1.611,0.218,2.124,1
2024-01-01 10:32:00,DIE-003,2720,914.1,82.55,12.1,1255.6,1.573,0.196,2.154,1
2024-01-01 10:33:00,DIE-003,2729,919.9,82.78,12.12,1244.0,1.605,0.215,2.156,1
2024-01-01 10:34:00,DIE-003,2737,921.5,83.26,12.07,1249.3,1.569,0.272,2.181,1
2024-01-01 10:35:00,DIE-003,2749,916.0,83.17,12.0,1237.0,1.553,0.236,2.223,1
2024-01-01 10:36:00,DIE-003,2760,913.9,83.2,12.13,1232.7,1.621,0.202,2.217,1
2024-01-01 10:37:00,DIE-003,2770,917.3,83.64,12.0,1230.1,1.64,0.178,2.2,1
2024-01-01 10:38:00,DIE-003,2779,917.4,83.63,11.95,1201.6,1.633,0.199,2.209,1
2024-01-01 10:39:00,DIE-003,2790,927.6,83.87,12.05,1191.7,1.581,0.189,2.203,1
2024-01-01 10:40:00,DIE-003,2798,922.7,83.89,12.14,1209.1,1.576,0.175,2.154,1
2024-01-01 10:41:00,DIE-003,2810,918.5,83.36,12.05,1216.2,1.59,0.243,2.132,1
2024-01-01 10:42:00,DIE-003,2822,916.8,83.69,12.12,1242.6,1.593,0.221,2.114,1
2024-01-01 10:43:00,DIE-003,2832,926.1,84.18,12.23,1245.7,1.555,0.194,2.12,1
2024-01-01 10:44:00,DIE-003,2841,926.8,84.47,12.19,1264.0,1.578,0.178,2.165,1
2024-01-01 10:45:00,DIE-003,2850,929.9,84.07,12.13,1279.5,1.629,0.172,2.177,1
2024-01-01 10:46:00,DIE-003,2858,932.7,85,12.09,1292.5,1.59,0.196,2.157,1
2024-01-01 10:47:00,DIE-003,2868,935.6,84.75,11.98,1311.1,1.579,0.164,2.18,1
2024-01-01 10:48:00,DIE-003,2880,926.3,84.42,11.98,1325.3,1.569,0.178,2.166,1
2024-01-01 10:49:00,DIE-003,2888,930.7,85,12.06,1320.8,1.565,0.19,2.226,1
2024-01-01 10:50:00,DIE-003,2897,932.0,85,12.04,1313.7,1.582,0.18,2.208,1
2024-01-01 10:51:00,DIE-003,2908,932.9,85,12.08,1306.7,1.638,0.175,2.178,1
2024-01-01 10:52:00,DIE-003,2919,934.1,84.79,12.18,1310.0,1.718,0.147,2.159,1
2024-01-01 10:53:00,DIE-003,2928,941.3,84.78,12.15,1310.8,1.616,0.168,2.204,1
2024-01-01 10:54:00,DIE-003,2936,933.2,84.21,12.09,1315.4,1.591,0.17,2.224,1
2024-01-01 10:55:00,DIE-003,2946,934.0,84.76,12.11,1323.2,1.518,0.182,2.218,1
2024-01-01 10:56:00,DIE-003,2958,930.9,84.84,12.07,1329.2,1.519,0.149,2.219,1
2024-01-01 10:57:00,DIE-003,2967,922.5,85,12.16,1344.4,1.577,0.153,2.219,1
2024-01-01 10:58:00,DIE-003,2977,909.9,85,12.2,1374.4,1.581,0.167,2.219,1
2024-01-01 10:59:00,DIE-003,2985,915.5,85,12.16,1395.8,1.54,0.143,2.26,1
2024-01-01 11:00:00,DIE-003,2996,917.2,85,12.05,1398.5,1.54,0.125,2.268,1
2024-01-01 11:01:00,DIE-003,3006,916.2,85,12.0,1427.1,1.581,0.153,2.242,1
2024-01-01 11:02:00,DIE-003,3018,917.3,84.6,12.01,1430.3,1.569,0.197,2.244,1
2024-01-01 11:03:00,DIE-003,3030,915.9,84.89,12.04,1449.8,1.56,0.193,2.129,1
2024-01-01 11:04:00,DIE-003,3038,922.5,85,12.16,1444.0,1.569,0.198,2.106,1
2024-01-01 11:05:00,DIE-003,3049,926.4,85,12.12,1456.4,1.539,0.199,2.093,1
2024-01-01 11:06:00,DIE-003,3060,921.6,84.85,12.1,1466.9,1.594,0.221,2.045,1
2024-01-01 11:07:00,DIE-003,3070,915.7,85,12.12,1449.0,1.581,0.231,2.036,1
2024-01-01 11:08:00,DIE-003,3081,912.6,85,12.14,1445.0,1.612,0.254,2.049,1
2024-01-01 11:09:00,DIE-003,3091,906.3,84.83,12.23,1442.7,1.642,0.221,2.047,1
2024-01-01 11:10:00,DIE-003,3100,899.3,85,12.1,1450.5,1.665,0.227,2.056,1
2024-01-01 11:11:00,DIE-003,3108,900.8,85,12.16,1439.5,1.662,0.209,2.093,1
2024-01-01 11:12:00,DIE-003,3119,903.7,84.72,12.33,1449.8,1.678,0.208,2.13,1
2024-01-01 11:13:00,DIE-003,3130,895.9,85,12.35,1442.5,1.657,0.214,2.141,1
2024-01-01 11:14:00,DIE-003,3142,890.2,84.92,12.38,1454.3,1.708,0.191,2.123,1
2024-01-01 11:15:00,DIE-003,3151,890.3,85,12.27,1454.2,1.678,0.179,2.116,1
2024-01-01 11:16:00,DIE-003,3159,887.6,85,12.32,1465.6,1.653,0.192,2.131,1
2024-01-01 11:17:00,DIE-003,3170,881.4,85,12.28,1473.9,1.714,0.179,2.08,1
2024-01-01 11:18:00,DIE-003,3179,885.6,85,12.12,1485.3,1.761,0.181,2.044,1
2024-01-01 11:19:00,DIE-003,3191,884.9,85,12.11,1458.9,1.777,0.201,2.046,1
2024-01-01 11:20:00,DIE-003,3202,885.6,84.73,12.23,1470.0,1.75,0.233,2.024,1
2024-01-01 11:21:00,DIE-003,3211,886.9,84.61,12.3,1479.2,1.844,0.219,2.009,1
2024-01-01 11:22:00,DIE-003,3220,886.2,85,12.23,1479.4,1.886,0.258,2.004,1
2024-01-01 11:23:00,DIE-003,3228,885.9,85,12.18,1503.0,1.922,0.277,2.036,1
2024-01-01 11:24:00,DIE-003,3240,885.4,85,12.15,1498.9,1.887,0.313,2.064,1
2024-01-01 11:25:00,DIE-003,3248,883.2,85,12.21,1500.0,1.825,0.295,2.083,1
2024-01-01 11:26:00,DIE-003,3259,878.7,84.69,12.18,1492.7,1.801,0.284,2.084,1
2024-01-01 11:27:00,DIE-003,3270,875.6,84.77,12.23,1491.6,1.849,0.268,2.054,1
2024-01-01 11:28:00,DIE-003,3278,878.3,85,12.24,1510.0,1.856,0.264,2.002,1
2024-01-01 11:29:00,DIE-003,3287,873.9,85,12.2,1512.6,1.841,0.269,1.991,1
2024-01-01 11:30:00,DIE-003,3296,874.9,84.95,12.16,1533.8,1.888,0.248,1.932,1
2024-01-01 11:31:00,DIE-003,3308,872.5,84.88,12.21,1508.0,1.937,0.269,1.956,1
2024-01-01 11:32:00,DIE-003,3320,869.5,85,12.28,1512.6,1.93,0.279,1.957,1
2024-01-01 11:33:00,DIE-003,3331,869.3,85,12.44,1527.8,1.906,0.264,1.931,1
2024-01-01 11:34:00,DIE-003,3341,860.8,85,12.55,1522.5,1.89,0.304,1.93,1
2024-01-01 11:35:00,DIE-003,3349,852.1,84.8,12.48,1526.9,1.947,0.312,1.941,1
2024-01-01 11:36:00,DIE-003,3360,853.3,84.9,12.48,1529.5,1.943,0.306,1.953,1
2024-01-01 11:37:00,DIE-003,3369,856.5,85,12.45,1525.7,1.849,0.329,1.934,1
2024-01-01 11:38:00,DIE-003,3377,864.9,85,12.31,1534.9,1.803,0.344,1.958,1
2024-01-01 11:39:00,DIE-003,3389,864.3,85,12.33,1532.6,1.785,0.338,1.954,1
2024-01-01 11:40:00,DIE-003,3400,863.4,85,12.31,1524.2,1.789,0.338,2.0,1
2024-01-01 11:41:00,DIE-003,3412,860.2,85,12.4,1526.7,1.806,0.335,2.009,1
2024-01-01 11:42:00,DIE-003,3421,858.9,85,12.48,1515.5,1.843,0.335,1.983,1
2024-01-01 11:43:00,DIE-003,3433,848.3,85,12.6,1516.1,1.829,0.312,1.994,1
2024-01-01 11:44:00,DIE-003,3444,851.2,85,12.55,1520.5,1.84,0.35,2.015,1
2024-01-01 11:45:00,DIE-003,3456,851.0,85,12.5,1529.8,1.742,0.355,2.048,1
2024-01-01 11:46:00,DIE-003,3464,843.9,85,12.65,1504.0,1.799,0.338,2.05,1
2024-01-01 11:47:00,DIE-003,3475,840.8,85,12.7,1495.2,1.864,0.345,2.05,1
2024-01-01 11:48:00,DIE-003,3484,836.3,84.73,12.72,1505.5,1.85,0.34,2.016,1
2024-01-01 11:49:00,DIE-003,3493,834.8,84.91,12.76,1503.5,1.786,0.361,2.029,1
2024-01-01 11:50:00,DIE-003,3501,825.9,85,12.73,1503.8,1.85,0.37,2.02,1
2024-01-01 11:51:00,DIE-003,3510,816.7,85,12.73,1497.1,1.846,0.361,2.0,1
2024-01-01 11:52:00,DIE-003,3518,812.7,85,12.66,1502.3,1.8,0.367,2.061,1
2024-01-01 11:53:00,DIE-003,3529,821.1,84.9,12.61,1502.8,1.861,0.353,2.09,1
2024-01-01 11:54:00,DIE-003,3537,830.4,85,12.66,1514.9,1.794,0.389,2.066,1
2024-01-01 11:55:00,DIE-003,3546,833.3,85,12.61,1518.8,1.775,0.373,2.074,1
2024-01-01 11:56:00,DIE-003,3558,824.5,84.87,12.64,1530.2,1.727,0.355,2.071,1
2024-01-01 11:57:00,DIE-003,3569,824.1,85,12.48,1512.2,1.701,0.329,2.086,1
2024-01-01 11:58:00,DIE-003,3578,824.5,84.92,12.25,1484.7,1.741,0.337,2.06,1
2024-01-01 11:59:00,DIE-003,3590,820.6,85,12.25,1462.7,1.757,0.311,2.061,1
2024-01-01 12:00:00,DIE-003,3602,823.0,85,12.22,1499.4,1.776,0.337,2.035,1
2024-01-01 12:01:00,DIE-003,3613,822.9,85,12.23,1464.6,1.801,0.326,2.061,1
2024-01-01 12:02:00,DIE-003,3625,816.9,85,12.3,1464.4,1.793,0.323,2.059,1
2024-01-01 12:03:00,DIE-003,3637,817.6,85,12.4,1475.0,1.716,0.318,2.076,1
2024-01-01 12:04:00,DIE-003,3645,819.0,85,12.32,1478.8,1.702,0.344,2.129,1
2024-01-01 12:05:00,DIE-003,3654,822.6,85,12.47,1474.4,1.717,0.348,2.167,1
2024-01-01 12:06:00,DIE-003,3666,819.7,85,12.46,1470.7,1.658,0.352,2.145,1
2024-01-01 12:07:00,DIE-003,3678,818.8,85,12.4,1500.4,1.555,0.332,2.135,1
2024-01-01 12:08:00,DIE-003,3687,830.1,85,12.33,1505.1,1.557,0.332,2.161,1
2024-01-01 12:09:00,DIE-003,3698,831.4,85,12.24,1479.8,1.512,0.309,2.137,1
2024-01-01 12:10:00,DIE-003,3706,841.8,84.85,12.22,1484.2,1.509,0.334,2.175,1
2024-01-01 12:11:00,DIE-003,3716,829.5,84.75,12.26,1467.0,1.508,0.334,2.169,1
2024-01-01 12:12:00,DIE-003,3724,826.6,85,12.36,1448.3,1.564,0.339,2.177,1
2024-01-01 12:13:00,DIE-003,3732,831.2,85,12.38,1437.9,1.657,0.339,2.218,1
2024-01-01 12:14:00,DIE-003,3740,828.0,85,12.34,1451.0,1.69,0.327,2.234,1
2024-01-01 12:15:00,DIE-003,3748,826.5,84.86,12.43,1460.3,1.716,0.312,2.267,1
2024-01-01 12:16:00,DIE-003,3759,834.1,85,12.44,1450.8,1.728,0.304,2.289,1
2024-01-01 12:17:00,DIE-003,3769,834.3,85,12.45,1433.7,1.729,0.285,2.313,1
2024-01-01 12:18:00,DIE-003,3779,831.8,85,12.4,1437.2,1.771,0.255,2.288,1
2024-01-01 12:19:00,DIE-003,3790,830.9,85,12.22,1431.5,1.834,0.257,2.306,1
2024-01-01 12:20:00,DIE-003,3802,838.6,85,12.13,1445.1,1.921,0.242,2.349,1
2024-01-01 12:21:00,DIE-003,3813,841.9,85,12.26,1469.8,2.004,0.221,2.35,1
2024-01-01 12:22:00,DIE-003,3823,835.8,85,12.27,1483.6,1.978,0.248,2.333,1
2024-01-01 12:23:00,DIE-003,3835,834.8,85,12.22,1488.1,1.96,0.254,2.322,1
2024-01-01 12:24:00,DIE-003,3843,839.2,85,12.2,1492.7,1.993,0.261,2.377,1
2024-01-01 12:25:00,DIE-003,3851,842.3,85,12.28,1491.9,2.037,0.259,2.399,1
2024-01-01 12:26:00,DIE-003,3861,839.3,85,12.34,1504.4,1.972,0.253,2.397,1
2024-01-01 12:27:00,DIE-003,3872,836.9,85,12.41,1492.0,1.865,0.238,2.403,1
2024-01-01 12:28:00,DIE-003,3884,838.2,85,12.31,1493.3,1.869,0.248,2.406,1
2024-01-01 12:29:00,DIE-003,3892,840.2,85,12.25,1472.6,1.798,0.269,2.402,1
2024-01-01 12:30:00,DIE-003,3900,834.3,85,12.37,1455.1,1.763,0.263,2.419,1
2024-01-01 12:31:00,DIE-003,3909,839.9,85,12.38,1443.1,1.777,0.275,2.426,1
2024-01-01 12:32:00,DIE-003,3920,838.0,84.99,12.4,1434.1,1.764,0.287,2.446,1
2024-01-01 12:33:00,DIE-003,3928,829.9,85,12.46,1446.4,1.79,0.271,2.45,1
2024-01-01 12:34:00,DIE-003,3939,821.8,85,12.39,1451.6,1.828,0.302,2.44,1
2024-01-01 12:35:00,DIE-003,3949,820.8,85,12.54,1464.9,1.869,0.301,2.47,1
2024-01-01 12:36:00,DIE-003,3960,820.0,85,12.64,1471.4,1.861,0.298,2.479,1
2024-01-01 12:37:00,DIE-003,3972,820.3,84.94,12.61,1455.1,1.838,0.303,2.548,1
2024-01-01 12:38:00,DIE-003,3982,824.4,85,12.53,1451.2,1.752,0.297,2.56,1
2024-01-01 12:39:00,DIE-003,3992,828.0,85,12.43,1430.5,1.746,0.333,2.538,1
2024-01-01 12:40:00,DIE-003,4004,827.0,84.85,12.34,1437.8,1.8,0.307,2.559,1
2024-01-01 12:41:00,DIE-003,4016,824.1,84.94,12.42,1461.0,1.777,0.31,2.551,1
2024-01-01 12:42:00,DIE-003,4025,831.6,85,12.32,1465.4,1.746,0.285,2.543,1
2024-01-01 12:43:00,DIE-003,4034,830.1,85,12.41,1444.4,1.679,0.277,2.547,1
2024-01-01 12:44:00,DIE-003,4042,837.6,85,12.24,1438.3,1.676,0.295,2.566,1
2024-01-01 12:45:00,DIE-003,4051,839.9,84.77,12.3,1464.5,1.786,0.304,2.564,1
2024-01-01 12:46:00,DIE-003,4060,838.8,84.57,12.32,1481.7,1.787,0.266,2.574,1
2024-01-01 12:47:00,DIE-003,4069,840.2,84.04,12.17,1484.8,1.773,0.283,2.564,1
2024-01-01 12:48:00,DIE-003,4077,841.0,84.35,12.21,1463.7,1.824,0.254,2.512,1
2024-01-01 12:49:00,DIE-003,4085,836.7,84.23,12.24,1457.9,1.841,0.283,2.46,1
2024-01-01 12:50:00,DIE-003,4097,839.1,85,12.16,1472.9,1.804,0.256,2.454,1
2024-01-01 12:51:00,DIE-003,4108,838.9,85,12.16,1479.7,1.774,0.27,2.476,1
2024-01-01 12:52:00,DIE-003,4116,841.6,85,12.15,1478.6,1.822,0.263,2.528,1
2024-01-01 12:53:00,DIE-003,4126,830.0,85,12.27,1472.0,1.846,0.24,2.545,1
2024-01-01 12:54:00,DIE-003,4138,827.1,85,12.35,1482.5,1.869,0.251,2.56,1
2024-01-01 12:55:00,DIE-003,4147,828.1,85,12.29,1495.0,1.885,0.24,2.511,1
2024-01-01 12:56:00,DIE-003,4158,830.4,85,12.35,1507.4,1.893,0.258,2.505,1
2024-01-01 12:57:00,DIE-003,4167,825.5,85,12.41,1490.2,1.85,0.241,2.478,1
2024-01-01 12:58:00,DIE-003,4178,831.4,85,12.38,1511.6,1.881,0.25,2.456,1
2024-01-01 12:59:00,DIE-003,4190,834.6,85,12.38,1494.1,1.948,0.263,2.471,1
2024-01-01 13:00:00,DIE-003,4201,841.3,85,12.3,1469.9,1.987,0.251,2.474,1
2024-01-01 13:01:00,DIE-003,4210,842.3,84.99,12.27,1471.4,1.948,0.295,2.476,1
2024-01-01 13:02:00,DIE-003,4220,843.3,85,12.3,1460.6,1.973,0.268,2.532,1
2024-01-01 13:03:00,DIE-003,4232,848.2,85,12.3,1480.8,1.955,0.275,2.568,1
2024-01-01 13:04:00,DIE-003,4242,844.8,85,12.5,1474.8,2.013,0.282,2.552,1
2024-01-01 13:05:00,DIE-003,4251,844.1,85,12.5,1461.0,2.033,0.303,2.538,1
2024-01-01 13:06:00,DIE-003,4259,843.7,85,12.5,1468.4,2.034,0.289,2.529,1
2024-01-01 13:07:00,DIE-003,4267,846.9,84.93,12.45,1485.3,2.047,0.287,2.58,1
2024-01-01 13:08:00,DIE-003,4279,841.5,84.88,12.5,1485.5,1.979,0.286,2.572,1
2024-01-01 13:09:00,DIE-003,4290,848.3,85,12.34,1485.9,1.942,0.295,2.555,1
2024-01-01 13:10:00,DIE-003,4300,838.0,85,12.4,1499.0,1.862,0.307,2.633,1
2024-01-01 13:11:00,DIE-003,4312,839.8,85,12.34,1505.1,1.796,0.327,2.586,1
2024-01-01 13:12:00,DIE-003,4320,843.3,85,12.23,1491.4,1.835,0.313,2.595,1
2024-01-01 13:13:00,DIE-003,4330,848.7,85,12.21,1493.0,1.876,0.314,2.562,1
2024-01-01 13:14:00,DIE-003,4340,855.3,85,12.12,1480.1,1.95,0.346,2.582,1
2024-01-01 13:15:00,DIE-003,4351,864.1,85,12.11,1485.7,1.966,0.345,2.6,1
2024-01-01 13:16:00,DIE-003,4359,865.7,85,12.21,1461.2,1.967,0.353,2.643,1
2024-01-01 13:17:00,DIE-003,4370,867.3,85,12.21,1461.5,1.953,0.382,2.659,1
2024-01-01 13:18:00,DIE-003,4382,869.4,85,12.16,1458.0,1.905,0.407,2.682,1
2024-01-01 13:19:00,DIE-003,4390,863.4,84.93,12.08,1444.4,1.997,0.417,2.674,1
2024-01-01 13:20:00,DIE-003,4400,858.0,85,11.97,1431.6,1.932,0.423,2.734,1
2024-01-01 13:21:00,DIE-003,4412,856.9,85,11.99,1399.1,2.021,0.442,2.689,1
2024-01-01 13:22:00,DIE-003,4421,855.9,85,12.08,1385.3,2.03,0.462,2.733,1
2024-01-01 13:23:00,DIE-003,4429,861.8,85,12.1,1378.5,2.027,0.458,2.74,1
2024-01-01 13:24:00,DIE-003,4437,864.8,85,12.08,1369.9,2.048,0.453,2.779,1
2024-01-01 13:25:00,DIE-003,4446,866.3,84.83,12.17,1368.9,2.033,0.44,2.803,1
2024-01-01 13:26:00,DIE-003,4458,865.7,85,12.07,1373.4,2.051,0.441,2.804,1
2024-01-01 13:27:00,DIE-003,4470,870.2,85,12.06,1353.3,2.064,0.47,2.83,1
2024-01-01 13:28:00,DIE-003,4478,868.4,85,12.11,1358.9,2.084,0.446,2.829,1
2024-01-01 13:29:00,DIE-003,4486,862.8,85,12.03,1360.2,2.092,0.454,2.806,1
2024-01-01 13:30:00,DIE-003,4496,862.4,84.68,12.07,1360.2,2.128,0.485,2.839,1
2024-01-01 13:31:00,DIE-003,4504,861.2,84.75,12.09,1324.4,2.191,0.494,2.856,1
2024-01-01 13:32:00,DIE-003,4514,858.8,85,12.13,1318.9,2.227,0.517,2.883,1
2024-01-01 13:33:00,DIE-003,4523,859.3,85,12.1,1351.3,2.276,0.542,2.86,1
2024-01-01 13:34:00,DIE-003,4531,855.6,85,12.16,1327.3,2.251,0.544,2.845,1
2024-01-01 13:35:00,DIE-003,4540,853.3,84.9,12.21,1323.0,2.277,0.558,2.867,1
2024-01-01 13:36:00,DIE-003,4551,849.9,85,12.01,1308.9,2.263,0.544,2.842,1
2024-01-01 13:37:00,DIE-003,4563,856.2,85,12.0,1315.9,2.268,0.535,2.835,1
2024-01-01 13:38:00,DIE-003,4575,847.9,85,12.05,1329.8,2.361,0.492,2.821,1
2024-01-01 13:39:00,DIE-003,4587,840.1,85,12.0,1304.9,2.336,0.512,2.801,1
2024-01-01 13:40:00,DIE-003,4598,844.0,85,12.18,1304.7,2.304,0.512,2.795,1
2024-01-01 13:41:00,DIE-003,4607,844.3,84.85,12.22,1345.4,2.288,0.516,2.8,1
2024-01-01 13:42:00,DIE-003,4617,839.6,84.89,12.28,1351.9,2.338,0.524,2.794,1
2024-01-01 13:43:00,DIE-003,4626,833.5,84.48,12.41,1331.9,2.284,0.537,2.713,1
2024-01-01 13:44:00,DIE-003,4636,827.7,84.75,12.38,1367.6,2.307,0.539,2.725,1
2024-01-01 13:45:00,DIE-003,4647,840.5,84.97,12.46,1385.3,2.37,0.574,2.817,1
2024-01-01 13:46:00,DIE-003,4656,840.3,84.9,12.5,1382.1,2.456,0.578,2.837,1
2024-01-01 13:47:00,DIE-003,4665,840.3,85,12.5,1368.2,2.444,0.587,2.79,1
2024-01-01 13:48:00,DIE-003,4676,833.9,85,12.5,1367.4,2.376,0.582,2.778,1
2024-01-01 13:49:00,DIE-003,4686,833.0,85,12.6,1404.3,2.391,0.594,2.754,1
2024-01-01 13:50:00,DIE-003,4695,834.2,85,12.41,1405.6,2.388,0.567,2.703,1
2024-01-01 13:51:00,DIE-003,4706,832.4,85,12.3,1391.3,2.421,0.566,2.678,1
2024-01-01 13:52:00,DIE-003,4714,841.8,85,12.21,1386.2,2.419,0.581,2.742,1
2024-01-01 13:53:00,DIE-003,4726,845.4,84.79,12.2,1386.2,2.439,0.612,2.775,1
2024-01-01 13:54:00,DIE-003,4737,847.3,85,12.25,1377.4,2.412,0.59,2.759,1
2024-01-01 13:55:00,DIE-003,4749,850.2,85,12.33,1380.3,2.391,0.618,2.764,1
2024-01-01 13:56:00,DIE-003,4757,853.2,85,12.34,1368.2,2.354,0.63,2.736,1
2024-01-01 13:57:00,DIE-003,4769,857.8,85,12.44,1359.7,2.278,0.62,2.743,1
2024-01-01 13:58:00,DIE-003,4777,863.1,85,12.43,1381.1,2.299,0.621,2.752,1
2024-01-01 13:59:00,DIE-003,4789,852.2,85,12.47,1383.9,2.342,0.635,2.74,1
2024-01-01 14:00:00,DIE-003,4797,858.4,85,12.53,1398.2,2.327,0.635,2.738,1
2024-01-01 14:01:00,DIE-003,4806,862.8,84.71,12.56,1373.1,2.41,0.625,2.747,1
2024-01-01 14:02:00,DIE-003,4815,859.7,85,12.59,1373.4,2.318,0.582,2.732,1
2024-01-01 14:03:00,DIE-003,4825,858.7,85,12.62,1368.4,2.326,0.595,2.77,1
2024-01-01 14:04:00,DIE-003,4835,858.2,85,12.53,1341.1,2.333,0.598,2.752,1
2024-01-01 14:05:00,DIE-003,4843,858.9,85,12.61,1348.5,2.34,0.599,2.769,1
2024-01-01 14:06:00,DIE-003,4851,866.7,85,12.61,1339.2,2.361,0.598,2.762,1
2024-01-01 14:07:00,DIE-003,4862,855.4,85,12.63,1371.2,2.377,0.628,2.746,1
2024-01-01 14:08:00,DIE-003,4870,850.1,85,12.63,1360.5,2.41,0.589,2.789,1
2024-01-01 14:09:00,DIE-003,4880,845.8,85,12.64,1376.0,2.369,0.633,2.738,1
2024-01-01 14:10:00,DIE-003,4891,855.5,85,12.6,1402.6,2.424,0.637,2.736,1
2024-01-01 14:11:00,DIE-003,4902,856.0,85,12.46,1441.1,2.413,0.623,2.79,1
2024-01-01 14:12:00,DIE-003,4912,856.6,85,12.38,1449.3,2.393,0.63,2.837,1
2024-01-01 14:13:00,DIE-003,4921,853.5,85,12.27,1456.0,2.433,0.649,2.838,1
2024-01-01 14:14:00,DIE-003,4932,852.1,85,12.2,1474.7,2.414,0.656,2.897,1
2024-01-01 14:15:00,DIE-003,4944,862.6,85,12.08,1458.9,2.441,0.618,2.893,1
2024-01-01 14:16:00,DIE-003,4956,861.1,85,12.12,1463.2,2.467,0.623,2.924,1
2024-01-01 14:17:00,DIE-003,4964,861.5,85,12.06,1419.6,2.416,0.633,2.921,1
2024-01-01 14:18:00,DIE-003,4974,867.6,84.85,12.04,1431.6,2.359,0.649,2.909,1
2024-01-01 14:19:00,DIE-003,4982,869.5,85,12.09,1412.8,2.3,0.622,2.878,1
2024-01-01 14:20:00,DIE-003,4991,865.5,85,12.19,1447.9,2.283,0.609,2.867,1
2024-01-01 14:21:00,DIE-003,4999,874.5,85,12.27,1438.0,2.284,0.586,2.855,1
2024-01-01 14:22:00,DIE-003,5010,874.6,85,12.21,1443.5,2.256,0.608,2.841,1
2024-01-01 14:23:00,DIE-003,5022,884.5,85,12.09,1431.6,2.251,0.616,2.806,1
2024-01-01 14:24:00,DIE-003,5033,876.2,85,12.24,1435.0,2.302,0.559,2.813,1
2024-01-01 14:25:00,DIE-003,5043,878.9,85,12.35,1430.1,2.373,0.574,2.868,1
2024-01-01 14:26:00,DIE-003,5051,878.4,85,12.2,1406.4,2.307,0.591,2.869,1
2024-01-01 14:27:00,DIE-003,5063,881.2,84.51,12.35,1407.9,2.32,0.588,2.856,1
2024-01-01 14:28:00,DIE-003,5074,874.8,84.74,12.19,1384.9,2.384,0.606,2.861,1
2024-01-01 14:29:00,DIE-003,5084,875.0,85,12.15,1390.2,2.397,0.593,2.814,1
2024-01-01 14:30:00,DIE-003,5096,878.7,84.79,12.13,1388.7,2.396,0.552,2.817,1
2024-01-01 14:31:00,DIE-003,5105,868.4,85,11.94,1380.3,2.346,0.552,2.808,1
2024-01-01 14:32:00,DIE-003,5117,868.0,85,11.89,1420.8,2.298,0.557,2.853,1
2024-01-01 14:33:00,DIE-003,5125,859.7,85,11.98,1413.4,2.328,0.562,2.866,1
2024-01-01 14:34:00,DIE-003,5136,865.3,85,11.92,1387.9,2.325,0.562,2.888,1
2024-01-01 14:35:00,DIE-003,5144,869.6,85,11.83,1394.5,2.319,0.592,2.896,1
2024-01-01 14:36:00,DIE-003,5152,870.6,84.96,11.85,1387.7,2.334,0.618,2.898,1
2024-01-01 14:37:00,DIE-003,5163,863.6,85,11.94,1395.0,2.353,0.61,2.916,1
2024-01-01 14:38:00,DIE-003,5174,868.2,85,12.08,1415.0,2.366,0.625,2.964,1
2024-01-01 14:39:00,DIE-003,5186,868.9,85,12.13,1426.9,2.331,0.654,2.968,1
2024-01-01 14:40:00,DIE-003,5196,871.9,85,12.15,1441.5,2.373,0.703,2.997,1
2024-01-01 14:41:00,DIE-003,5207,876.5,84.86,12.07,1413.9,2.348,0.701,3.041,1
2024-01-01 14:42:00,DIE-003,5215,872.3,85,12.06,1408.9,2.334,0.694,2.966,1
2024-01-01 14:43:00,DIE-003,5225,865.6,85,11.88,1415.0,2.327,0.704,2.971,1
2024-01-01 14:44:00,DIE-003,5236,873.0,84.94,11.87,1415.9,2.353,0.697,2.916,1
2024-01-01 14:45:00,DIE-003,5248,883.5,85,11.71,1432.0,2.417,0.688,2.872,1
2024-01-01 14:46:00,DIE-003,5260,880.0,85,11.77,1446.2,2.413,0.696,2.897,1
2024-01-01 14:47:00,DIE-003,5268,880.6,85,11.66,1456.3,2.345,0.69,2.917,1
2024-01-01 14:48:00,DIE-003,5277,889.5,85,11.57,1473.0,2.351,0.658,2.963,1
2024-01-01 14:49:00,DIE-003,5288,889.0,85,11.51,1455.6,2.269,0.668,2.947,1
2024-01-01 14:50:00,DIE-003,5300,889.3,85,11.55,1456.4,2.275,0.624,2.902,1
2024-01-01 14:51:00,DIE-003,5309,893.4,84.66,11.56,1442.9,2.254,0.641,2.895,1
2024-01-01 14:52:00,DIE-003,5318,889.2,84.95,11.58,1413.0,2.299,0.667,2.949,1
2024-01-01 14:53:00,DIE-003,5328,883.2,85,11.54,1391.7,2.261,0.658,2.949,1
2024-01-01 14:54:00,DIE-003,5338,882.9,85,11.56,1389.9,2.236,0.634,2.975,1
2024-01-01 14:55:00,DIE-003,5346,889.8,85,11.67,1367.4,2.262,0.668,2.972,1
2024-01-01 14:56:00,DIE-003,5357,890.6,84.95,11.7,1368.6,2.297,0.681,3.005,1
2024-01-01 14:57:00,DIE-003,5365,892.8,84.89,11.81,1369.2,2.251,0.715,3.004,1
2024-01-01 14:58:00,DIE-003,5376,891.9,85,11.87,1376.7,2.3,0.711,3.014,1
2024-01-01 14:59:00,DIE-003,5386,881.5,85,11.73,1363.4,2.299,0.699,3.019,1
2024-01-01 15:00:00,DIE-003,5394,883.2,85,11.72,1388.4,2.283,0.681,3.038,1
2024-01-01 15:01:00,DIE-003,5406,887.5,85,11.72,1403.4,2.295,0.681,3.043,1
2024-01-01 15:02:00,DIE-003,5417,886.4,85,11.87,1393.4,2.269,0.634,3.053,1
2024-01-01 15:03:00,DIE-003,5428,892.5,84.79,11.89,1388.5,2.285,0.651,3.033,1
2024-01-01 15:04:00,DIE-003,5440,896.0,84.71,11.79,1400.9,2.316,0.654,3.065,1
2024-01-01 15:05:00,DIE-003,5451,893.0,84.86,11.75,1413.6,2.329,0.644,3.081,1
2024-01-01 15:06:00,DIE-003,5459,892.4,85,11.6,1409.2,2.335,0.622,3.037,1
2024-01-01 15:07:00,DIE-003,5469,888.5,85,11.55,1434.0,2.314,0.61,3.079,1
2024-01-01 15:08:00,DIE-003,5479,887.0,85,11.45,1437.3,2.253,0.617,3.069,1
2024-01-01 15:09:00,DIE-003,5487,889.5,84.71,11.37,1438.7,2.323,0.614,3.127,1
2024-01-01 15:10:00,DIE-003,5498,890.7,85,11.41,1424.6,2.326,0.621,3.159,1
2024-01-01 15:11:00,DIE-003,5507,901.5,85,11.42,1439.5,2.347,0.592,3.204,1
2024-01-01 15:12:00,DIE-003,5518,891.2,84.74,11.45,1445.1,2.351,0.581,3.226,1
2024-01-01 15:13:00,DIE-003,5528,887.9,85,11.55,1435.5,2.338,0.547,3.276,1
2024-01-01 15:14:00,DIE-003,5539,888.5,85,11.43,1421.7,2.37,0.587,3.274,1
2024-01-01 15:15:00,DIE-003,5551,872.3,85,11.42,1453.2,2.369,0.595,3.302,1
2024-01-01 15:16:00,DIE-003,5562,873.1,85,11.26,1444.6,2.29,0.608,3.306,1
2024-01-01 15:17:00,DIE-003,5570,861.9,85,11.29,1447.8,2.282,0.606,3.31,1
2024-01-01 15:18:00,DIE-003,5578,861.0,85,11.35,1473.9,2.319,0.647,3.294,1
2024-01-01 15:19:00,DIE-003,5586,863.5,85,11.29,1449.8,2.292,0.633,3.303,1
2024-01-01 15:20:00,DIE-003,5598,867.0,85,11.17,1440.3,2.293,0.616,3.361,1
2024-01-01 15:21:00,DIE-003,5610,870.9,85,11.02,1433.4,2.287,0.589,3.331,1
2024-01-01 15:22:00,DIE-003,5619,876.3,85,11.11,1432.5,2.27,0.587,3.343,1
2024-01-01 15:23:00,DIE-003,5630,874.8,85,11.23,1424.7,2.336,0.59,3.333,1
2024-01-01 15:24:00,DIE-003,5641,873.7,84.96,11.14,1402.5,2.313,0.594,3.316,1
2024-01-01 15:25:00,DIE-003,5650,870.0,85,11.1,1402.4,2.26,0.625,3.323,1
2024-01-01 15:26:00,DIE-003,5662,873.4,85,11.14,1388.1,2.222,0.626,3.271,1
2024-01-01 15:27:00,DIE-003,5671,878.6,85,11.14,1386.6,2.204,0.663,3.257,1
2024-01-01 15:28:00,DIE-003,5683,881.7,85,11.21,1393.4,2.219,0.648,3.273,1
2024-01-01 15:29:00,DIE-003,5693,875.3,85,11.31,1403.8,2.225,0.663,3.257,1
2024-01-01 15:30:00,DIE-003,5702,875.4,85,11.37,1400.8,2.246,0.668,3.226,1
2024-01-01 15:31:00,DIE-003,5712,880.5,84.79,11.55,1424.4,2.301,0.671,3.253,1
2024-01-01 15:32:00,DIE-003,5722,882.7,84.6,11.7,1430.6,2.237,0.653,3.262,1
2024-01-01 15:33:00,DIE-003,5731,878.9,84.52,11.61,1431.4,2.318,0.649,3.283,1
2024-01-01 15:34:00,DIE-003,5740,876.7,84.79,11.62,1428.2,2.258,0.636,3.305,1
2024-01-01 15:35:00,DIE-003,5749,876.7,85,11.49,1428.3,2.24,0.641,3.298,1
2024-01-01 15:36:00,DIE-003,5759,876.7,84.99,11.59,1417.0,2.167,0.608,3.315,1
2024-01-01 15:37:00,DIE-003,5770,879.2,85,11.6,1397.6,2.18,0.607,3.325,1
2024-01-01 15:38:00,DIE-003,5778,874.2,85,11.68,1381.7,2.101,0.589,3.278,1
2024-01-01 15:39:00,DIE-003,5786,886.4,85,11.66,1359.7,2.122,0.605,3.295,1
2024-01-01 15:40:00,DIE-003,5797,890.1,85,11.74,1354.5,2.167,0.637,3.274,1
2024-01-01 15:41:00,DIE-003,5808,886.4,85,11.85,1345.0,2.087,0.617,3.289,1
2024-01-01 15:42:00,DIE-003,5817,892.8,85,11.92,1365.7,2.056,0.614,3.305,1
2024-01-01 15:43:00,DIE-003,5826,890.0,85,11.95,1359.1,2.079,0.613,3.309,1
2024-01-01 15:44:00,DIE-003,5834,889.0,85,12.02,1374.3,2.102,0.622,3.329,1
2024-01-01 15:45:00,DIE-003,5845,883.9,84.86,12.03,1366.8,2.079,0.614,3.319,1
2024-01-01 15:46:00,DIE-003,5855,885.7,85,12.11,1377.2,2.071,0.599,3.327,1
2024-01-01 15:47:00,DIE-003,5867,881.5,85,12.01,1373.7,1.966,0.591,3.362,1
2024-01-01 15:48:00,DIE-003,5878,887.2,85,11.93,1386.9,2.046,0.581,3.364,1
2024-01-01 15:49:00,DIE-003,5890,880.5,85,11.95,1411.9,1.977,0.592,3.393,1
2024-01-01 15:50:00,DIE-003,5902,874.1,84.52,11.92,1442.6,1.953,0.613,3.404,1
2024-01-01 15:51:00,DIE-003,5914,866.1,85,12.04,1454.8,2.014,0.603,3.359,1
2024-01-01 15:52:00,DIE-003,5925,871.9,85,12.14,1456.9,1.998,0.609,3.343,1
2024-01-01 15:53:00,DIE-003,5935,870.4,85,12.06,1448.3,1.971,0.584,3.381,1
2024-01-01 15:54:00,DIE-003,5946,871.8,85,12.09,1461.1,1.973,0.56,3.349,1
2024-01-01 15:55:00,DIE-003,5957,879.0,85,12.24,1458.2,1.996,0.537,3.37,1
2024-01-01 15:56:00,DIE-003,5967,884.2,85.0,12.4,1477.8,2.004,0.523,3.366,1
2024-01-01 15:57:00,DIE-003,5979,888.3,85,12.41,1501.0,2.009,0.512,3.375,1
2024-01-01 15:58:00,DIE-003,5990,893.3,85,12.59,1501.1,2.068,0.489,3.413,1
2024-01-01 15:59:00,DIE-003,6001,895.4,85,12.62,1512.2,2.018,0.503,3.415,1
2024-01-01 16:00:00,DIE-003,6009,903.5,85,12.57,1507.1,2.022,0.478,3.423,1
2024-01-01 16:01:00,DIE-003,6020,906.1,85,12.67,1512.2,2.099,0.471,3.394,1
2024-01-01 16:02:00,DIE-003,6028,908.7,85,12.65,1512.6,2.067,0.483,3.438,1
2024-01-01 16:03:00,DIE-003,6036,904.8,84.95,12.67,1520.9,2.09,0.475,3.392,1
2024-01-01 16:04:00,DIE-003,6046,911.3,85,12.67,1530.1,2.088,0.483,3.412,1
2024-01-01 16:05:00,DIE-003,6055,904.8,85,12.63,1536.8,2.068,0.481,3.415,1
2024-01-01 16:06:00,DIE-003,6067,904.4,85,12.69,1534.0,2.127,0.469,3.396,1
2024-01-01 16:07:00,DIE-003,6077,906.9,85,12.78,1517.8,2.138,0.458,3.371,1
2024-01-01 16:08:00,DIE-003,6087,901.8,85,12.8,1516.0,2.155,0.447,3.371,1
2024-01-01 16:09:00,DIE-003,6099,905.9,85,12.77,1535.8,2.106,0.408,3.381,1
2024-01-01 16:10:00,DIE-003,6107,900.6,85,12.93,1535.5,2.05,0.409,3.391,1
2024-01-01 16:11:00,DIE-003,6116,904.5,85,12.94,1520.4,2.034,0.408,3.414,1
2024-01-01 16:12:00,DIE-003,6127,906.4,85,12.87,1526.3,2.059,0.443,3.385,1
2024-01-01 16:13:00,DIE-003,6135,904.0,85,13.01,1528.3,2.021,0.449,3.442,1
2024-01-01 16:14:00,DIE-003,6144,898.4,85,13.0,1544.8,2.035,0.469,3.439,1
2024-01-01 16:15:00,DIE-003,6152,896.6,85,13.0,1535.5,2.075,0.447,3.492,1
2024-01-01 16:16:00,DIE-003,6163,896.4,85,13.1,1548.6,2.081,0.482,3.447,1
2024-01-01 16:17:00,DIE-003,6171,890.7,85,13.08,1537.1,2.075,0.467,3.458,1
2024-01-01 16:18:00,DIE-003,6182,890.3,85,12.88,1547.5,2.043,0.464,3.429,1
2024-01-01 16:19:00,DIE-003,6193,891.7,85,12.95,1568.8,1.957,0.452,3.454,1
2024-01-01 16:20:00,DIE-003,6204,893.2,85,13.05,1551.2,1.882,0.478,3.497,1
2024-01-01 16:21:00,DIE-003,6214,888.2,84.92,12.91,1563.6,1.903,0.451,3.492,1
2024-01-01 16:22:00,DIE-003,6222,890.8,85,12.78,1567.1,1.885,0.446,3.496,1
2024-01-01 16:23:00,DIE-003,6230,886.6,85,12.68,1574.9,1.852,0.443,3.518,1
2024-01-01 16:24:00,DIE-003,6241,886.7,84.95,12.66,1578.3,1.84,0.422,3.552,1
2024-01-01 16:25:00,DIE-003,6250,883.2,85,12.74,1564.7,1.793,0.442,3.557,1
2024-01-01 16:26:00,DIE-003,6258,880.7,85,12.73,1549.1,1.828,0.427,3.535,1
2024-01-01 16:27:00,DIE-003,6266,878.8,84.85,12.64,1528.4,1.845,0.414,3.544,1
2024-01-01 16:28:00,DIE-003,6276,874.8,84.57,12.73,1533.3,1.856,0.434,3.525,1
2024-01-01 16:29:00,DIE-003,6288,883.4,84.66,12.58,1516.1,1.855,0.408,3.554,1
2024-01-01 16:30:00,DIE-003,6298,885.5,84.49,12.67,1492.5,1.821,0.388,3.564,1
2024-01-01 16:31:00,DIE-003,6309,887.5,85,12.71,1468.9,1.796,0.39,3.526,1
2024-01-01 16:32:00,DIE-003,6320,885.3,84.97,12.66,1474.5,1.832,0.362,3.512,1
2024-01-01 16:33:00,DIE-003,6328,887.0,84.4,12.69,1466.3,1.82,0.381,3.463,1
2024-01-01 16:34:00,DIE-003,6336,884.0,84.31,12.65,1464.3,1.837,0.389,3.44,1
2024-01-01 16:35:00,DIE-003,6345,871.5,84.72,12.59,1484.9,1.872,0.411,3.422,1
2024-01-01 16:36:00,DIE-003,6355,869.2,84.93,12.55,1480.4,1.889,0.441,3.35,1
2024-01-01 16:37:00,DIE-003,6364,866.4,85,12.55,1485.3,1.789,0.421,3.436,1
2024-01-01 16:38:00,DIE-003,6376,865.6,85,12.48,1500.4,1.832,0.418,3.476,1
2024-01-01 16:39:00,DIE-003,6384,865.3,84.82,12.38,1499.5,1.833,0.417,3.517,1
2024-01-01 16:40:00,DIE-003,6393,869.2,85,12.29,1492.7,1.843,0.388,3.517,1
2024-01-01 16:41:00,DIE-003,6402,870.8,85,12.17,1495.3,1.828,0.386,3.503,1
2024-01-01 16:42:00,DIE-003,6413,859.4,85,12.11,1504.9,1.791,0.364,3.491,1
2024-01-01 16:43:00,DIE-003,6425,855.3,84.78,12.05,1508.9,1.784,0.335,3.531,1
2024-01-01 16:44:00,DIE-003,6437,861.7,84.87,12.14,1496.2,1.785,0.336,3.579,1
2024-01-01 16:45:00,DIE-003,6445,858.5,84.31,12.17,1511.5,1.78,0.329,3.61,1
2024-01-01 16:46:00,DIE-003,6453,860.2,85,12.08,1507.0,1.861,0.299,3.627,1
2024-01-01 16:47:00,DIE-003,6462,861.4,84.84,12.06,1499.1,1.874,0.31,3.608,1
2024-01-01 16:48:00,DIE-003,6472,863.8,84.91,12.17,1491.8,1.896,0.312,3.569,1
2024-01-01 16:49:00,DIE-003,6482,863.5,85,12.15,1479.0,1.851,0.329,3.585,1
2024-01-01 16:50:00,DIE-003,6490,857.6,85,12.24,1492.2,1.914,0.305,3.601,1
2024-01-01 16:51:00,DIE-003,6501,862.6,85,12.31,1463.9,1.899,0.306,3.617,1
2024-01-01 16:52:00,DIE-003,6509,856.6,84.83,12.4,1463.4,1.86,0.269,3.613,1
2024-01-01 16:53:00,DIE-003,6521,860.1,84.77,12.47,1454.9,1.832,0.232,3.605,1
2024-01-01 16:54:00,DIE-003,6532,861.7,85,12.61,1456.6,1.867,0.189,3.616,1
2024-01-01 16:55:00,DIE-003,6542,864.1,85,12.71,1426.1,1.818,0.197,3.634,1
2024-01-01 16:56:00,DIE-003,6552,864.1,85,12.8,1415.6,1.757,0.218,3.627,1
2024-01-01 16:57:00,DIE-003,6563,860.4,85,12.73,1432.6,1.807,0.219,3.653,1
2024-01-01 16:58:00,DIE-003,6573,865.0,85,12.7,1417.7,1.79,0.219,3.622,1
2024-01-01 16:59:00,DIE-003,6583,863.9,85,12.64,1428.8,1.793,0.194,3.649,1
2024-01-01 17:00:00,DIE-003,6595,861.5,85,12.71,1415.0,1.824,0.193,3.601,1
2024-01-01 17:01:00,DIE-003,6606,870.1,84.07,12.87,1425.5,1.817,0.213,3.608,1
2024-01-01 17:02:00,DIE-003,6617,864.6,84.06,12.81,1423.3,1.851,0.222,3.588,1
2024-01-01 17:03:00,DIE-003,6626,873.1,84.47,12.82,1422.4,1.906,0.213,3.599,1
2024-01-01 17:04:00,DIE-003,6637,870.7,84.73,12.76,1432.5,2.001,0.202,3.572,1
2024-01-01 17:05:00,DIE-003,6646,868.5,85,12.72,1465.2,1.993,0.23,3.558,1
2024-01-01 17:06:00,DIE-003,6655,861.6,84.99,12.75,1441.6,1.993,0.248,3.525,1
2024-01-01 17:07:00,DIE-003,6666,859.7,84.9,12.72,1421.0,1.995,0.224,3.563,1
2024-01-01 17:08:00,DIE-003,6674,858.5,85,12.69,1420.2,2.064,0.212,3.606,1
2024-01-01 17:09:00,DIE-003,6682,852.9,85,12.79,1419.2,1.954,0.202,3.596,1
2024-01-01 17:10:00,DIE-003,6691,851.9,85,12.84,1411.7,2.06,0.219,3.574,1
2024-01-01 17:11:00,DIE-003,6700,841.0,85,12.73,1447.0,2.025,0.21,3.615,1
2024-01-01 17:12:00,DIE-003,6709,847.1,84.69,12.72,1427.8,2.03,0.219,3.631,1
2024-01-01 17:13:00,DIE-003,6720,855.9,84.65,12.88,1437.2,1.992,0.246,3.639,1
2024-01-01 17:14:00,DIE-003,6731,850.0,84.38,12.84,1443.1,2.013,0.2,3.682,1
2024-01-01 17:15:00,DIE-003,6741,858.3,84.26,12.75,1453.6,2.053,0.204,3.739,1
2024-01-01 17:16:00,DIE-003,6749,853.0,84.4,12.66,1462.8,2.07,0.178,3.734,1
2024-01-01 17:17:00,DIE-003,6760,863.9,85,12.79,1488.9,2.042,0.126,3.712,1
2024-01-01 17:18:00,DIE-003,6768,858.0,84.7,12.76,1493.5,2.088,0.127,3.684,1
2024-01-01 17:19:00,DIE-003,6776,863.3,84.64,12.78,1508.3,2.117,0.077,3.648,1
2024-01-01 17:20:00,DIE-003,6785,863.7,84.39,12.76,1469.9,2.097,0.114,3.628,1
2024-01-01 17:21:00,DIE-003,6795,872.0,84.52,12.76,1475.5,2.122,0.126,3.637,1
2024-01-01 17:22:00,DIE-003,6807,869.9,85,12.85,1476.9,2.064,0.127,3.719,1
2024-01-01 17:23:00,DIE-003,6817,876.7,85,12.89,1478.1,1.997,0.13,3.727,1
2024-01-01 17:24:00,DIE-003,6827,880.8,84.76,12.78,1466.0,1.956,0.117,3.739,1
2024-01-01 17:25:00,DIE-003,6836,886.0,85,12.82,1452.3,2.085,0.113,3.771,1
2024-01-01 17:26:00,DIE-003,6848,879.3,84.89,12.81,1452.5,2.085,0.088,3.806,1
2024-01-01 17:27:00,DIE-003,6858,872.9,85,12.79,1469.7,2.044,0.071,3.81,1
2024-01-01 17:28:00,DIE-003,6870,878.0,85,12.97,1476.9,1.979,0.059,3.789,1
2024-01-01 17:29:00,DIE-003,6879,882.4,85,12.95,1463.4,1.97,0.057,3.818,1
2024-01-01 17:30:00,DIE-003,6889,891.4,85,12.88,1458.4,2.007,0.057,3.816,1
2024-01-01 17:31:00,DIE-003,6897,883.3,85,13.02,1456.8,2.071,0.035,3.785,1
2024-01-01 17:32:00,DIE-003,6906,881.3,85,12.93,1469.7,2.072,0.034,3.777,1
2024-01-01 17:33:00,DIE-003,6914,887.8,85,12.86,1462.7,2.118,0.098,3.767,1
2024-01-01 17:34:00,DIE-003,6923,880.8,84.9,12.81,1460.0,2.121,0.094,3.775,1
2024-01-01 17:35:00,DIE-003,6932,885.6,85,12.68,1477.4,2.133,0.115,3.756,1
2024-01-01 17:36:00,DIE-003,6943,883.9,85,12.81,1473.1,2.106,0.094,3.786,1
2024-01-01 17:37:00,DIE-003,6952,884.3,85,12.77,1487.6,2.099,0.083,3.742,1
2024-01-01 17:38:00,DIE-003,6961,889.7,84.86,12.72,1500.6,2.128,0.127,3.715,1
2024-01-01 17:39:00,DIE-003,6971,886.3,85,12.64,1495.6,2.127,0.13,3.683,1
2024-01-01 17:40:00,DIE-003,6979,873.3,85,12.41,1478.8,2.151,0.133,3.73,1
2024-01-01 17:41:00,DIE-003,6991,872.3,85,12.38,1493.6,2.088,0.095,3.67,1
2024-01-01 17:42:00,DIE-003,7000,875.2,85,12.41,1487.0,2.074,0.101,3.658,1
2024-01-01 17:43:00,DIE-003,7010,878.7,84.99,12.38,1490.5,2.045,0.095,3.645,1
2024-01-01 17:44:00,DIE-003,7021,894.4,85,12.41,1469.1,2.049,0.098,3.655,1
2024-01-01 17:45:00,DIE-003,7029,905.1,84.36,12.44,1461.2,2.074,0.068,3.661,1
2024-01-01 17:46:00,DIE-003,7037,910.0,84.23,12.42,1453.9,2.057,0.058,3.651,1
2024-01-01 17:47:00,DIE-003,7048,910.7,84.55,12.28,1432.1,2.029,0.039,3.636,1
2024-01-01 17:48:00,DIE-003,7059,916.5,83.56,12.33,1443.4,2.029,0.07,3.576,1
2024-01-01 17:49:00,DIE-003,7069,911.3,83.9,12.34,1443.4,2.014,0.067,3.575,1
2024-01-01 17:50:00,DIE-003,7079,904.9,84.28,12.29,1446.7,1.983,0.08,3.548,1
2024-01-01 17:51:00,DIE-003,7090,912.9,84.64,12.37,1448.7,2.058,0.072,3.56,1
2024-01-01 17:52:00,DIE-003,7102,914.5,84.87,12.33,1439.9,2.108,0.074,3.603,1
2024-01-01 17:53:00,DIE-003,7114,921.4,85,12.34,1453.8,2.17,0.074,3.61,1
2024-01-01 17:54:00,DIE-003,7124,925.9,85,12.28,1473.2,2.175,0.052,3.587,1
2024-01-01 17:55:00,DIE-003,7136,929.9,84.8,12.39,1448.2,2.141,0.058,3.585,1
2024-01-01 17:56:00,DIE-003,7148,928.8,84.72,12.53,1477.3,2.099,0.088,3.56,1
2024-01-01 17:57:00,DIE-003,7158,929.0,85,12.6,1452.0,2.027,0.103,3.567,1
2024-01-01 17:58:00,DIE-003,7170,933.0,85,12.58,1465.1,2.006,0.103,3.605,1
2024-01-01 17:59:00,DIE-003,7182,933.6,85,12.54,1459.0,2.029,0.132,3.567,1
2024-01-01 18:00:00,DIE-003,7192,929.5,85,12.61,1444.0,2.02,0.121,3.532,1
2024-01-01 18:01:00,DIE-003,7202,929.8,85,12.54,1446.6,2.092,0.138,3.551,1
2024-01-01 18:02:00,DIE-003,7211,927.9,85,12.47,1450.7,2.108,0.129,3.491,1
2024-01-01 18:03:00,DIE-003,7219,933.2,85,12.53,1465.0,2.106,0.124,3.5,1
2024-01-01 18:04:00,DIE-003,7228,932.4,85,12.54,1489.0,2.146,0.118,3.509,1
2024-01-01 18:05:00,DIE-003,7236,928.3,85,12.61,1496.3,2.154,0.117,3.521,1
2024-01-01 18:06:00,DIE-003,7245,924.7,85,12.59,1494.2,2.132,0.129,3.521,1
2024-01-01 18:07:00,DIE-003,7255,921.3,84.88,12.37,1489.2,2.135,0.127,3.505,1
2024-01-01 18:08:00,DIE-003,7263,921.9,84.23,12.3,1475.2,2.074,0.14,3.49,1
2024-01-01 18:09:00,DIE-003,7275,929.5,84.59,12.37,1489.5,2.041,0.146,3.515,1
2024-01-01 18:10:00,DIE-003,7287,922.4,84.9,12.3,1484.0,2.078,0.141,3.465,1
2024-01-01 18:11:00,DIE-003,7296,924.1,85,12.29,1499.5,2.019,0.154,3.477,1
2024-01-01 18:12:00,DIE-003,7304,924.9,85,12.3,1502.7,1.989,0.172,3.489,1
2024-01-01 18:13:00,DIE-003,7313,934.4,85,12.2,1476.6,1.999,0.189,3.518,1
2024-01-01 18:14:00,DIE-003,7324,934.1,85,12.32,1451.7,1.969,0.22,3.546,1
2024-01-01 18:15:00,DIE-003,7335,923.4,84.72,12.43,1445.0,1.944,0.178,3.571,1
2024-01-01 18:16:00,DIE-003,7347,926.1,84.91,12.4,1415.4,1.936,0.173,3.572,1
2024-01-01 18:17:00,DIE-003,7359,929.2,85,12.47,1431.1,1.936,0.186,3.62,1
2024-01-01 18:18:00,DIE-003,7368,925.1,85,12.49,1443.3,1.907,0.163,3.557,1
2024-01-01 18:19:00,DIE-003,7376,923.4,85,12.4,1456.0,1.835,0.155,3.578,1
2024-01-01 18:20:00,DIE-003,7386,926.9,85,12.47,1447.8,1.779,0.167,3.564,1
2024-01-01 18:21:00,DIE-003,7395,924.6,85,12.48,1460.8,1.717,0.181,3.562,1
2024-01-01 18:22:00,DIE-003,7404,927.9,85,12.61,1459.8,1.73,0.189,3.53,1
2024-01-01 18:23:00,DIE-003,7413,929.7,85,12.58,1456.3,1.668,0.209,3.536,1
2024-01-01 18:24:00,DIE-003,7423,929.6,85,12.58,1455.1,1.656,0.207,3.531,1
2024-01-01 18:25:00,DIE-003,7435,930.5,85,12.68,1457.4,1.635,0.199,3.578,1
2024-01-01 18:26:00,DIE-003,7443,924.8,84.74,12.67,1462.2,1.661,0.19,3.55,1
2024-01-01 18:27:00,DIE-003,7454,915.9,85,12.6,1470.4,1.699,0.206,3.58,1
2024-01-01 18:28:00,DIE-003,7462,918.7,84.93,12.68,1494.7,1.7,0.227,3.595,1
2024-01-01 18:29:00,DIE-003,7472,911.8,84.74,12.58,1523.9,1.672,0.24,3.525,1
2024-01-01 18:30:00,DIE-003,7480,910.7,85,12.54,1539.8,1.656,0.236,3.601,1
2024-01-01 18:31:00,DIE-003,7492,904.3,85.0,12.42,1552.2,1.602,0.25,3.567,1
2024-01-01 18:32:00,DIE-003,7500,903.8,85,12.4,1552.1,1.597,0.208,3.569,1
2024-01-01 18:33:00,DIE-003,7510,903.0,84.69,12.32,1559.4,1.669,0.212,3.537,1
2024-01-01 18:34:00,DIE-003,7519,908.8,85,12.38,1557.6,1.653,0.219,3.558,1
2024-01-01 18:35:00,DIE-003,7531,914.0,85,12.35,1562.4,1.639,0.2,3.532,1
2024-01-01 18:36:00,DIE-003,7541,914.2,85,12.33,1553.3,1.577,0.21,3.593,1
2024-01-01 18:37:00,DIE-003,7550,913.4,85,12.25,1576.3,1.566,0.202,3.626,1
2024-01-01 18:38:00,DIE-003,7559,918.7,84.47,12.29,1589.2,1.52,0.208,3.568,1
2024-01-01 18:39:00,DIE-003,7571,919.2,83.89,12.27,1600.5,1.552,0.19,3.534,1
2024-01-01 18:40:00,DIE-003,7579,916.2,84.61,12.28,1595.9,1.513,0.187,3.577,1
2024-01-01 18:41:00,DIE-003,7589,920.0,84.55,12.25,1587.3,1.575,0.165,3.561,1
2024-01-01 18:42:00,DIE-003,7599,913.5,85,12.21,1601.5,1.545,0.17,3.565,1
2024-01-01 18:43:00,DIE-003,7611,908.6,85,12.22,1577.2,1.484,0.182,3.59,1
2024-01-01 18:44:00,DIE-003,7619,914.5,85,12.18,1573.5,1.519,0.192,3.621,1
2024-01-01 18:45:00,DIE-003,7629,914.8,85,12.1,1567.3,1.481,0.188,3.656,1
2024-01-01 18:46:00,DIE-003,7641,918.9,85,12.1,1553.2,1.463,0.188,3.678,1
2024-01-01 18:47:00,DIE-003,7652,918.1,85,12.11,1540.9,1.491,0.152,3.671,1
2024-01-01 18:48:00,DIE-003,7664,920.7,85,12.14,1542.9,1.469,0.162,3.686,1
2024-01-01 18:49:00,DIE-003,7674,922.6,85,12.09,1545.4,1.416,0.146,3.69,1
2024-01-01 18:50:00,DIE-003,7683,925.6,84.57,12.12,1560.0,1.375,0.141,3.668,1
2024-01-01 18:51:00,DIE-003,7693,925.3,85,11.97,1558.0,1.331,0.161,3.66,1
2024-01-01 18:52:00,DIE-003,7701,928.4,85,12.01,1554.6,1.344,0.189,3.669,1
2024-01-01 18:53:00,DIE-003,7711,929.0,85,11.92,1553.6,1.316,0.224,3.663,1
2024-01-01 18:54:00,DIE-003,7721,928.9,85,11.91,1551.6,1.323,0.195,3.679,1
2024-01-01 18:55:00,DIE-003,7732,923.9,85,11.78,1575.9,1.273,0.206,3.697,1
2024-01-01 18:56:00,DIE-003,7741,921.6,85,11.71,1591.6,1.24,0.203,3.725,1
2024-01-01 18:57:00,DIE-003,7751,918.7,85,11.63,1587.0,1.209,0.146,3.72,1
2024-01-01 18:58:00,DIE-003,7763,915.6,85,11.73,1581.4,1.171,0.108,3.684,1
2024-01-01 18:59:00,DIE-003,7775,912.0,85,11.76,1573.1,1.181,0.096,3.668,1
2024-01-01 19:00:00,DIE-003,7783,916.2,84.22,11.7,1587.7,1.203,0.095,3.627,1
2024-01-01 19:01:00,DIE-003,7791,915.4,83.69,11.73,1593.9,1.227,0.075,3.614,1
2024-01-01 19:02:00,DIE-003,7802,909.3,84.0,11.62,1598.9,1.246,0.072,3.601,1
2024-01-01 19:03:00,DIE-003,7813,914.9,84.12,11.37,1589.6,1.187,0.079,3.635,1
2024-01-01 19:04:00,DIE-003,7822,917.2,84.05,11.27,1566.0,1.163,0.045,3.629,1
2024-01-01 19:05:00,DIE-003,7831,923.6,84.29,11.41,1581.5,1.236,0.073,3.637,1
2024-01-01 19:06:00,DIE-003,7843,918.6,84.9,11.39,1597.8,1.254,0.059,3.624,1
2024-01-01 19:07:00,DIE-003,7854,918.4,85,11.39,1574.2,1.298,0.071,3.7,1
2024-01-01 19:08:00,DIE-003,7862,908.6,85,11.23,1568.3,1.302,0.049,3.675,1
2024-01-01 19:09:00,DIE-003,7871,908.6,85,11.13,1576.7,1.256,0.027,3.694,1
2024-01-01 19:10:00,DIE-003,7879,919.1,84.85,11.14,1593.3,1.291,0.05,3.725,1
2024-01-01 19:11:00,DIE-003,7891,923.8,85,11.15,1601.3,1.331,0.053,3.716,1
2024-01-01 19:12:00,DIE-003,7902,922.2,85,11.18,1583.5,1.322,0.048,3.734,1
2024-01-01 19:13:00,DIE-003,7913,919.6,85,11.17,1581.8,1.308,0.053,3.704,1
2024-01-01 19:14:00,DIE-003,7923,917.0,85,11.3,1594.8,1.341,0.034,3.681,1
2024-01-01 19:15:00,DIE-003,7932,908.2,85,11.3,1583.3,1.323,0.014,3.658,1
2024-01-01 19:16:00,DIE-003,7942,898.0,85,11.31,1562.3,1.36,0.047,3.664,1
2024-01-01 19:17:00,DIE-003,7954,901.8,84.97,11.33,1571.0,1.364,0.069,3.668,1
2024-01-01 19:18:00,DIE-003,7962,905.7,85,11.31,1562.4,1.428,0.056,3.634,1
2024-01-01 19:19:00,DIE-003,7972,901.5,85,11.21,1564.8,1.411,0.081,3.615,1
2024-01-01 19:20:00,DIE-003,7984,896.6,85,11.13,1543.7,1.39,0.081,3.631,1
2024-01-01 19:21:00,DIE-003,7995,889.8,85,11.14,1537.4,1.314,0.047,3.596,1
2024-01-01 19:22:00,DIE-003,8003,887.3,85,11.09,1538.4,1.276,0.041,3.579,1
2024-01-01 19:23:00,DIE-003,8013,885.0,85,11.04,1552.9,1.258,0.026,3.64,1
2024-01-01 19:24:00,DIE-003,8021,885.2,85,10.98,1559.3,1.217,0.025,3.592,1
2024-01-01 19:25:00,DIE-003,8030,884.3,85,10.98,1549.3,1.251,0.032,3.561,1
2024-01-01 19:26:00,DIE-003,8038,885.3,84.46,10.89,1523.5,1.28,0.042,3.53,1
2024-01-01 19:27:00,DIE-003,8048,879.7,83.88,10.95,1510.0,1.325,0.015,3.524,1
2024-01-01 19:28:00,DIE-003,8057,871.8,84.03,10.94,1514.4,1.293,0.032,3.544,1
2024-01-01 19:29:00,DIE-003,8067,884.8,85,11.01,1535.2,1.275,0.022,3.496,1
2024-01-01 19:30:00,DIE-003,8076,893.6,85,11.04,1527.2,1.233,0.018,3.474,1
2024-01-01 19:31:00,DIE-003,8088,901.0,84.69,10.96,1513.2,1.212,0.037,3.444,1
2024-01-01 19:32:00,DIE-003,8100,910.8,85,10.99,1553.4,1.23,0.01,3.422,1
2024-01-01 19:33:00,DIE-003,8110,915.5,84.84,11.03,1554.6,1.222,0.011,3.4,1
2024-01-01 19:34:00,DIE-003,8121,914.6,84.64,11.03,1557.6,1.136,0.031,3.374,1
2024-01-01 19:35:00,DIE-003,8132,910.9,84.59,11.03,1572.1,1.172,0.009,3.374,1
2024-01-01 19:36:00,DIE-003,8141,904.7,84.44,11.08,1585.0,1.204,0.021,3.328,1
2024-01-01 19:37:00,DIE-003,8149,901.6,85,11.19,1578.0,1.237,0.016,3.304,1
2024-01-01 19:38:00,DIE-003,8158,905.2,85,11.21,1583.8,1.277,-0.009,3.329,1
2024-01-01 19:39:00,DIE-003,8168,907.2,84.71,11.18,1584.8,1.269,-0.023,3.333,1
2024-01-01 19:40:00,DIE-003,8178,909.8,84.19,11.16,1570.4,1.264,-0.041,3.314,1
2024-01-01 19:41:00,DIE-003,8188,906.4,83.88,11.02,1545.8,1.269,-0.017,3.295,1
2024-01-01 19:42:00,DIE-003,8199,906.7,84.11,11.07,1546.5,1.293,0.004,3.327,1
2024-01-01 19:43:00,DIE-003,8207,910.3,83.75,10.91,1551.8,1.282,0.008,3.303,1
2024-01-01 19:44:00,DIE-003,8217,907.9,83.63,11.01,1536.8,1.28,0.034,3.284,1
2024-01-01 19:45:00,DIE-003,8227,899.3,85,11.05,1516.8,1.245,0.048,3.305,1
2024-01-01 19:46:00,DIE-003,8236,907.8,85,11.1,1518.3,1.301,0.041,3.354,1
2024-01-01 19:47:00,DIE-003,8248,906.2,85,10.99,1515.7,1.276,0.029,3.347,1
2024-01-01 19:48:00,DIE-003,8259,903.7,85,10.99,1470.3,1.191,0.055,3.451,1
2024-01-01 19:49:00,DIE-003,8270,903.9,85,10.95,1483.0,1.107,0.08,3.494,1
2024-01-01 19:50:00,DIE-003,8279,909.0,85,10.98,1503.3,1.093,0.078,3.543,1
2024-01-01 19:51:00,DIE-003,8290,908.5,84.43,10.92,1482.6,1.097,0.101,3.546,1
2024-01-01 19:52:00,DIE-003,8301,905.1,84.42,10.88,1473.5,1.07,0.11,3.564,1
2024-01-01 19:53:00,DIE-003,8310,905.6,84.7,10.8,1445.2,1.091,0.128,3.546,1
2024-01-01 19:54:00,DIE-003,8320,911.4,85,10.82,1438.5,1.056,0.143,3.561,1
2024-01-01 19:55:00,DIE-003,8332,913.9,84.65,10.75,1436.5,0.999,0.166,3.534,1
2024-01-01 19:56:00,DIE-003,8342,911.4,84.75,10.8,1457.3,0.94,0.195,3.544,1
2024-01-01 19:57:00,DIE-003,8350,907.5,85,10.83,1490.3,0.923,0.193,3.543,1
2024-01-01 19:58:00,DIE-003,8359,907.3,84.86,10.95,1499.7,0.947,0.239,3.595,1
2024-01-01 19:59:00,DIE-003,8369,905.6,85,10.89,1511.4,0.985,0.213,3.586,1
2024-01-01 20:00:00,DIE-003,8379,901.9,85,10.9,1522.8,0.96,0.228,3.585,1
2024-01-01 20:01:00,DIE-003,8390,899.9,84.95,11.04,1526.7,0.975,0.226,3.637,1
2024-01-01 20:02:00,DIE-003,8401,894.3,85,11.07,1517.4,1.015,0.249,3.627,1
2024-01-01 20:03:00,DIE-003,8411,900.7,85,11.16,1511.3,1.022,0.259,3.671,1
2024-01-01 20:04:00,DIE-003,8421,899.0,85,11.15,1493.0,1.039,0.257,3.674,1
2024-01-01 20:05:00,DIE-003,8429,901.0,85,11.12,1476.0,1.059,0.262,3.687,1
2024-01-01 20:06:00,DIE-003,8437,894.7,85,11.09,1474.0,1.028,0.248,3.656,1
2024-01-01 20:07:00,DIE-003,8446,893.9,84.94,11.16,1494.3,1.047,0.248,3.654,1
2024-01-01 20:08:00,DIE-003,8457,897.1,84.57,11.17,1521.6,1.133,0.269,3.675,1
2024-01-01 20:09:00,DIE-003,8465,904.6,84.61,11.18,1524.8,1.157,0.228,3.675,1
2024-01-01 20:10:00,DIE-003,8475,905.4,84.72,11.12,1549.9,1.189,0.256,3.718,1
2024-01-01 20:11:00,DIE-003,8483,910.4,84.5,11.17,1554.6,1.199,0.245,3.754,1
2024-01-01 20:12:00,DIE-003,8492,924.6,84.79,11.03,1573.0,1.217,0.277,3.765,1
2024-01-01 20:13:00,DIE-003,8501,926.6,84.92,11.05,1560.2,1.29,0.266,3.755,1
2024-01-01 20:14:00,DIE-003,8510,931.3,85,11.03,1554.6,1.261,0.242,3.766,1
2024-01-01 20:15:00,DIE-003,8519,931.9,85,11.1,1555.7,1.28,0.244,3.784,1
2024-01-01 20:16:00,DIE-003,8528,919.5,85,11.14,1562.7,1.282,0.271,3.754,1
2024-01-01 20:17:00,DIE-003,8538,928.0,85,11.19,1568.7,1.319,0.273,3.729,1
2024-01-01 20:18:00,DIE-003,8549,927.5,85,11.18,1586.6,1.291,0.28,3.728,1
2024-01-01 20:19:00,DIE-003,8561,919.5,85,11.16,1586.6,1.234,0.237,3.738,1
2024-01-01 20:20:00,DIE-003,8570,918.4,85,11.11,1575.9,1.179,0.211,3.703,1
2024-01-01 20:21:00,DIE-003,8578,925.8,85,11.15,1547.6,1.247,0.199,3.723,1
2024-01-01 20:22:00,DIE-003,8586,924.9,85,11.12,1553.2,1.266,0.159,3.681,1
2024-01-01 20:23:00,DIE-003,8597,924.4,84.99,11.14,1506.8,1.287,0.163,3.711,1
2024-01-01 20:24:00,DIE-003,8609,923.5,84.92,11.24,1488.8,1.374,0.149,3.673,1
2024-01-01 20:25:00,DIE-003,8618,928.4,84.8,11.32,1481.5,1.315,0.121,3.701,1
2024-01-01 20:26:00,DIE-003,8630,924.1,84.84,11.32,1493.9,1.36,0.099,3.736,1
2024-01-01 20:27:00,DIE-003,8642,923.7,85,11.35,1485.2,1.363,0.071,3.748,1
2024-01-01 20:28:00,DIE-003,8653,931.6,84.95,11.3,1482.1,1.351,0.118,3.739,1
2024-01-01 20:29:00,DIE-003,8665,937.7,85,11.24,1468.4,1.331,0.144,3.768,1
2024-01-01 20:30:00,DIE-003,8674,936.1,85,11.17,1452.5,1.332,0.11,3.771,1
2024-01-01 20:31:00,DIE-003,8682,934.2,84.98,11.21,1458.4,1.327,0.083,3.803,1
2024-01-01 20:32:00,DIE-003,8691,933.4,84.97,11.22,1476.0,1.332,0.093,3.846,1
2024-01-01 20:33:00,DIE-003,8699,936.2,85,11.19,1455.2,1.284,0.135,3.829,1
2024-01-01 20:34:00,DIE-003,8707,933.6,85,11.18,1435.7,1.366,0.173,3.859,1
2024-01-01 20:35:00,DIE-003,8716,933.0,84.87,11.15,1437.9,1.326,0.165,3.881,1
2024-01-01 20:36:00,DIE-003,8725,932.8,83.79,11.09,1426.9,1.316,0.148,3.825,1
2024-01-01 20:37:00,DIE-003,8734,939.1,83.58,11.04,1426.7,1.263,0.158,3.786,1
2024-01-01 20:38:00,DIE-003,8744,944.1,83.76,10.96,1418.8,1.198,0.103,3.819,1
2024-01-01 20:39:00,DIE-003,8755,948.7,83.81,10.85,1431.9,1.22,0.108,3.818,1
2024-01-01 20:40:00,DIE-003,8767,949.4,84.32,10.84,1429.6,1.238,0.105,3.788,1
2024-01-01 20:41:00,DIE-003,8775,956.3,84.99,10.93,1430.0,1.292,0.104,3.78,1
2024-01-01 20:42:00,DIE-003,8783,957.6,85,10.98,1428.2,1.328,0.094,3.727,1
2024-01-01 20:43:00,DIE-003,8793,958.6,84.97,10.98,1446.7,1.343,0.099,3.704,1
2024-01-01 20:44:00,DIE-003,8801,968.2,84.9,10.92,1447.1,1.37,0.105,3.691,1
2024-01-01 20:45:00,DIE-003,8809,967.6,85,10.9,1441.7,1.313,0.109,3.694,1
2024-01-01 20:46:00,DIE-003,8819,961.3,84.4,10.92,1439.1,1.239,0.102,3.667,1
2024-01-01 20:47:00,DIE-003,8827,963.8,84.14,10.98,1477.1,1.26,0.122,3.639,1
2024-01-01 20:48:00,DIE-003,8836,963.2,84.49,11.01,1468.8,1.194,0.121,3.62,1
2024-01-01 20:49:00,DIE-003,8845,968.8,84.92,11.01,1473.9,1.234,0.113,3.584,1
2024-01-01 20:50:00,DIE-003,8853,957.0,85,10.96,1468.4,1.221,0.111,3.568,1
2024-01-01 20:51:00,DIE-003,8861,962.1,85,10.92,1487.1,1.172,0.135,3.595,1
2024-01-01 20:52:00,DIE-003,8869,966.3,85,10.77,1493.9,1.221,0.175,3.554,1
2024-01-01 20:53:00,DIE-003,8879,963.8,85,10.79,1465.3,1.205,0.172,3.569,1
2024-01-01 20:54:00,DIE-003,8890,965.7,85,10.84,1460.8,1.133,0.187,3.549,1
2024-01-01 20:55:00,DIE-003,8901,969.3,85,10.87,1424.3,1.099,0.215,3.559,1
2024-01-01 20:56:00,DIE-003,8911,967.4,85,10.91,1423.7,1.07,0.207,3.559,1
2024-01-01 20:57:00,DIE-003,8921,970.3,85,10.93,1422.1,1.053,0.198,3.582,1
2024-01-01 20:58:00,DIE-003,8932,965.9,84.91,10.89,1409.5,1.028,0.206,3.572,1
2024-01-01 20:59:00,DIE-003,8942,968.4,85,11.0,1407.4,0.944,0.234,3.573,1
2024-01-01 21:00:00,DIE-003,8952,959.4,85,11.08,1400.6,0.883,0.226,3.567,1
2024-01-01 21:01:00,DIE-003,8962,965.4,84.59,11.13,1358.2,0.879,0.18,3.518,1
2024-01-01 21:02:00,DIE-003,8970,960.8,85,11.04,1340.6,0.845,0.188,3.502,1
2024-01-01 21:03:00,DIE-003,8980,956.5,84.77,11.11,1362.8,0.794,0.199,3.541,1
2024-01-01 21:04:00,DIE-003,8988,951.7,84.95,11.19,1379.0,0.786,0.202,3.539,1
2024-01-01 21:05:00,DIE-003,8996,952.2,84.95,11.16,1392.8,0.741,0.196,3.595,1
2024-01-01 21:06:00,DIE-003,9004,957.0,84.99,11.04,1362.1,0.761,0.184,3.604,1
2024-01-01 21:07:00,DIE-003,9012,951.2,85,11.03,1344.4,0.705,0.161,3.626,1
2024-01-01 21:08:00,DIE-003,9022,960.2,85,11.07,1349.2,0.734,0.179,3.643,1
2024-01-01 21:09:00,DIE-003,9030,965.3,85,11.18,1344.7,0.715,0.186,3.656,1
2024-01-01 21:10:00,DIE-003,9039,961.5,84.97,11.09,1340.9,0.748,0.168,3.63,1
2024-01-01 21:11:00,DIE-003,9051,966.8,85,11.1,1361.1,0.783,0.147,3.619,1
2024-01-01 21:12:00,DIE-003,9059,968.2,85,11.13,1365.6,0.785,0.177,3.653,1
2024-01-01 21:13:00,DIE-003,9069,957.5,85,11.32,1397.8,0.753,0.191,3.69,1
2024-01-01 21:14:00,DIE-003,9081,963.9,85,11.35,1382.3,0.799,0.212,3.651,1
2024-01-01 21:15:00,DIE-003,9093,953.1,85,11.33,1371.4,0.805,0.229,3.678,1
2024-01-01 21:16:00,DIE-003,9101,957.3,85,11.21,1348.6,0.797,0.212,3.665,1
2024-01-01 21:17:00,DIE-003,9110,963.8,85,11.11,1377.4,0.746,0.21,3.699,1
2024-01-01 21:18:00,DIE-003,9121,965.1,84.76,11.14,1372.1,0.762,0.212,3.661,1
2024-01-01 21:19:00,DIE-003,9133,964.7,84.91,11.22,1372.8,0.715,0.237,3.638,1
2024-01-01 21:20:00,DIE-003,9141,963.0,84.73,11.09,1363.5,0.706,0.229,3.657,1
2024-01-01 21:21:00,DIE-003,9152,956.8,84.81,11.27,1365.1,0.77,0.226,3.654,1
2024-01-01 21:22:00,DIE-003,9162,944.9,84.56,11.39,1351.7,0.741,0.217,3.659,1
2024-01-01 21:23:00,DIE-003,9172,938.7,84.97,11.55,1367.3,0.742,0.242,3.65,1
2024-01-01 21:24:00,DIE-003,9180,936.9,84.69,11.61,1384.2,0.735,0.241,3.659,1
2024-01-01 21:25:00,DIE-003,9190,937.6,84.51,11.64,1372.7,0.744,0.235,3.662,1
2024-01-01 21:26:00,DIE-003,9201,935.3,84.98,11.69,1378.6,0.737,0.229,3.629,1
2024-01-01 21:27:00,DIE-003,9210,932.0,84.71,11.78,1368.8,0.735,0.224,3.588,1
2024-01-01 21:28:00,DIE-003,9219,925.8,84.18,11.76,1381.0,0.742,0.201,3.611,1
2024-01-01 21:29:00,DIE-003,9227,923.4,83.67,11.73,1381.5,0.764,0.201,3.632,1
2024-01-01 21:30:00,DIE-003,9239,924.7,83.75,11.84,1392.8,0.741,0.231,3.592,1
2024-01-01 21:31:00,DIE-003,9250,934.7,83.54,11.8,1384.1,0.779,0.246,3.56,1
2024-01-01 21:32:00,DIE-003,9258,927.6,84.13,11.73,1378.4,0.791,0.256,3.538,1
2024-01-01 21:33:00,DIE-003,9267,928.7,84.24,11.77,1384.7,0.733,0.253,3.557,1
2024-01-01 21:34:00,DIE-003,9276,931.3,84.04,11.63,1378.3,0.705,0.25,3.545,1
2024-01-01 21:35:00,DIE-003,9285,942.1,83.8,11.58,1397.2,0.671,0.233,3.525,1
2024-01-01 21:36:00,DIE-003,9293,929.9,83.97,11.46,1380.6,0.688,0.234,3.458,1
2024-01-01 21:37:00,DIE-003,9302,932.4,84.36,11.42,1381.2,0.712,0.212,3.481,1
2024-01-01 21:38:00,DIE-003,9313,938.4,83.85,11.23,1407.8,0.741,0.182,3.496,1
2024-01-01 21:39:00,DIE-003,9322,937.9,83.52,11.18,1399.4,0.807,0.183,3.493,1
2024-01-01 21:40:00,DIE-003,9331,940.1,83.65,11.15,1395.8,0.809,0.198,3.478,1
2024-01-01 21:41:00,DIE-003,9343,942.6,83.18,11.16,1417.4,0.809,0.208,3.514,1
2024-01-01 21:42:00,DIE-003,9353,938.2,83.43,11.19,1430.0,0.796,0.179,3.511,1
2024-01-01 21:43:00,DIE-003,9363,936.5,83.18,11.28,1446.3,0.797,0.215,3.51,1
2024-01-01 21:44:00,DIE-003,9372,937.1,83.58,11.3,1422.6,0.819,0.214,3.517,1
2024-01-01 21:45:00,DIE-003,9383,949.8,82.98,11.33,1424.0,0.786,0.198,3.54,1
2024-01-01 21:46:00,DIE-003,9393,952.7,82.68,11.34,1416.6,0.767,0.231,3.554,1
2024-01-01 21:47:00,DIE-003,9401,959.2,83.28,11.28,1432.3,0.76,0.212,3.569,1
2024-01-01 21:48:00,DIE-003,9409,955.1,83.85,11.2,1412.0,0.769,0.214,3.535,1
2024-01-01 21:49:00,DIE-003,9419,952.2,83.79,11.2,1397.9,0.708,0.206,3.523,1
2024-01-01 21:50:00,DIE-003,9428,954.4,83.95,11.1,1400.5,0.716,0.204,3.499,1
2024-01-01 21:51:00,DIE-003,9439,950.3,84.12,11.16,1413.7,0.765,0.217,3.519,1
2024-01-01 21:52:00,DIE-003,9448,952.7,84.29,11.2,1397.3,0.755,0.241,3.462,1
2024-01-01 21:53:00,DIE-003,9456,958.4,85,11.28,1389.6,0.738,0.286,3.48,1
2024-01-01 21:54:00,DIE-003,9465,954.0,85,11.37,1379.0,0.654,0.276,3.493,1
2024-01-01 21:55:00,DIE-003,9473,957.0,85,11.43,1366.7,0.702,0.257,3.493,1
2024-01-01 21:56:00,DIE-003,9485,960.5,85,11.43,1348.1,0.7,0.28,3.442,1
2024-01-01 21:57:00,DIE-003,9496,957.5,84.63,11.48,1358.2,0.675,0.286,3.477,1
2024-01-01 21:58:00,DIE-003,9504,964.7,85,11.47,1355.0,0.647,0.298,3.468,1
2024-01-01 21:59:00,DIE-003,9513,959.9,84.35,11.54,1376.7,0.59,0.273,3.508,1
2024-01-01 22:00:00,DIE-003,9524,961.6,84.65,11.59,1373.0,0.601,0.259,3.535,1
2024-01-01 22:01:00,DIE-003,9535,960.1,84.38,11.72,1341.8,0.529,0.258,3.567,1
2024-01-01 22:02:00,DIE-003,9545,957.6,84.26,11.69,1368.4,0.52,0.276,3.586,1
2024-01-01 22:03:00,DIE-003,9554,960.6,83.86,11.88,1333.3,0.469,0.259,3.601,1
2024-01-01 22:04:00,DIE-003,9564,962.3,83.69,11.8,1306.7,0.476,0.226,3.634,1
2024-01-01 22:05:00,DIE-003,9573,956.8,83.45,11.77,1305.4,0.484,0.194,3.653,1
2024-01-01 22:06:00,DIE-003,9583,955.2,83.16,11.79,1311.4,0.517,0.207,3.659,1
2024-01-01 22:07:00,DIE-003,9591,950.5,83.43,11.92,1306.8,0.562,0.17,3.641,1
2024-01-01 22:08:00,DIE-003,9599,949.4,83.79,11.82,1307.7,0.575,0.162,3.668,1
2024-01-01 22:09:00,DIE-003,9607,953.5,83.53,11.83,1296.8,0.536,0.18,3.686,1
2024-01-01 22:10:00,DIE-003,9616,953.9,83.27,11.73,1272.4,0.504,0.137,3.678,1
2024-01-01 22:11:00,DIE-003,9624,950.2,83.19,11.65,1252.7,0.542,0.15,3.68,1
2024-01-01 22:12:00,DIE-003,9633,945.6,82.51,11.69,1226.1,0.538,0.151,3.695,1
2024-01-01 22:13:00,DIE-003,9642,946.7,83.47,11.72,1256.0,0.564,0.144,3.672,1
2024-01-01 22:14:00,DIE-003,9652,953.1,84.0,11.74,1226.0,0.6,0.204,3.686,1
2024-01-01 22:15:00,DIE-003,9664,962.6,83.29,11.87,1190.7,0.594,0.194,3.648,1
2024-01-01 22:16:00,DIE-003,9675,961.4,82.72,11.85,1176.8,0.628,0.171,3.647,1
2024-01-01 22:17:00,DIE-003,9686,972.6,83.11,11.77,1219.9,0.646,0.185,3.634,1
2024-01-01 22:18:00,DIE-003,9694,975.0,83.28,11.77,1234.3,0.705,0.153,3.661,1
2024-01-01 22:19:00,DIE-003,9702,973.0,84.04,11.85,1232.4,0.723,0.129,3.714,1
2024-01-01 22:20:00,DIE-003,9710,971.4,84.0,11.97,1225.1,0.664,0.113,3.712,1
2024-01-01 22:21:00,DIE-003,9718,967.4,84.14,11.98,1225.8,0.701,0.095,3.735,1
2024-01-01 22:22:00,DIE-003,9726,963.7,83.44,12.02,1245.6,0.739,0.11,3.741,1
2024-01-01 22:23:00,DIE-003,9736,967.9,83.36,12.04,1266.3,0.754,0.126,3.759,1
2024-01-01 22:24:00,DIE-003,9746,963.9,83.66,11.9,1268.5,0.744,0.124,3.799,1
2024-01-01 22:25:00,DIE-003,9755,962.3,84.2,11.81,1260.1,0.71,0.1,3.77,1
2024-01-01 22:26:00,DIE-003,9764,960.0,84.22,11.87,1268.0,0.747,0.091,3.795,1
2024-01-01 22:27:00,DIE-003,9772,946.8,84.66,11.92,1274.9,0.712,0.071,3.834,1
2024-01-01 22:28:00,DIE-003,9784,947.8,84.92,11.84,1283.7,0.746,0.075,3.912,1
2024-01-01 22:29:00,DIE-003,9796,950.2,84.99,11.89,1272.1,0.785,0.057,3.895,1
2024-01-01 22:30:00,DIE-003,9807,948.4,84.5,11.9,1309.0,0.838,0.055,3.853,1
2024-01-01 22:31:00,DIE-003,9816,943.7,84.42,11.98,1305.4,0.823,0.081,3.827,1
2024-01-01 22:32:00,DIE-003,9826,942.0,84.37,11.91,1329.5,0.861,0.072,3.767,1
2024-01-01 22:33:00,DIE-003,9834,943.0,84.64,11.78,1356.0,0.864,0.065,3.782,1
2024-01-01 22:34:00,DIE-003,9845,946.6,85,11.69,1364.1,0.845,0.053,3.808,1
2024-01-01 22:35:00,DIE-003,9853,948.6,85,11.72,1328.4,0.835,0.006,3.843,1
2024-01-01 22:36:00,DIE-003,9861,950.5,84.58,11.79,1359.4,0.784,0.001,3.781,1
2024-01-01 22:37:00,DIE-003,9869,952.3,84.14,11.68,1364.4,0.863,0.028,3.721,1
2024-01-01 22:38:00,DIE-003,9880,941.3,84.31,11.72,1362.1,0.898,0.012,3.731,1
2024-01-01 22:39:00,DIE-003,9891,943.3,83.79,11.57,1370.4,0.964,0.032,3.743,1
2024-01-01 06:00:00,DIE-004,8,851.0,45.1,12.1,1223.0,0.821,0.013,2.495,0
2024-01-01 06:01:00,DIE-004,16,854.3,44.76,12.19,1236.4,0.771,-0.008,2.506,0
2024-01-01 06:02:00,DIE-004,28,858.7,44.15,12.35,1216.4,0.748,-0.032,2.477,0
2024-01-01 06:03:00,DIE-004,40,859.5,43.52,12.4,1202.8,0.773,-0.04,2.516,0
2024-01-01 06:04:00,DIE-004,51,855.9,43.48,12.39,1214.3,0.836,-0.036,2.557,0
2024-01-01 06:05:00,DIE-004,61,865.5,44.58,12.31,1197.1,0.88,-0.029,2.588,0
2024-01-01 06:06:00,DIE-004,70,868.6,44.52,12.36,1180.2,0.881,-0.044,2.585,0
2024-01-01 06:07:00,DIE-004,78,868.0,44.3,12.41,1172.8,0.845,-0.043,2.558,0
2024-01-01 06:08:00,DIE-004,90,876.2,44.88,12.35,1194.7,0.857,-0.038,2.541,0
2024-01-01 06:09:00,DIE-004,101,865.6,45.35,12.36,1203.9,0.885,-0.051,2.532,0
2024-01-01 06:10:00,DIE-004,111,871.8,44.63,12.23,1186.6,0.908,-0.057,2.517,0
2024-01-01 06:11:00,DIE-004,120,877.2,44.09,12.36,1180.8,0.897,-0.078,2.502,0
2024-01-01 06:12:00,DIE-004,128,879.2,43.73,12.48,1176.4,1.0,-0.104,2.484,0
2024-01-01 06:13:00,DIE-004,137,881.9,43.77,12.47,1185.9,1.092,-0.075,2.47,0
2024-01-01 06:14:00,DIE-004,148,879.4,43.87,12.4,1184.4,1.062,-0.079,2.519,0
2024-01-01 06:15:00,DIE-004,159,872.5,43.71,12.34,1188.2,1.064,-0.057,2.488,0
2024-01-01 06:16:00,DIE-004,168,877.4,43.76,12.4,1192.1,1.063,-0.092,2.471,0
2024-01-01 06:17:00,DIE-004,180,883.4,43.8,12.34,1200.0,1.021,-0.055,2.521,0
2024-01-01 06:18:00,DIE-004,189,882.1,42.98,12.32,1190.6,1.029,-0.012,2.558,0
2024-01-01 06:19:00,DIE-004,200,873.1,42.43,12.24,1212.4,0.985,-0.006,2.563,0
2024-01-01 06:20:00,DIE-004,208,867.9,42.17,12.2,1206.3,0.939,-0.014,2.555,0
2024-01-01 06:21:00,DIE-004,218,858.9,42.47,12.12,1223.9,0.953,0.0,2.553,0
2024-01-01 06:22:00,DIE-004,228,864.6,42.66,12.24,1215.1,0.944,-0.004,2.552,0
2024-01-01 06:23:00,DIE-004,238,863.0,42.51,12.13,1209.5,0.952,-0.002,2.522,0
2024-01-01 06:24:00,DIE-004,250,864.0,42.46,12.14,1203.5,1.012,-0.005,2.512,0
2024-01-01 06:25:00,DIE-004,262,864.8,42.32,12.23,1199.7,0.983,-0.006,2.513,0
2024-01-01 06:26:00,DIE-004,272,867.8,42.17,12.39,1198.5,1.078,0.023,2.482,0
2024-01-01 06:27:00,DIE-004,281,856.8,42.72,12.39,1188.4,1.078,0.001,2.494,0
2024-01-01 06:28:00,DIE-004,290,862.3,43.02,12.44,1197.5,1.051,-0.023,2.464,0
2024-01-01 06:29:00,DIE-004,300,863.1,42.61,12.33,1219.3,1.095,-0.051,2.484,0
2024-01-01 06:30:00,DIE-004,308,857.4,42.59,12.36,1213.6,1.024,-0.058,2.498,0
2024-01-01 06:31:00,DIE-004,319,868.6,41.75,12.31,1212.0,1.016,-0.06,2.468,0
2024-01-01 06:32:00,DIE-004,328,863.7,41.85,12.27,1206.7,0.977,-0.051,2.486,0
2024-01-01 06:33:00,DIE-004,340,858.4,41.77,12.22,1202.8,0.963,-0.081,2.52,0
2024-01-01 06:34:00,DIE-004,349,862.7,42.59,12.08,1183.8,0.91,-0.087,2.481,0
2024-01-01 06:35:00,DIE-004,358,864.2,42.78,11.99,1194.2,0.932,-0.103,2.457,0
2024-01-01 06:36:00,DIE-004,367,851.8,43.22,12.03,1181.7,1.007,-0.097,2.482,0
2024-01-01 06:37:00,DIE-004,379,849.3,43.31,12.03,1202.9,1.035,-0.088,2.476,0
2024-01-01 06:38:00,DIE-004,390,858.7,43.93,11.96,1214.1,0.99,-0.101,2.491,0
2024-01-01 06:39:00,DIE-004,400,857.9,44.18,11.91,1229.5,1.017,-0.092,2.498,0
2024-01-01 06:40:00,DIE-004,410,856.5,44.16,11.96,1219.3,1.078,-0.084,2.508,0
2024-01-01 06:41:00,DIE-004,419,860.1,43.73,11.95,1228.2,1.038,-0.124,2.436,0
2024-01-01 06:42:00,DIE-004,428,854.7,43.19,11.93,1226.7,1.104,-0.099,2.433,0
2024-01-01 06:43:00,DIE-004,440,855.4,42.76,12.0,1217.5,1.105,-0.099,2.427,0
2024-01-01 06:44:00,DIE-004,452,846.2,43.84,12.09,1242.5,1.082,-0.092,2.455,0
2024-01-01 06:45:00,DIE-004,463,850.6,43.9,12.11,1246.0,1.036,-0.076,2.522,0
2024-01-01 06:46:00,DIE-004,473,853.0,43.06,12.06,1233.2,1.032,-0.04,2.501,0
2024-01-01 06:47:00,DIE-004,483,854.1,43.67,12.05,1218.8,1.105,-0.053,2.451,0
2024-01-01 06:48:00,DIE-004,493,850.0,44.58,12.13,1215.3,1.047,-0.034,2.441,0
2024-01-01 06:49:00,DIE-004,504,850.0,44.13,12.1,1220.9,1.103,-0.034,2.47,0
2024-01-01 06:50:00,DIE-004,514,849.1,44.26,12.04,1231.7,1.056,-0.042,2.482,0
2024-01-01 06:51:00,DIE-004,526,844.9,44.47,12.17,1230.6,1.082,-0.051,2.53,0
2024-01-01 06:52:00,DIE-004,535,838.9,43.7,12.06,1200.8,1.028,-0.08,2.54,0
2024-01-01 06:53:00,DIE-004,546,835.9,43.93,11.97,1201.0,1.038,-0.092,2.511,0
2024-01-01 06:54:00,DIE-004,556,835.4,43.92,11.86,1200.0,1.041,-0.057,2.481,0
2024-01-01 06:55:00,DIE-004,568,828.4,43.38,11.82,1192.5,1.014,-0.035,2.446,0
2024-01-01 06:56:00,DIE-004,580,824.8,42.63,11.84,1193.1,1.008,-0.052,2.455,0
2024-01-01 06:57:00,DIE-004,588,820.3,42.23,11.78,1185.8,1.022,-0.049,2.446,0
2024-01-01 06:58:00,DIE-004,597,818.1,43.1,11.79,1160.5,0.966,-0.061,2.383,0
2024-01-01 06:59:00,DIE-004,608,821.8,43.75,11.7,1150.5,0.949,-0.057,2.356,0
2024-01-01 07:00:00,DIE-004,616,822.4,44.74,11.74,1153.7,0.914,-0.064,2.329,0
2024-01-01 07:01:00,DIE-004,624,828.3,44.7,11.81,1132.9,0.829,-0.052,2.34,0
2024-01-01 07:02:00,DIE-004,633,830.4,44.63,11.75,1135.6,0.805,-0.08,2.343,0
2024-01-01 07:03:00,DIE-004,644,833.9,44.16,11.65,1132.6,0.819,-0.087,2.279,0
2024-01-01 07:04:00,DIE-004,652,838.5,44.7,11.59,1127.1,0.847,-0.102,2.292,0
2024-01-01 07:05:00,DIE-004,662,843.6,45.03,11.66,1112.4,0.769,-0.096,2.266,0
2024-01-01 07:06:00,DIE-004,670,837.8,45.04,11.56,1109.0,0.753,-0.113,2.259,0
2024-01-01 07:07:00,DIE-004,681,839.5,45.82,11.54,1118.4,0.702,-0.128,2.246,0
2024-01-01 07:08:00,DIE-004,689,828.9,46.03,11.49,1144.9,0.679,-0.1,2.228,0
2024-01-01 07:09:00,DIE-004,700,821.7,46.27,11.53,1153.7,0.645,-0.093,2.259,0
2024-01-01 07:10:00,DIE-004,711,829.6,46.79,11.59,1135.3,0.664,-0.11,2.217,0
2024-01-01 07:11:00,DIE-004,720,833.3,46.89,11.53,1155.5,0.703,-0.095,2.221,0
2024-01-01 07:12:00,DIE-004,728,824.6,46.92,11.49,1158.7,0.625,-0.12,2.201,0
2024-01-01 07:13:00,DIE-004,740,826.3,47.14,11.44,1161.4,0.596,-0.133,2.183,0
2024-01-01 07:14:00,DIE-004,748,820.9,47.4,11.51,1166.3,0.581,-0.164,2.199,0
2024-01-01 07:15:00,DIE-004,757,815.3,48.01,11.44,1156.9,0.595,-0.148,2.131,0
2024-01-01 07:16:00,DIE-004,766,814.6,48.38,11.47,1123.7,0.584,-0.149,2.072,0
2024-01-01 07:17:00,DIE-004,774,814.5,48.14,11.37,1137.1,0.598,-0.141,2.044,0
2024-01-01 07:18:00,DIE-004,784,821.7,48.39,11.24,1128.5,0.6,-0.126,2.063,0
2024-01-01 07:19:00,DIE-004,794,825.2,48.05,11.27,1124.3,0.591,-0.129,2.039,0
2024-01-01 07:20:00,DIE-004,802,825.2,47.56,11.28,1130.2,0.607,-0.14,2.029,0
2024-01-01 07:21:00,DIE-004,814,830.3,47.02,11.41,1133.8,0.613,-0.147,2.015,0
2024-01-01 07:22:00,DIE-004,826,827.8,47.12,11.37,1123.5,0.562,-0.13,2.049,0
2024-01-01 07:23:00,DIE-004,837,832.7,46.88,11.32,1126.3,0.526,-0.11,2.061,0
2024-01-01 07:24:00,DIE-004,846,823.1,46.92,11.39,1142.3,0.524,-0.142,2.006,0
2024-01-01 07:25:00,DIE-004,855,823.7,47.29,11.48,1142.8,0.576,-0.127,2.018,0
2024-01-01 07:26:00,DIE-004,864,821.5,46.98,11.34,1145.4,0.543,-0.107,2.004,0
2024-01-01 07:27:00,DIE-004,875,816.2,46.83,11.28,1128.1,0.512,-0.109,1.975,0
2024-01-01 07:28:00,DIE-004,884,819.9,47.02,11.42,1136.7,0.521,-0.1,1.945,0
2024-01-01 07:29:00,DIE-004,896,813.4,47.12,11.51,1113.0,0.467,-0.1,1.919,0
2024-01-01 07:30:00,DIE-004,906,815.6,47.03,11.48,1126.8,0.467,-0.106,1.914,0
2024-01-01 07:31:00,DIE-004,914,814.4,46.6,11.4,1131.1,0.507,-0.118,1.872,0
2024-01-01 07:32:00,DIE-004,924,810.0,46.33,11.39,1120.1,0.465,-0.107,1.932,0
2024-01-01 07:33:00,DIE-004,936,812.9,46.19,11.32,1147.4,0.5,-0.112,1.953,0
2024-01-01 07:34:00,DIE-004,946,811.3,46.39,11.3,1155.4,0.54,-0.098,1.926,0
2024-01-01 07:35:00,DIE-004,955,809.9,46.79,11.42,1154.0,0.48,-0.068,1.949,0
2024-01-01 07:36:00,DIE-004,966,802.0,46.77,11.39,1145.9,0.496,-0.081,1.908,0
2024-01-01 07:37:00,DIE-004,974,799.0,46.48,11.29,1170.4,0.492,-0.099,1.888,0
2024-01-01 07:38:00,DIE-004,986,795.4,46.37,11.2,1171.9,0.5,-0.098,1.904,0
2024-01-01 07:39:00,DIE-004,994,798.2,46.65,10.99,1186.1,0.477,-0.112,1.914,0
2024-01-01 07:40:00,DIE-004,1004,799.0,46.66,10.94,1170.8,0.462,-0.118,1.914,0
2024-01-01 07:41:00,DIE-004,1014,799.6,46.9,10.95,1175.7,0.397,-0.144,1.877,0
2024-01-01 07:42:00,DIE-004,1024,792.0,47.7,10.87,1183.8,0.369,-0.156,1.866,0
2024-01-01 07:43:00,DIE-004,1033,793.6,47.32,10.9,1185.2,0.413,-0.16,1.852,0
2024-01-01 07:44:00,DIE-004,1045,785.3,47.4,10.94,1176.1,0.401,-0.153,1.849,0
2024-01-01 07:45:00,DIE-004,1056,776.8,47.86,10.9,1176.7,0.41,-0.161,1.865,0
2024-01-01 07:46:00,DIE-004,1064,780.0,48.67,10.76,1172.9,0.415,-0.167,1.862,0
2024-01-01 07:47:00,DIE-004,1074,776.6,48.24,10.59,1164.4,0.482,-0.158,1.85,0
2024-01-01 07:48:00,DIE-004,1085,777.6,48.59,10.55,1186.1,0.522,-0.148,1.858,0
2024-01-01 07:49:00,DIE-004,1094,770.1,48.53,10.53,1193.2,0.566,-0.133,1.878,0
2024-01-01 07:50:00,DIE-004,1106,769.8,48.34,10.58,1187.7,0.596,-0.13,1.863,0
2024-01-01 07:51:00,DIE-004,1118,775.6,48.05,10.64,1184.6,0.597,-0.148,1.89,0
2024-01-01 07:52:00,DIE-004,1127,779.6,48.14,10.67,1206.9,0.622,-0.155,1.884,0
2024-01-01 07:53:00,DIE-004,1135,772.0,48.27,10.56,1222.4,0.712,-0.15,1.838,0
2024-01-01 07:54:00,DIE-004,1147,777.4,48.72,10.53,1223.0,0.698,-0.137,1.898,0
2024-01-01 07:55:00,DIE-004,1155,781.7,48.13,10.67,1227.1,0.712,-0.149,1.893,0
2024-01-01 07:56:00,DIE-004,1167,784.9,48.59,10.65,1226.7,0.67,-0.154,1.815,0
2024-01-01 07:57:00,DIE-004,1178,777.4,48.22,10.52,1204.3,0.677,-0.186,1.807,0
2024-01-01 07:58:00,DIE-004,1190,772.1,47.67,10.46,1206.1,0.635,-0.204,1.824,0
2024-01-01 07:59:00,DIE-004,1199,773.2,47.91,10.48,1200.8,0.712,-0.189,1.738,0
2024-01-01 08:00:00,DIE-004,1209,770.9,48.04,10.4,1185.6,0.796,-0.191,1.75,0
2024-01-01 08:01:00,DIE-004,1218,771.1,47.78,10.31,1208.3,0.78,-0.203,1.762,0
2024-01-01 08:02:00,DIE-004,1229,771.8,48.1,10.12,1184.2,0.755,-0.189,1.783,0
2024-01-01 08:03:00,DIE-004,1240,764.2,48.69,10.19,1176.1,0.737,-0.169,1.764,0
2024-01-01 08:04:00,DIE-004,1248,754.8,48.46,10.07,1172.4,0.692,-0.183,1.739,0
2024-01-01 08:05:00,DIE-004,1257,752.3,48.55,10.03,1179.8,0.764,-0.204,1.739,0
2024-01-01 08:06:00,DIE-004,1268,747.1,49.29,10.02,1172.9,0.784,-0.147,1.762,0
2024-01-01 08:07:00,DIE-004,1277,757.7,49.93,10.07,1161.2,0.779,-0.11,1.775,0
2024-01-01 08:08:00,DIE-004,1287,754.2,49.38,10.07,1183.6,0.726,-0.129,1.739,0
2024-01-01 08:09:00,DIE-004,1299,760.4,49.63,10.19,1206.4,0.684,-0.127,1.78,0
2024-01-01 08:10:00,DIE-004,1311,751.4,49.55,10.28,1230.4,0.712,-0.127,1.768,0
2024-01-01 08:11:00,DIE-004,1321,749.3,49.85,10.12,1251.9,0.756,-0.102,1.785,0
2024-01-01 08:12:00,DIE-004,1330,744.8,50.74,10.24,1261.9,0.853,-0.108,1.785,0
2024-01-01 08:13:00,DIE-004,1341,750.6,51.59,10.13,1280.3,0.892,-0.103,1.802,0
2024-01-01 08:14:00,DIE-004,1349,755.1,52.09,10.15,1300.4,0.881,-0.096,1.816,0
2024-01-01 08:15:00,DIE-004,1359,763.5,52.17,10.18,1280.5,0.925,-0.098,1.813,0
2024-01-01 08:16:00,DIE-004,1370,758.5,52.04,10.17,1254.6,0.883,-0.118,1.773,0
2024-01-01 08:17:00,DIE-004,1380,761.7,52.58,10.1,1234.0,0.895,-0.113,1.77,0
2024-01-01 08:18:00,DIE-004,1392,759.2,52.58,10.17,1244.8,0.9,-0.126,1.74,0
2024-01-01 08:19:00,DIE-004,1400,752.4,52.32,10.21,1254.1,0.911,-0.104,1.732,0
2024-01-01 08:20:00,DIE-004,1411,746.9,52.61,10.27,1267.0,0.916,-0.088,1.799,0
2024-01-01 08:21:00,DIE-004,1421,747.7,52.93,10.31,1281.0,0.984,-0.092,1.845,0
2024-01-01 08:22:00,DIE-004,1433,754.7,52.55,10.33,1308.1,0.909,-0.068,1.854,0
2024-01-01 08:23:00,DIE-004,1443,758.0,52.68,10.34,1313.5,0.897,-0.064,1.83,0
2024-01-01 08:24:00,DIE-004,1452,754.2,53.86,10.39,1304.9,0.869,-0.09,1.843,0
2024-01-01 08:25:00,DIE-004,1462,757.5,54.56,10.39,1292.0,0.883,-0.083,1.835,0
2024-01-01 08:26:00,DIE-004,1474,755.9,54.77,10.27,1330.8,0.954,-0.081,1.829,0
2024-01-01 08:27:00,DIE-004,1484,760.1,55.1,10.36,1322.2,0.872,-0.099,1.835,0
2024-01-01 08:28:00,DIE-004,1493,758.7,55.59,10.45,1334.0,0.955,-0.084,1.86,0
2024-01-01 08:29:00,DIE-004,1501,767.7,56.01,10.46,1318.5,0.992,-0.073,1.896,0
2024-01-01 08:30:00,DIE-004,1510,779.9,56.38,10.47,1333.2,0.953,-0.055,1.925,0
2024-01-01 08:31:00,DIE-004,1519,777.9,56.62,10.36,1335.1,1.002,-0.042,1.938,0
2024-01-01 08:32:00,DIE-004,1527,773.4,56.42,10.37,1314.6,1.058,-0.039,1.944,0
2024-01-01 08:33:00,DIE-004,1536,782.3,56.46,10.48,1315.2,1.06,-0.05,1.953,0
2024-01-01 08:34:00,DIE-004,1545,781.9,56.88,10.52,1294.1,1.032,-0.054,1.954,0
2024-01-01 08:35:00,DIE-004,1555,785.3,57.83,10.64,1278.3,1.024,-0.079,1.923,0
2024-01-01 08:36:00,DIE-004,1567,776.9,58.27,10.66,1269.6,1.025,-0.053,1.892,0
2024-01-01 08:37:00,DIE-004,1576,781.6,58.08,10.63,1260.0,1.033,-0.051,1.886,0
2024-01-01 08:38:00,DIE-004,1586,786.0,58.81,10.47,1248.2,0.978,-0.055,1.869,0
2024-01-01 08:39:00,DIE-004,1597,788.8,59.41,10.34,1248.3,1.02,-0.022,1.835,0
2024-01-01 08:40:00,DIE-004,1608,788.1,59.83,10.22,1231.3,0.985,-0.018,1.834,0
2024-01-01 08:41:00,DIE-004,1620,790.7,59.95,10.21,1233.3,0.914,-0.024,1.848,0
2024-01-01 08:42:00,DIE-004,1632,794.0,60.01,10.2,1245.4,0.906,-0.053,1.83,0
2024-01-01 08:43:00,DIE-004,1643,788.7,59.68,10.25,1236.6,0.887,-0.022,1.834,0
2024-01-01 08:44:00,DIE-004,1654,785.7,59.09,10.41,1240.7,0.919,-0.043,1.854,0
2024-01-01 08:45:00,DIE-004,1665,787.7,59.38,10.39,1250.9,0.913,-0.078,1.846,0
2024-01-01 08:46:00,DIE-004,1676,791.7,59.77,10.43,1237.2,0.913,-0.078,1.827,0
2024-01-01 08:47:00,DIE-004,1688,797.0,59.85,10.44,1251.5,0.939,-0.085,1.864,0
2024-01-01 08:48:00,DIE-004,1697,799.2,60.6,10.51,1248.8,1.026,-0.122,1.84,0
2024-01-01 08:49:00,DIE-004,1707,797.1,60.36,10.67,1232.9,0.971,-0.148,1.866,0
2024-01-01 08:50:00,DIE-004,1716,792.8,60.54,10.75,1250.7,1.041,-0.173,1.875,0
2024-01-01 08:51:00,DIE-004,1727,787.7,60.94,10.67,1257.3,1.072,-0.189,1.883,0
2024-01-01 08:52:00,DIE-004,1735,790.2,60.8,10.79,1254.5,1.074,-0.172,1.874,0
2024-01-01 08:53:00,DIE-004,1744,784.6,60.98,10.62,1239.8,1.193,-0.153,1.887,0
2024-01-01 08:54:00,DIE-004,1753,780.5,61.09,10.63,1264.7,1.244,-0.184,1.878,0
2024-01-01 08:55:00,DIE-004,1765,777.6,61.2,10.64,1266.4,1.237,-0.154,1.902,0
2024-01-01 08:56:00,DIE-004,1776,773.0,61.24,10.54,1300.2,1.216,-0.163,1.904,0
2024-01-01 08:57:00,DIE-004,1788,765.8,61.53,10.5,1316.2,1.17,-0.187,1.914,0
2024-01-01 08:58:00,DIE-004,1799,769.2,61.77,10.48,1323.6,1.232,-0.198,1.919,0
2024-01-01 08:59:00,DIE-004,1809,773.3,62.05,10.58,1302.2,1.272,-0.221,1.953,0
2024-01-01 09:00:00,DIE-004,1818,774.0,62.77,10.56,1294.6,1.28,-0.2,1.923,0
2024-01-01 09:01:00,DIE-004,1826,776.7,62.72,10.58,1306.2,1.31,-0.204,1.951,0
2024-01-01 09:02:00,DIE-004,1837,779.0,62.78,10.54,1310.4,1.312,-0.184,1.906,0
2024-01-01 09:03:00,DIE-004,1849,777.2,62.35,10.43,1328.0,1.284,-0.178,1.884,0
2024-01-01 09:04:00,DIE-004,1860,786.8,62.4,10.34,1313.1,1.228,-0.216,1.909,0
2024-01-01 09:05:00,DIE-004,1869,780.2,61.96,10.26,1297.4,1.243,-0.217,1.966,0
2024-01-01 09:06:00,DIE-004,1877,788.7,62.02,10.17,1299.9,1.212,-0.223,1.964,0
2024-01-01 09:07:00,DIE-004,1888,791.5,61.91,10.2,1294.1,1.253,-0.22,1.976,0
2024-01-01 09:08:00,DIE-004,1898,791.7,61.45,10.17,1285.7,1.243,-0.225,2.023,0
2024-01-01 09:09:00,DIE-004,1910,793.3,62.06,10.07,1289.9,1.206,-0.24,2.051,0
2024-01-01 09:10:00,DIE-004,1919,793.1,61.64,10.01,1305.1,1.241,-0.244,2.035,0
2024-01-01 09:11:00,DIE-004,1929,789.1,62.72,9.96,1310.4,1.225,-0.293,2.08,0
2024-01-01 09:12:00,DIE-004,1937,790.0,62.85,9.81,1316.6,1.21,-0.297,2.101,0
2024-01-01 09:13:00,DIE-004,1947,791.4,62.5,9.74,1306.4,1.242,-0.27,2.123,0
2024-01-01 09:14:00,DIE-004,1959,784.7,62.72,9.68,1314.2,1.286,-0.258,2.112,0
2024-01-01 09:15:00,DIE-004,1968,780.7,62.94,9.6,1327.9,1.269,-0.229,2.135,0
2024-01-01 09:16:00,DIE-004,1979,769.9,63.44,9.46,1326.2,1.23,-0.216,2.183,0
2024-01-01 09:17:00,DIE-004,1991,769.9,63.16,9.52,1344.1,1.171,-0.227,2.178,0
2024-01-01 09:18:00,DIE-004,2003,774.7,63.42,9.58,1355.4,1.224,-0.231,2.221,0
2024-01-01 09:19:00,DIE-004,2011,775.5,63.6,9.62,1356.6,1.253,-0.234,2.182,0
2024-01-01 09:20:00,DIE-004,2020,764.6,63.85,9.67,1346.3,1.284,-0.26,2.159,0
2024-01-01 09:21:00,DIE-004,2029,760.9,64.19,9.68,1374.2,1.318,-0.279,2.153,0
2024-01-01 09:22:00,DIE-004,2039,755.5,64.45,9.68,1393.2,1.334,-0.292,2.15,0
2024-01-01 09:23:00,DIE-004,2048,749.6,64.65,9.75,1390.7,1.354,-0.281,2.187,0
2024-01-01 09:24:00,DIE-004,2058,758.8,65.43,9.75,1368.3,1.379,-0.289,2.144,0
2024-01-01 09:25:00,DIE-004,2068,758.6,66.15,9.74,1367.9,1.317,-0.275,2.12,0
2024-01-01 09:26:00,DIE-004,2079,756.4,66.4,9.79,1373.4,1.285,-0.258,2.127,0
2024-01-01 09:27:00,DIE-004,2091,758.9,66.4,9.83,1388.0,1.271,-0.273,2.177,0
2024-01-01 09:28:00,DIE-004,2101,760.7,67.16,9.73,1384.9,1.231,-0.296,2.136,0
2024-01-01 09:29:00,DIE-004,2111,761.1,67.9,9.63,1403.3,1.249,-0.31,2.195,0
2024-01-01 09:30:00,DIE-004,2119,772.7,67.59,9.56,1398.4,1.218,-0.292,2.241,0
2024-01-01 09:31:00,DIE-004,2130,766.1,67.16,9.59,1406.6,1.263,-0.283,2.236,0
2024-01-01 09:32:00,DIE-004,2139,763.0,68.01,9.5,1398.3,1.261,-0.289,2.255,0
2024-01-01 09:33:00,DIE-004,2151,764.1,68.52,9.53,1389.6,1.281,-0.305,2.173,0
2024-01-01 09:34:00,DIE-004,2160,763.0,68.95,9.47,1361.2,1.222,-0.32,2.176,0
2024-01-01 09:35:00,DIE-004,2168,771.5,69.53,9.36,1365.5,1.231,-0.329,2.207,0
2024-01-01 09:36:00,DIE-004,2177,767.2,70.92,9.33,1380.1,1.236,-0.321,2.228,1
2024-01-01 09:37:00,DIE-004,2186,764.1,71.71,9.17,1378.3,1.246,-0.305,2.237,1
2024-01-01 09:38:00,DIE-004,2194,758.2,72.09,9.16,1372.2,1.405,-0.281,2.235,1
2024-01-01 09:39:00,DIE-004,2206,753.5,72.09,9.28,1365.7,1.442,-0.269,2.208,1
2024-01-01 09:40:00,DIE-004,2216,748.7,73.05,9.36,1378.8,1.495,-0.274,2.233,1
2024-01-01 09:41:00,DIE-004,2228,751.7,73.61,9.28,1376.1,1.507,-0.277,2.245,1
2024-01-01 09:42:00,DIE-004,2240,759.5,73.48,9.49,1381.8,1.564,-0.293,2.274,1
2024-01-01 09:43:00,DIE-004,2252,758.9,73.82,9.5,1382.5,1.488,-0.3,2.239,1
2024-01-01 09:44:00,DIE-004,2261,761.0,74.29,9.51,1375.2,1.447,-0.305,2.223,1
2024-01-01 09:45:00,DIE-004,2269,760.9,74.2,9.45,1388.9,1.429,-0.316,2.2,1
2024-01-01 09:46:00,DIE-004,2281,756.5,74.26,9.5,1403.5,1.398,-0.334,2.214,1
2024-01-01 09:47:00,DIE-004,2289,749.0,75.0,9.51,1420.7,1.453,-0.365,2.162,1
2024-01-01 09:48:00,DIE-004,2299,740.6,75.25,9.43,1415.5,1.446,-0.376,2.236,1
2024-01-01 09:49:00,DIE-004,2310,743.0,75.74,9.4,1406.2,1.485,-0.351,2.276,1
2024-01-01 09:50:00,DIE-004,2322,740.5,76.01,9.37,1402.0,1.442,-0.314,2.286,1
2024-01-01 09:51:00,DIE-004,2334,736.3,76.78,9.27,1436.2,1.455,-0.273,2.248,1
2024-01-01 09:52:00,DIE-004,2345,741.2,77.04,9.27,1439.8,1.474,-0.309,2.246,1
2024-01-01 09:53:00,DIE-004,2355,746.4,77.74,9.13,1436.6,1.573,-0.354,2.295,1
2024-01-01 09:54:00,DIE-004,2365,752.8,78.1,9.13,1442.9,1.509,-0.355,2.263,1
2024-01-01 09:55:00,DIE-004,2375,752.6,78.37,9.16,1426.7,1.545,-0.377,2.306,1
2024-01-01 09:56:00,DIE-004,2384,746.8,78.55,9.07,1425.7,1.54,-0.396,2.23,1
2024-01-01 09:57:00,DIE-004,2396,753.2,78.56,9.03,1431.7,1.596,-0.369,2.244,1
2024-01-01 09:58:00,DIE-004,2405,753.8,78.71,9.06,1435.3,1.592,-0.382,2.194,1
2024-01-01 09:59:00,DIE-004,2416,761.4,79.09,9.0,1436.0,1.506,-0.359,2.213,1
2024-01-01 10:00:00,DIE-004,2424,761.6,79.44,8.94,1458.2,1.496,-0.398,2.16,1
2024-01-01 10:01:00,DIE-004,2434,760.4,79.66,8.84,1476.8,1.48,-0.408,2.197,1
2024-01-01 10:02:00,DIE-004,2442,759.9,80.67,8.81,1439.4,1.485,-0.386,2.16,1
2024-01-01 10:03:00,DIE-004,2450,757.4,81.35,8.79,1440.5,1.498,-0.416,2.141,1
2024-01-01 10:04:00,DIE-004,2459,754.7,81.3,8.89,1441.5,1.543,-0.441,2.106,1
2024-01-01 10:05:00,DIE-004,2470,758.6,81.76,8.83,1438.3,1.522,-0.426,2.088,1
2024-01-01 10:06:00,DIE-004,2482,753.4,81.35,8.92,1465.7,1.504,-0.468,2.089,1
2024-01-01 10:07:00,DIE-004,2491,751.0,81.85,8.99,1496.7,1.526,-0.489,2.086,1
2024-01-01 10:08:00,DIE-004,2501,747.0,81.45,8.91,1498.1,1.518,-0.489,2.109,1
2024-01-01 10:09:00,DIE-004,2513,745.8,81.94,9.12,1496.2,1.466,-0.478,2.079,1
2024-01-01 10:10:00,DIE-004,2522,749.9,82.4,9.18,1529.8,1.45,-0.462,2.086,1
2024-01-01 10:11:00,DIE-004,2531,745.6,83.24,9.12,1511.2,1.454,-0.477,2.092,1
2024-01-01 10:12:00,DIE-004,2539,744.4,83.2,9.0,1507.5,1.477,-0.479,2.044,1
2024-01-01 10:13:00,DIE-004,2547,747.3,83.62,8.89,1495.4,1.493,-0.481,2.075,1
2024-01-01 10:14:00,DIE-004,2557,751.6,84.07,8.85,1485.4,1.524,-0.468,2.044,1
2024-01-01 10:15:00,DIE-004,2565,750.6,84.46,8.83,1498.8,1.514,-0.481,2.043,1
2024-01-01 10:16:00,DIE-004,2573,748.0,84.9,8.97,1504.7,1.493,-0.46,2.031,1
2024-01-01 10:17:00,DIE-004,2583,745.7,85,9.04,1506.3,1.422,-0.453,2.082,1
2024-01-01 10:18:00,DIE-004,2595,748.1,85,8.94,1499.9,1.392,-0.455,2.076,1
2024-01-01 10:19:00,DIE-004,2603,746.8,85,8.79,1511.7,1.386,-0.451,2.057,1
2024-01-01 10:20:00,DIE-004,2613,744.9,85,8.89,1487.7,1.358,-0.446,2.067,1
2024-01-01 10:21:00,DIE-004,2624,739.1,85,8.88,1499.7,1.343,-0.451,2.129,1
2024-01-01 10:22:00,DIE-004,2634,739.2,85,8.8,1512.6,1.27,-0.436,2.18,1
2024-01-01 10:23:00,DIE-004,2645,735.3,85,8.76,1526.5,1.313,-0.436,2.15,1
2024-01-01 10:24:00,DIE-004,2655,734.0,85,8.73,1521.4,1.202,-0.447,2.108,1
2024-01-01 10:25:00,DIE-004,2664,738.4,85,8.65,1562.2,1.232,-0.412,2.058,1
2024-01-01 10:26:00,DIE-004,2674,736.8,84.52,8.58,1544.5,1.157,-0.426,2.043,1
2024-01-01 10:27:00,DIE-004,2684,731.9,84.63,8.57,1549.7,1.179,-0.429,2.114,1
2024-01-01 10:28:00,DIE-004,2694,726.1,85,8.56,1574.4,1.23,-0.428,2.115,1
2024-01-01 10:29:00,DIE-004,2705,725.1,85,8.53,1578.2,1.179,-0.437,2.109,1
2024-01-01 10:30:00,DIE-004,2717,730.4,85,8.5,1584.5,1.165,-0.451,2.131,1
2024-01-01 10:31:00,DIE-004,2726,732.8,84.97,8.6,1573.6,1.179,-0.475,2.121,1
2024-01-01 10:32:00,DIE-004,2735,725.7,85,8.55,1559.1,1.139,-0.467,2.102,1
2024-01-01 10:33:00,DIE-004,2743,728.7,84.91,8.56,1552.3,1.191,-0.485,2.064,1
2024-01-01 10:34:00,DIE-004,2753,730.1,85,8.45,1547.2,1.255,-0.462,2.07,1
2024-01-01 10:35:00,DIE-004,2762,727.2,85,8.3,1545.2,1.31,-0.443,2.049,1
2024-01-01 10:36:00,DIE-004,2771,726.5,85,8.33,1564.7,1.184,-0.43,2.042,1
2024-01-01 10:37:00,DIE-004,2781,724.4,85,8.26,1580.9,1.132,-0.442,2.026,1
2024-01-01 10:38:00,DIE-004,2789,727.5,84.75,8.22,1564.7,1.176,-0.399,1.992,1
2024-01-01 10:39:00,DIE-004,2800,728.6,85,8.28,1559.7,1.279,-0.411,1.973,1
2024-01-01 10:40:00,DIE-004,2811,718.6,85,8.24,1567.1,1.268,-0.421,1.996,1
2024-01-01 10:41:00,DIE-004,2821,713.9,85,8.25,1571.1,1.202,-0.412,1.941,1
2024-01-01 10:42:00,DIE-004,2832,713.8,84.94,8.07,1573.7,1.236,-0.4,1.991,1
2024-01-01 10:43:00,DIE-004,2844,716.2,85,8.01,1557.2,1.182,-0.413,2.003,1
2024-01-01 10:44:00,DIE-004,2854,712.3,85,8,1559.7,1.23,-0.477,1.958,1
2024-01-01 10:45:00,DIE-004,2864,715.0,85,8,1539.4,1.196,-0.466,1.915,1
2024-01-01 10:46:00,DIE-004,2874,718.2,85,8,1551.8,1.257,-0.458,1.891,1
2024-01-01 10:47:00,DIE-004,2885,718.3,85,8.02,1562.0,1.326,-0.451,1.898,1
2024-01-01 10:48:00,DIE-004,2895,717.3,85,8.1,1541.2,1.316,-0.449,1.869,1
2024-01-01 10:49:00,DIE-004,2905,721.7,84.87,8.06,1522.8,1.339,-0.433,1.86,1
2024-01-01 10:50:00,DIE-004,2913,715.4,85,8.17,1539.8,1.277,-0.45,1.834,1
2024-01-01 10:51:00,DIE-004,2925,708.1,84.92,8.2,1539.9,1.42,-0.444,1.8,1
2024-01-01 10:52:00,DIE-004,2934,703.0,85,8.14,1554.3,1.381,-0.431,1.785,1
2024-01-01 10:53:00,DIE-004,2946,703.8,85,8.28,1564.9,1.375,-0.436,1.796,1
2024-01-01 10:54:00,DIE-004,2955,702.3,85,8.32,1583.9,1.404,-0.446,1.771,1
2024-01-01 10:55:00,DIE-004,2967,702.5,85,8.4,1578.8,1.379,-0.48,1.777,1
2024-01-01 10:56:00,DIE-004,2979,695.1,85,8.55,1554.4,1.367,-0.429,1.794,1
2024-01-01 10:57:00,DIE-004,2987,703.2,84.83,8.39,1549.4,1.342,-0.447,1.826,1
2024-01-01 10:58:00,DIE-004,2997,700.5,85,8.44,1533.3,1.378,-0.45,1.868,1
2024-01-01 10:59:00,DIE-004,3006,698.2,85,8.38,1523.5,1.361,-0.449,1.857,1
2024-01-01 11:00:00,DIE-004,3018,702.1,84.97,8.29,1532.0,1.378,-0.443,1.871,1
2024-01-01 11:01:00,DIE-004,3027,704.5,85,8.34,1547.1,1.448,-0.44,1.859,1
2024-01-01 11:02:00,DIE-004,3035,696.9,84.97,8.2,1539.3,1.47,-0.426,1.84,1
2024-01-01 11:03:00,DIE-004,3045,694.0,85,8.22,1529.2,1.441,-0.436,1.855,1
2024-01-01 11:04:00,DIE-004,3055,692.4,85,8.21,1535.0,1.371,-0.44,1.838,1
2024-01-01 11:05:00,DIE-004,3065,685.5,85,8.25,1518.0,1.385,-0.422,1.842,1
2024-01-01 11:06:00,DIE-004,3073,688.1,85,8.23,1512.6,1.349,-0.434,1.872,1
2024-01-01 11:07:00,DIE-004,3083,686.5,85,8.13,1536.5,1.301,-0.42,1.863,1
2024-01-01 11:08:00,DIE-004,3092,692.6,85,8.12,1554.7,1.313,-0.403,1.927,1
2024-01-01 11:09:00,DIE-004,3100,690.9,85,8.17,1558.6,1.351,-0.395,1.96,1
2024-01-01 11:10:00,DIE-004,3111,695.8,85,8.04,1561.2,1.393,-0.394,1.944,1
2024-01-01 11:11:00,DIE-004,3123,691.2,85,8.13,1573.8,1.436,-0.373,1.944,1
2024-01-01 11:12:00,DIE-004,3134,690.5,85,8,1592.9,1.424,-0.373,1.889,1
2024-01-01 11:13:00,DIE-004,3145,687.8,84.79,8,1604.8,1.448,-0.378,1.885,1
2024-01-01 11:14:00,DIE-004,3154,684.6,85,8,1618.1,1.414,-0.393,1.917,1
2024-01-01 11:15:00,DIE-004,3165,689.0,85,8.03,1613.8,1.388,-0.401,1.89,1
2024-01-01 11:16:00,DIE-004,3175,690.8,84.84,8.15,1608.6,1.388,-0.43,1.892,1
2024-01-01 11:17:00,DIE-004,3183,693.4,85,8.05,1605.4,1.369,-0.394,1.917,1
2024-01-01 11:18:00,DIE-004,3195,690.5,85,8.09,1605.1,1.292,-0.362,1.899,1
2024-01-01 11:19:00,DIE-004,3205,691.3,85,8.08,1605.3,1.378,-0.367,1.847,1
2024-01-01 11:20:00,DIE-004,3215,696.1,85,8.13,1605.5,1.32,-0.352,1.849,1
2024-01-01 11:21:00,DIE-004,3227,689.8,84.65,8.17,1597.3,1.318,-0.337,1.815,1
2024-01-01 11:22:00,DIE-004,3236,690.5,84.6,8.18,1614.9,1.3,-0.308,1.806,1
2024-01-01 11:23:00,DIE-004,3247,689.0,84.74,8.23,1624.5,1.227,-0.326,1.809,1
2024-01-01 11:24:00,DIE-004,3257,686.5,85,8.2,1611.7,1.25,-0.324,1.817,1
2024-01-01 11:25:00,DIE-004,3265,687.3,85,8.28,1618.9,1.299,-0.357,1.872,1
2024-01-01 11:26:00,DIE-004,3277,685.5,84.83,8.34,1619.7,1.327,-0.395,1.838,1
2024-01-01 11:27:00,DIE-004,3288,687.2,85,8.38,1623.6,1.329,-0.413,1.856,1
2024-01-01 11:28:00,DIE-004,3296,690.5,85,8.5,1647.5,1.327,-0.415,1.881,1
2024-01-01 11:29:00,DIE-004,3308,693.3,85,8.38,1633.9,1.288,-0.409,1.912,1
2024-01-01 11:30:00,DIE-004,3320,692.8,85,8.23,1642.0,1.211,-0.399,1.903,1
2024-01-01 11:31:00,DIE-004,3331,693.5,85,8.3,1662.5,1.19,-0.405,1.864,1
2024-01-01 11:32:00,DIE-004,3342,690.2,84.8,8.3,1668.6,1.195,-0.438,1.884,1
2024-01-01 11:33:00,DIE-004,3352,691.2,84.77,8.26,1680.0,1.139,-0.455,1.928,1
2024-01-01 11:34:00,DIE-004,3363,694.3,84.91,8.29,1674.6,1.189,-0.455,1.975,1
2024-01-01 11:35:00,DIE-004,3375,688.3,84.97,8.44,1649.5,1.216,-0.441,1.944,1
2024-01-01 11:36:00,DIE-004,3385,680.9,85,8.47,1642.2,1.267,-0.433,1.981,1
2024-01-01 11:37:00,DIE-004,3395,672.3,85,8.35,1637.0,1.31,-0.428,1.968,1
2024-01-01 11:38:00,DIE-004,3403,656.6,85,8.29,1639.2,1.279,-0.423,1.967,1
2024-01-01 11:39:00,DIE-004,3414,651.4,85,8.37,1630.5,1.285,-0.429,1.948,1
2024-01-01 11:40:00,DIE-004,3426,645.1,85,8.31,1607.6,1.237,-0.442,1.946,1
2024-01-01 11:41:00,DIE-004,3438,652.7,85,8.21,1623.5,1.24,-0.447,1.898,1
2024-01-01 11:42:00,DIE-004,3447,663.6,84.87,8.19,1608.5,1.244,-0.437,1.866,1
2024-01-01 11:43:00,DIE-004,3455,667.0,84.64,8.08,1631.9,1.188,-0.455,1.877,1
2024-01-01 11:44:00,DIE-004,3463,667.2,84.7,8,1620.8,1.206,-0.443,1.858,1
2024-01-01 11:45:00,DIE-004,3474,667.8,85,8.06,1635.9,1.22,-0.442,1.887,1
2024-01-01 11:46:00,DIE-004,3483,662.9,85,8.11,1660.5,1.133,-0.413,1.876,1
2024-01-01 11:47:00,DIE-004,3492,660.4,85,8.16,1670.9,1.122,-0.41,1.856,1
2024-01-01 11:48:00,DIE-004,3504,663.8,85,8.06,1689.1,1.156,-0.449,1.893,1
2024-01-01 11:49:00,DIE-004,3515,653.2,84.34,8,1683.2,1.097,-0.421,1.894,1
2024-01-01 11:50:00,DIE-004,3524,655.2,85,8.05,1674.1,1.119,-0.408,1.912,1
2024-01-01 11:51:00,DIE-004,3535,658.6,85,8.03,1680.7,1.041,-0.41,1.949,1
2024-01-01 11:52:00,DIE-004,3547,655.5,85,8.04,1667.2,1.122,-0.378,1.914,1
2024-01-01 11:53:00,DIE-004,3559,649.2,85,8,1642.3,1.2,-0.358,1.893,1
2024-01-01 11:54:00,DIE-004,3567,643.1,85,8,1667.7,1.237,-0.362,1.904,1
2024-01-01 11:55:00,DIE-004,3578,637.7,84.79,8,1653.4,1.251,-0.364,1.896,1
2024-01-01 11:56:00,DIE-004,3590,640.6,85,8.0,1659.4,1.165,-0.359,1.962,1
2024-01-01 11:57:00,DIE-004,3600,647.9,84.37,8,1692.0,1.119,-0.354,1.918,1
2024-01-01 11:58:00,DIE-004,3612,650.3,84.23,8.01,1683.3,1.154,-0.37,1.94,1
2024-01-01 11:59:00,DIE-004,3622,643.4,84.79,8,1658.8,1.125,-0.353,1.989,1
2024-01-01 12:00:00,DIE-004,3633,649.1,84.89,8,1665.7,1.151,-0.352,2.005,1
2024-01-01 12:01:00,DIE-004,3641,654.9,85,8.0,1669.6,1.157,-0.369,2.0,1
2024-01-01 12:02:00,DIE-004,3649,655.5,85,8,1647.5,1.155,-0.37,1.994,1
2024-01-01 12:03:00,DIE-004,3659,649.8,85,8.05,1632.7,1.184,-0.392,1.964,1
2024-01-01 12:04:00,DIE-004,3667,659.6,85,8.01,1637.2,1.127,-0.386,1.978,1
2024-01-01 12:05:00,DIE-004,3676,659.9,84.87,8.08,1625.8,1.138,-0.379,1.959,1
2024-01-01 12:06:00,DIE-004,3687,665.7,85,8.09,1613.4,1.047,-0.392,1.961,1
2024-01-01 12:07:00,DIE-004,3697,666.4,84.9,8.08,1632.1,1.011,-0.387,1.997,1
2024-01-01 12:08:00,DIE-004,3705,658.5,85,8.13,1621.9,1.034,-0.388,2.02,1
2024-01-01 12:09:00,DIE-004,3715,662.8,85,8.03,1615.0,1.034,-0.39,2.017,1
2024-01-01 12:10:00,DIE-004,3725,665.1,85,8,1623.5,1.061,-0.409,2.045,1
2024-01-01 12:11:00,DIE-004,3735,670.2,85,8.02,1637.6,1.096,-0.439,2.03,1
2024-01-01 12:12:00,DIE-004,3744,670.8,85,8.1,1634.5,1.127,-0.439,2.018,1
2024-01-01 12:13:00,DIE-004,3755,668.1,84.96,8.06,1628.7,1.117,-0.485,2.003,1
2024-01-01 12:14:00,DIE-004,3765,675.9,84.96,8.19,1642.1,1.135,-0.512,2.038,1
2024-01-01 12:15:00,DIE-004,3773,679.3,85,8.14,1650.2,1.097,-0.515,2.024,1
2024-01-01 12:16:00,DIE-004,3783,683.0,85,8.2,1624.1,1.076,-0.521,2.052,1
2024-01-01 12:17:00,DIE-004,3795,687.9,85,8.17,1635.6,1.091,-0.57,2.015,1
2024-01-01 12:18:00,DIE-004,3806,687.4,85,8.25,1628.2,1.102,-0.592,2.032,1
2024-01-01 12:19:00,DIE-004,3815,684.8,85,8.21,1650.3,1.049,-0.608,2.009,1
2024-01-01 12:20:00,DIE-004,3826,691.7,85,8.14,1662.3,1.027,-0.591,2.002,1
2024-01-01 12:21:00,DIE-004,3838,687.5,85,8.06,1672.8,0.98,-0.621,1.98,1
2024-01-01 12:22:00,DIE-004,3847,686.8,85,8.12,1674.3,0.966,-0.596,1.972,1
2024-01-01 12:23:00,DIE-004,3855,687.5,85,8.02,1679.8,0.967,-0.603,1.939,1
2024-01-01 12:24:00,DIE-004,3866,684.0,85,8.06,1692.6,0.978,-0.633,1.958,1
2024-01-01 12:25:00,DIE-004,3878,687.6,85,8.08,1675.3,1.006,-0.601,1.974,1
2024-01-01 12:26:00,DIE-004,3888,693.9,85,8.11,1677.8,0.984,-0.582,2.011,1
2024-01-01 12:27:00,DIE-004,3899,698.8,85,8.16,1675.7,0.998,-0.622,2.014,1
2024-01-01 12:28:00,DIE-004,3910,690.9,85,8.24,1661.1,0.977,-0.623,1.998,1
2024-01-01 12:29:00,DIE-004,3920,688.6,84.48,8.09,1657.2,1.048,-0.61,2.031,1
2024-01-01 12:30:00,DIE-004,3929,695.1,83.96,8.05,1646.6,1.012,-0.599,2.013,1
2024-01-01 12:31:00,DIE-004,3937,686.9,84.63,8.04,1624.7,0.973,-0.582,2.057,1
2024-01-01 12:32:00,DIE-004,3946,686.6,84.56,8.06,1609.7,1.036,-0.58,2.081,1
2024-01-01 12:33:00,DIE-004,3958,691.6,85,8.11,1621.7,1.048,-0.587,2.085,1
2024-01-01 12:34:00,DIE-004,3968,689.9,85,8,1623.7,1.038,-0.604,2.079,1
2024-01-01 12:35:00,DIE-004,3978,688.5,85,8.05,1609.5,1.066,-0.585,2.116,1
2024-01-01 12:36:00,DIE-004,3986,688.0,84.94,8,1632.1,1.092,-0.589,2.141,1
2024-01-01 12:37:00,DIE-004,3998,699.8,85,8.01,1627.7,1.117,-0.585,2.101,1
2024-01-01 12:38:00,DIE-004,4007,701.7,84.78,8.05,1642.7,1.105,-0.602,2.119,1
2024-01-01 12:39:00,DIE-004,4019,710.6,85,8.08,1659.8,1.111,-0.604,2.142,1
2024-01-01 12:40:00,DIE-004,4028,724.5,85,8.05,1663.0,1.125,-0.589,2.119,1
2024-01-01 12:41:00,DIE-004,4040,725.0,85,8.04,1666.7,1.104,-0.588,2.147,1
2024-01-01 12:42:00,DIE-004,4050,729.4,85,8.14,1686.4,1.07,-0.556,2.134,1
2024-01-01 12:43:00,DIE-004,4060,729.6,85,8.28,1705.3,1.087,-0.528,2.125,1
2024-01-01 12:44:00,DIE-004,4068,729.2,85,8.21,1687.0,1.076,-0.51,2.121,1
2024-01-01 12:45:00,DIE-004,4080,731.1,85,8.33,1691.9,1.06,-0.506,2.174,1
2024-01-01 12:46:00,DIE-004,4088,739.1,85,8.36,1694.9,1.06,-0.451,2.201,1
2024-01-01 12:47:00,DIE-004,4096,738.3,84.98,8.47,1693.2,1.026,-0.407,2.185,1
2024-01-01 12:48:00,DIE-004,4104,730.7,84.81,8.57,1707.9,1.048,-0.42,2.169,1
2024-01-01 12:49:00,DIE-004,4115,730.8,84.92,8.59,1728.4,1.033,-0.409,2.187,1
2024-01-01 12:50:00,DIE-004,4124,739.5,85,8.65,1739.0,1.042,-0.416,2.169,1
2024-01-01 12:51:00,DIE-004,4134,734.1,85,8.57,1739.6,1.063,-0.415,2.168,1
2024-01-01 12:52:00,DIE-004,4145,738.1,85,8.56,1744.5,1.017,-0.433,2.14,1
2024-01-01 12:53:00,DIE-004,4156,738.1,85,8.51,1753.1,1.029,-0.422,2.216,1
2024-01-01 12:54:00,DIE-004,4164,743.1,85,8.51,1733.0,1.042,-0.417,2.205,1
2024-01-01 12:55:00,DIE-004,4172,751.3,85,8.4,1719.0,1.015,-0.441,2.202,1
2024-01-01 12:56:00,DIE-004,4180,748.0,85,8.36,1758.7,1.0,-0.434,2.237,1
2024-01-01 12:57:00,DIE-004,4188,745.6,84.97,8.41,1752.3,0.937,-0.403,2.266,1
2024-01-01 12:58:00,DIE-004,4198,756.1,84.96,8.49,1756.2,0.989,-0.397,2.251,1
2024-01-01 12:59:00,DIE-004,4210,760.5,85,8.47,1738.1,0.995,-0.349,2.257,1
2024-01-01 13:00:00,DIE-004,4221,760.7,85,8.41,1723.6,0.951,-0.391,2.252,1
2024-01-01 13:01:00,DIE-004,4230,763.5,85,8.43,1720.1,0.995,-0.386,2.3,1
2024-01-01 13:02:00,DIE-004,4238,766.9,85,8.44,1699.9,1.041,-0.393,2.265,1
2024-01-01 13:03:00,DIE-004,4250,762.8,85.0,8.52,1692.9,1.068,-0.412,2.256,1
2024-01-01 13:04:00,DIE-004,4258,762.4,85,8.35,1678.7,1.033,-0.396,2.231,1
2024-01-01 13:05:00,DIE-004,4270,764.8,85,8.43,1691.4,1.058,-0.4,2.238,1
2024-01-01 13:06:00,DIE-004,4282,767.4,84.68,8.45,1703.7,1.074,-0.403,2.278,1
2024-01-01 13:07:00,DIE-004,4293,769.6,85,8.62,1707.6,1.075,-0.426,2.324,1
2024-01-01 13:08:00,DIE-004,4303,762.0,85,8.66,1732.6,1.061,-0.448,2.327,1
2024-01-01 13:09:00,DIE-004,4311,769.5,84.95,8.74,1712.7,1.068,-0.437,2.353,1
2024-01-01 13:10:00,DIE-004,4321,768.3,85,8.83,1736.8,1.104,-0.413,2.372,1
2024-01-01 13:11:00,DIE-004,4331,772.0,85,8.84,1749.6,1.117,-0.418,2.368,1
2024-01-01 13:12:00,DIE-004,4339,768.6,84.93,8.79,1746.4,1.141,-0.434,2.333,1
2024-01-01 13:13:00,DIE-004,4350,770.2,85,8.85,1744.5,1.145,-0.424,2.283,1
2024-01-01 13:14:00,DIE-004,4359,761.7,85,8.87,1745.9,1.17,-0.417,2.298,1
2024-01-01 13:15:00,DIE-004,4368,765.3,85,8.86,1757.8,1.164,-0.441,2.312,1
2024-01-01 13:16:00,DIE-004,4379,763.7,85,8.86,1749.2,1.119,-0.462,2.289,1
2024-01-01 13:17:00,DIE-004,4390,768.4,85,8.92,1736.4,1.13,-0.464,2.291,1
2024-01-01 13:18:00,DIE-004,4399,768.4,85,8.97,1729.0,1.084,-0.44,2.235,1
2024-01-01 13:19:00,DIE-004,4407,771.4,85,9.0,1715.8,1.122,-0.425,2.242,1
2024-01-01 13:20:00,DIE-004,4419,773.1,85,9.11,1692.2,1.137,-0.424,2.234,1
2024-01-01 13:21:00,DIE-004,4431,774.0,85,8.96,1693.8,1.157,-0.441,2.23,1
2024-01-01 13:22:00,DIE-004,4441,767.1,85,8.9,1686.4,1.163,-0.433,2.249,1
2024-01-01 13:23:00,DIE-004,4451,771.0,85,8.77,1693.9,1.137,-0.434,2.254,1
2024-01-01 13:24:00,DIE-004,4460,772.1,85,8.71,1690.0,1.099,-0.44,2.25,1
2024-01-01 13:25:00,DIE-004,4471,768.5,85,8.74,1682.8,1.12,-0.406,2.276,1
2024-01-01 13:26:00,DIE-004,4479,769.5,85,8.81,1701.3,1.071,-0.432,2.322,1
2024-01-01 13:27:00,DIE-004,4491,765.3,85,8.69,1688.9,1.092,-0.411,2.327,1
2024-01-01 13:28:00,DIE-004,4499,769.8,85,8.69,1660.7,1.12,-0.444,2.291,1
2024-01-01 13:29:00,DIE-004,4510,764.4,85,8.66,1668.6,1.147,-0.469,2.294,1
2024-01-01 13:30:00,DIE-004,4519,761.2,85,8.66,1674.6,1.203,-0.451,2.28,1
2024-01-01 13:31:00,DIE-004,4531,761.0,85,8.61,1687.6,1.191,-0.424,2.304,1
2024-01-01 13:32:00,DIE-004,4540,760.0,85,8.69,1671.7,1.175,-0.404,2.273,1
2024-01-01 13:33:00,DIE-004,4552,759.9,85,8.55,1683.0,1.094,-0.42,2.28,1
2024-01-01 13:34:00,DIE-004,4564,756.6,85,8.59,1684.0,1.108,-0.437,2.3,1
2024-01-01 13:35:00,DIE-004,4575,754.4,85,8.68,1662.7,1.124,-0.453,2.304,1
2024-01-01 13:36:00,DIE-004,4583,750.6,85,8.71,1691.8,1.153,-0.459,2.275,1
2024-01-01 13:37:00,DIE-004,4595,746.2,84.87,8.75,1694.5,1.207,-0.464,2.246,1
2024-01-01 13:38:00,DIE-004,4607,745.4,85,8.6,1666.3,1.275,-0.448,2.264,1
2024-01-01 13:39:00,DIE-004,4618,745.7,84.83,8.76,1660.7,1.226,-0.474,2.32,1
2024-01-01 13:40:00,DIE-004,4629,746.1,85,8.78,1661.5,1.187,-0.478,2.305,1
2024-01-01 13:41:00,DIE-004,4637,750.6,85,8.83,1695.2,1.208,-0.462,2.308,1
2024-01-01 13:42:00,DIE-004,4647,755.4,85,8.69,1677.3,1.167,-0.443,2.277,1
2024-01-01 13:43:00,DIE-004,4657,752.4,84.91,8.69,1645.9,1.184,-0.442,2.331,1
2024-01-01 13:44:00,DIE-004,4665,763.6,85,8.6,1650.5,1.185,-0.463,2.38,1
2024-01-01 13:45:00,DIE-004,4674,760.9,85,8.54,1667.4,1.156,-0.45,2.328,1
2024-01-01 13:46:00,DIE-004,4682,758.8,85,8.57,1664.9,1.205,-0.431,2.32,1
2024-01-01 13:47:00,DIE-004,4690,759.5,85,8.59,1675.4,1.19,-0.444,2.389,1
2024-01-01 13:48:00,DIE-004,4700,756.1,85,8.54,1678.8,1.196,-0.414,2.377,1
2024-01-01 13:49:00,DIE-004,4711,762.2,85,8.52,1672.6,1.213,-0.423,2.371,1
2024-01-01 13:50:00,DIE-004,4719,765.6,84.81,8.41,1697.7,1.261,-0.447,2.353,1
2024-01-01 13:51:00,DIE-004,4731,772.7,84.86,8.37,1686.3,1.282,-0.453,2.306,1
2024-01-01 13:52:00,DIE-004,4743,763.4,85,8.39,1734.4,1.293,-0.428,2.296,1
2024-01-01 13:53:00,DIE-004,4752,768.4,85,8.48,1728.6,1.202,-0.417,2.343,1
2024-01-01 13:54:00,DIE-004,4764,772.6,84.7,8.43,1738.0,1.162,-0.449,2.362,1
2024-01-01 13:55:00,DIE-004,4775,777.3,84.53,8.39,1737.6,1.178,-0.436,2.352,1
2024-01-01 13:56:00,DIE-004,4787,778.1,85,8.41,1704.2,1.105,-0.406,2.326,1
2024-01-01 13:57:00,DIE-004,4799,780.1,85,8.34,1706.0,1.14,-0.413,2.317,1
2024-01-01 13:58:00,DIE-004,4807,776.7,85,8.23,1723.0,1.116,-0.418,2.353,1
2024-01-01 13:59:00,DIE-004,4818,770.8,85,8.28,1703.7,1.082,-0.427,2.357,1
2024-01-01 14:00:00,DIE-004,4828,767.2,84.92,8.23,1719.0,1.099,-0.439,2.353,1
2024-01-01 14:01:00,DIE-004,4837,763.5,84.56,8.26,1734.2,1.128,-0.478,2.398,1
2024-01-01 14:02:00,DIE-004,4849,768.1,84.88,8.36,1754.4,1.106,-0.492,2.385,1
2024-01-01 14:03:00,DIE-004,4857,765.9,85,8.37,1760.1,1.037,-0.466,2.418,1
2024-01-01 14:04:00,DIE-004,4865,769.8,85,8.4,1762.6,1.014,-0.473,2.417,1
2024-01-01 14:05:00,DIE-004,4877,773.6,85,8.37,1790.6,0.989,-0.443,2.417,1
2024-01-01 14:06:00,DIE-004,4889,766.3,85,8.43,1818.1,0.969,-0.46,2.408,1
2024-01-01 14:07:00,DIE-004,4901,765.6,85,8.35,1829.6,1.057,-0.446,2.419,1
2024-01-01 14:08:00,DIE-004,4911,759.9,85,8.53,1802.8,1.085,-0.45,2.478,1
2024-01-01 14:09:00,DIE-004,4921,759.4,85,8.5,1810.2,1.095,-0.416,2.474,1
2024-01-01 14:10:00,DIE-004,4933,749.6,85,8.56,1811.5,1.151,-0.4,2.454,1
2024-01-01 14:11:00,DIE-004,4944,752.0,84.97,8.63,1794.9,1.105,-0.395,2.439,1
2024-01-01 14:12:00,DIE-004,4955,751.8,85,8.56,1780.2,1.082,-0.389,2.474,1
2024-01-01 14:13:00,DIE-004,4963,748.3,85,8.6,1775.9,1.157,-0.368,2.516,1
2024-01-01 14:14:00,DIE-004,4971,746.4,84.77,8.48,1741.2,1.212,-0.335,2.553,1
2024-01-01 14:15:00,DIE-004,4982,754.8,85,8.32,1755.5,1.287,-0.333,2.592,1
2024-01-01 14:16:00,DIE-004,4994,758.5,84.97,8.34,1748.1,1.297,-0.321,2.554,1
2024-01-01 14:17:00,DIE-004,5004,752.9,85,8.44,1748.8,1.266,-0.296,2.534,1
2024-01-01 14:18:00,DIE-004,5016,750.6,85,8.47,1747.5,1.228,-0.247,2.54,1
2024-01-01 14:19:00,DIE-004,5024,755.8,85,8.41,1739.9,1.27,-0.231,2.554,1
2024-01-01 14:20:00,DIE-004,5034,749.7,85,8.37,1715.7,1.323,-0.248,2.571,1
2024-01-01 14:21:00,DIE-004,5045,754.7,85,8.36,1733.1,1.298,-0.249,2.566,1
2024-01-01 14:22:00,DIE-004,5055,766.6,85,8.32,1734.6,1.326,-0.22,2.528,1
2024-01-01 14:23:00,DIE-004,5064,771.4,85,8.37,1729.2,1.373,-0.192,2.529,1
2024-01-01 14:24:00,DIE-004,5074,767.8,84.95,8.46,1724.1,1.379,-0.171,2.563,1
2024-01-01 14:25:00,DIE-004,5086,764.5,85,8.27,1732.0,1.352,-0.185,2.595,1
2024-01-01 14:26:00,DIE-004,5095,764.4,85,8.25,1726.6,1.324,-0.183,2.542,1
2024-01-01 14:27:00,DIE-004,5103,771.5,85,8.35,1735.0,1.354,-0.162,2.534,1
2024-01-01 14:28:00,DIE-004,5114,773.8,85,8.41,1731.0,1.37,-0.173,2.539,1
2024-01-01 14:29:00,DIE-004,5122,774.0,84.75,8.57,1766.7,1.389,-0.181,2.501,1
2024-01-01 14:30:00,DIE-004,5131,762.9,84.23,8.48,1760.3,1.404,-0.138,2.537,1
2024-01-01 14:31:00,DIE-004,5139,756.1,85,8.4,1750.3,1.4,-0.128,2.565,1
2024-01-01 14:32:00,DIE-004,5150,764.6,85,8.38,1763.7,1.419,-0.107,2.607,1
2024-01-01 14:33:00,DIE-004,5158,764.8,85,8.37,1736.0,1.433,-0.08,2.626,1
2024-01-01 14:34:00,DIE-004,5167,757.1,85,8.37,1725.7,1.421,-0.075,2.591,1
2024-01-01 14:35:00,DIE-004,5177,751.4,85,8.48,1763.1,1.433,-0.071,2.586,1
2024-01-01 14:36:00,DIE-004,5185,745.8,84.99,8.49,1739.6,1.49,-0.042,2.589,1
2024-01-01 14:37:00,DIE-004,5194,747.3,84.23,8.62,1747.0,1.512,-0.009,2.601,1
2024-01-01 14:38:00,DIE-004,5206,748.2,85,8.64,1758.1,1.558,0.019,2.585,1
2024-01-01 14:39:00,DIE-004,5216,764.6,85,8.55,1783.6,1.55,0.051,2.644,1
2024-01-01 14:40:00,DIE-004,5224,766.2,85,8.48,1791.2,1.605,0.078,2.653,1
2024-01-01 14:41:00,DIE-004,5236,759.4,84.81,8.5,1801.4,1.606,0.097,2.653,1
2024-01-01 14:42:00,DIE-004,5246,760.3,85,8.56,1810.1,1.603,0.096,2.643,1
2024-01-01 14:43:00,DIE-004,5256,756.6,85,8.55,1809.2,1.585,0.087,2.652,1
2024-01-01 14:44:00,DIE-004,5267,758.0,85,8.59,1809.4,1.616,0.098,2.65,1
2024-01-01 14:45:00,DIE-004,5279,758.9,85,8.58,1788.4,1.589,0.124,2.678,1
2024-01-01 14:46:00,DIE-004,5288,765.7,85,8.56,1774.4,1.569,0.094,2.713,1
2024-01-01 14:47:00,DIE-004,5300,772.3,85,8.53,1779.6,1.546,0.074,2.722,1
2024-01-01 14:48:00,DIE-004,5310,773.4,85,8.52,1742.3,1.567,0.06,2.741,1
2024-01-01 14:49:00,DIE-004,5320,773.3,85,8.4,1738.5,1.56,0.068,2.75,1
2024-01-01 14:50:00,DIE-004,5330,774.8,84.67,8.34,1759.2,1.582,0.048,2.739,1
2024-01-01 14:51:00,DIE-004,5339,768.7,84.84,8.38,1771.2,1.579,0.003,2.698,1
2024-01-01 14:52:00,DIE-004,5347,768.4,85,8.41,1753.6,1.58,0.001,2.7,1
2024-01-01 14:53:00,DIE-004,5359,762.7,84.75,8.47,1761.2,1.552,0.011,2.689,1
2024-01-01 14:54:00,DIE-004,5368,757.5,85,8.6,1754.8,1.532,-0.005,2.695,1
2024-01-01 14:55:00,DIE-004,5378,756.4,85,8.57,1735.7,1.551,0.004,2.694,1
2024-01-01 14:56:00,DIE-004,5387,759.7,84.22,8.58,1725.5,1.533,-0.029,2.616,1
2024-01-01 14:57:00,DIE-004,5398,762.4,84.87,8.53,1730.2,1.519,-0.028,2.616,1
2024-01-01 14:58:00,DIE-004,5410,772.1,85,8.64,1726.3,1.529,-0.031,2.618,1
2024-01-01 14:59:00,DIE-004,5419,761.8,85,8.76,1733.4,1.589,-0.047,2.602,1
2024-01-01 15:00:00,DIE-004,5427,764.6,85,8.64,1739.3,1.643,-0.035,2.56,1
2024-01-01 15:01:00,DIE-004,5439,756.8,85,8.61,1726.2,1.56,-0.043,2.624,1
2024-01-01 15:02:00,DIE-004,5447,756.7,84.74,8.49,1715.2,1.478,-0.037,2.633,1
2024-01-01 15:03:00,DIE-004,5455,754.5,84.52,8.35,1703.5,1.389,-0.004,2.602,1
2024-01-01 15:04:00,DIE-004,5464,756.3,85,8.35,1672.5,1.353,-0.041,2.619,1
2024-01-01 15:05:00,DIE-004,5476,760.1,85,8.27,1665.4,1.351,-0.039,2.596,1
2024-01-01 15:06:00,DIE-004,5485,765.6,85,8.26,1660.9,1.395,-0.053,2.576,1
2024-01-01 15:07:00,DIE-004,5496,761.2,84.92,8.21,1689.8,1.385,-0.025,2.56,1
2024-01-01 15:08:00,DIE-004,5506,762.0,84.97,8.16,1670.1,1.384,0.01,2.55,1
2024-01-01 15:09:00,DIE-004,5514,771.6,84.86,8.19,1681.8,1.326,0.029,2.583,1
2024-01-01 15:10:00,DIE-004,5524,770.8,85,8.21,1653.8,1.345,0.029,2.528,1
2024-01-01 15:11:00,DIE-004,5534,778.3,85,8.31,1662.8,1.332,0.015,2.511,1
2024-01-01 15:12:00,DIE-004,5546,777.9,84.95,8.2,1646.6,1.369,0.011,2.531,1
2024-01-01 15:13:00,DIE-004,5555,773.6,85,8.16,1608.6,1.427,-0.007,2.521,1
2024-01-01 15:14:00,DIE-004,5567,770.2,85,8.28,1607.3,1.328,-0.004,2.546,1
2024-01-01 15:15:00,DIE-004,5575,786.3,85,8.14,1592.8,1.336,0.018,2.515,1
2024-01-01 15:16:00,DIE-004,5584,785.9,85,8.07,1580.3,1.298,0.014,2.526,1
2024-01-01 15:17:00,DIE-004,5596,788.6,85,8.08,1593.0,1.274,-0.001,2.511,1
2024-01-01 15:18:00,DIE-004,5608,784.3,85,8.08,1582.4,1.284,-0.052,2.552,1
2024-01-01 15:19:00,DIE-004,5619,781.1,85,8.12,1584.2,1.346,-0.061,2.499,1
2024-01-01 15:20:00,DIE-004,5629,779.0,85,8.1,1581.4,1.359,-0.053,2.496,1
2024-01-01 15:21:00,DIE-004,5639,784.8,84.9,8.15,1596.4,1.324,-0.057,2.47,1
2024-01-01 15:22:00,DIE-004,5649,779.8,84.19,8.37,1607.5,1.364,-0.053,2.459,1
2024-01-01 15:23:00,DIE-004,5660,780.1,84.89,8.36,1620.4,1.349,-0.056,2.492,1
2024-01-01 15:24:00,DIE-004,5671,782.4,85,8.3,1616.8,1.34,-0.064,2.47,1
2024-01-01 15:25:00,DIE-004,5679,778.1,85,8.24,1602.7,1.355,-0.053,2.459,1
2024-01-01 15:26:00,DIE-004,5688,783.3,85,8.25,1626.2,1.394,-0.05,2.451,1
2024-01-01 15:27:00,DIE-004,5698,789.6,85,8.26,1625.6,1.433,-0.043,2.426,1
2024-01-01 15:28:00,DIE-004,5708,802.1,85,8.27,1638.7,1.479,-0.042,2.431,1
2024-01-01 15:29:00,DIE-004,5718,795.3,85,8.25,1628.2,1.443,-0.034,2.416,1
2024-01-01 15:30:00,DIE-004,5730,802.3,85,8.23,1630.1,1.471,-0.005,2.417,1
2024-01-01 15:31:00,DIE-004,5739,808.8,85,8.21,1632.7,1.468,0.007,2.411,1
2024-01-01 15:32:00,DIE-004,5747,804.3,85,8.2,1635.5,1.523,0.028,2.453,1
2024-01-01 15:33:00,DIE-004,5758,806.0,85,8.22,1657.2,1.507,0.032,2.462,1
2024-01-01 15:34:00,DIE-004,5770,808.2,85,8.15,1646.5,1.438,0.007,2.487,1
2024-01-01 15:35:00,DIE-004,5778,805.6,85,8.13,1648.3,1.498,0.011,2.535,1
2024-01-01 15:36:00,DIE-004,5786,805.4,85,8.25,1635.6,1.483,0.005,2.548,1
2024-01-01 15:37:00,DIE-004,5797,802.5,85,8.28,1609.5,1.523,0.013,2.538,1
2024-01-01 15:38:00,DIE-004,5806,795.3,85,8.22,1613.6,1.51,0.015,2.53,1
2024-01-01 15:39:00,DIE-004,5817,801.5,85,8.12,1605.1,1.518,0.004,2.525,1
2024-01-01 15:40:00,DIE-004,5828,802.6,85,8.04,1581.2,1.518,-0.001,2.614,1
2024-01-01 15:41:00,DIE-004,5839,810.6,85,8.02,1590.7,1.5,-0.006,2.587,1
2024-01-01 15:42:00,DIE-004,5851,807.0,85,8.01,1605.9,1.523,-0.023,2.585,1
2024-01-01 15:43:00,DIE-004,5862,806.0,85,8,1584.4,1.546,-0.025,2.64,1
2024-01-01 15:44:00,DIE-004,5872,808.5,85,8,1589.3,1.546,-0.002,2.659,1
2024-01-01 15:45:00,DIE-004,5883,806.3,85,8.0,1577.1,1.52,-0.023,2.664,1
2024-01-01 15:46:00,DIE-004,5891,808.5,85,8.08,1566.9,1.443,-0.054,2.679,1
2024-01-01 15:47:00,DIE-004,5902,812.0,84.69,8.06,1584.5,1.497,-0.042,2.703,1
2024-01-01 15:48:00,DIE-004,5910,809.8,84.43,8.06,1600.5,1.523,-0.042,2.66,1
2024-01-01 15:49:00,DIE-004,5921,810.1,85,8.07,1596.7,1.474,-0.028,2.661,1
2024-01-01 15:50:00,DIE-004,5932,796.1,85,8.18,1592.9,1.464,-0.023,2.625,1
2024-01-01 15:51:00,DIE-004,5940,797.4,85,8.09,1601.0,1.464,-0.029,2.605,1
2024-01-01 15:52:00,DIE-004,5950,795.5,85,8.16,1578.4,1.511,-0.015,2.643,1
2024-01-01 15:53:00,DIE-004,5960,794.6,84.94,8.13,1601.7,1.512,-0.045,2.651,1
2024-01-01 15:54:00,DIE-004,5971,784.0,85,8.11,1604.9,1.493,-0.043,2.683,1
2024-01-01 15:55:00,DIE-004,5981,782.2,85,8.13,1588.1,1.516,-0.059,2.706,1
2024-01-01 15:56:00,DIE-004,5992,779.5,85,8.2,1580.0,1.499,-0.074,2.714,1
2024-01-01 15:57:00,DIE-004,6004,780.0,85,8.19,1552.9,1.513,-0.107,2.715,1
2024-01-01 15:58:00,DIE-004,6012,779.9,85,8.26,1557.0,1.502,-0.085,2.688,1
2024-01-01 15:59:00,DIE-004,6021,769.3,85,8.15,1559.3,1.504,-0.098,2.651,1
2024-01-01 16:00:00,DIE-004,6032,764.7,85,8.1,1552.2,1.444,-0.09,2.614,1
2024-01-01 16:01:00,DIE-004,6041,754.6,85,8.04,1531.5,1.407,-0.106,2.622,1
2024-01-01 16:02:00,DIE-004,6050,751.8,85,8,1512.9,1.404,-0.136,2.634,1
2024-01-01 16:03:00,DIE-004,6061,755.3,85,8.07,1509.7,1.361,-0.102,2.647,1
2024-01-01 16:04:00,DIE-004,6071,764.2,85,8.11,1525.1,1.372,-0.129,2.651,1
2024-01-01 16:05:00,DIE-004,6082,769.6,85,8.03,1501.6,1.341,-0.144,2.633,1
2024-01-01 16:06:00,DIE-004,6090,769.1,84.51,8.03,1500.1,1.305,-0.147,2.639,1
2024-01-01 16:07:00,DIE-004,6101,760.1,84.7,8.14,1505.7,1.259,-0.162,2.619,1
2024-01-01 16:08:00,DIE-004,6113,763.6,85,8.07,1494.0,1.277,-0.126,2.603,1
2024-01-01 16:09:00,DIE-004,6123,767.9,85,8,1483.0,1.287,-0.099,2.61,1
2024-01-01 16:10:00,DIE-004,6135,765.0,85,8,1490.9,1.314,-0.082,2.599,1
2024-01-01 16:11:00,DIE-004,6143,763.8,85,8.11,1506.3,1.288,-0.07,2.542,1
2024-01-01 16:12:00,DIE-004,6155,763.8,85,8.2,1493.9,1.256,-0.098,2.496,1
2024-01-01 16:13:00,DIE-004,6163,758.5,85,8.35,1478.9,1.281,-0.088,2.55,1
2024-01-01 16:14:00,DIE-004,6174,758.0,85,8.32,1513.7,1.201,-0.096,2.567,1
2024-01-01 16:15:00,DIE-004,6185,758.7,85,8.39,1530.9,1.191,-0.094,2.565,1
2024-01-01 16:16:00,DIE-004,6195,756.0,85,8.43,1514.7,1.226,-0.109,2.581,1
2024-01-01 16:17:00,DIE-004,6207,746.3,85,8.46,1515.3,1.193,-0.094,2.577,1
2024-01-01 16:18:00,DIE-004,6219,745.5,85,8.51,1515.6,1.194,-0.072,2.615,1
2024-01-01 16:19:00,DIE-004,6229,750.4,84.88,8.29,1520.1,1.183,-0.092,2.629,1
2024-01-01 16:20:00,DIE-004,6240,749.6,85,8.27,1546.8,1.121,-0.122,2.576,1
2024-01-01 16:21:00,DIE-004,6251,754.2,85,8.21,1537.0,1.086,-0.097,2.574,1
2024-01-01 16:22:00,DIE-004,6262,752.2,85,8.04,1534.5,1.091,-0.149,2.575,1
2024-01-01 16:23:00,DIE-004,6274,752.7,85,8.02,1576.9,1.043,-0.129,2.571,1
2024-01-01 16:24:00,DIE-004,6282,748.0,84.41,8,1586.1,0.982,-0.075,2.611,1
2024-01-01 16:25:00,DIE-004,6292,747.5,84.57,8.04,1580.3,0.97,-0.055,2.562,1
2024-01-01 16:26:00,DIE-004,6304,746.6,85,8,1570.7,0.979,-0.073,2.608,1
2024-01-01 16:27:00,DIE-004,6314,753.7,84.76,8.08,1576.0,0.995,-0.037,2.58,1
2024-01-01 16:28:00,DIE-004,6322,762.6,84.98,8.16,1578.7,0.958,-0.053,2.632,1
2024-01-01 16:29:00,DIE-004,6330,752.9,85,8.19,1593.3,1.0,-0.058,2.654,1
2024-01-01 16:30:00,DIE-004,6339,759.5,84.5,8.26,1621.2,0.961,-0.085,2.617,1
2024-01-01 16:31:00,DIE-004,6348,759.8,84.78,8.35,1632.2,0.931,-0.062,2.576,1
2024-01-01 16:32:00,DIE-004,6356,761.1,85,8.34,1631.5,0.907,-0.065,2.606,1
2024-01-01 16:33:00,DIE-004,6364,757.6,85,8.29,1618.5,0.982,-0.088,2.655,1
2024-01-01 16:34:00,DIE-004,6374,752.8,85,8.25,1629.1,0.99,-0.095,2.672,1
2024-01-01 16:35:00,DIE-004,6386,751.5,85,8.2,1651.7,1.062,-0.074,2.653,1
2024-01-01 16:36:00,DIE-004,6398,746.6,85,8.26,1644.8,1.093,-0.079,2.613,1
2024-01-01 16:37:00,DIE-004,6410,742.4,85,8.21,1636.0,1.093,-0.087,2.578,1
2024-01-01 16:38:00,DIE-004,6420,741.1,85,8.25,1645.2,1.056,-0.121,2.599,1
2024-01-01 16:39:00,DIE-004,6432,747.1,85,8.18,1651.9,0.991,-0.105,2.642,1
2024-01-01 16:40:00,DIE-004,6440,748.5,85,8.12,1662.8,0.972,-0.071,2.687,1
2024-01-01 16:41:00,DIE-004,6452,745.0,85,8.17,1641.4,0.957,-0.083,2.716,1
2024-01-01 16:42:00,DIE-004,6464,740.2,85,8.23,1643.4,1.085,-0.08,2.678,1
2024-01-01 16:43:00,DIE-004,6474,740.9,85,8.24,1642.8,1.044,-0.087,2.659,1
2024-01-01 16:44:00,DIE-004,6483,740.2,85,8.29,1619.6,1.1,-0.091,2.644,1
2024-01-01 16:45:00,DIE-004,6494,742.9,85,8.47,1638.3,1.153,-0.079,2.614,1
2024-01-01 16:46:00,DIE-004,6502,747.1,85,8.43,1650.2,1.128,-0.086,2.662,1
2024-01-01 16:47:00,DIE-004,6511,744.0,85,8.31,1663.5,1.165,-0.071,2.612,1
2024-01-01 16:48:00,DIE-004,6519,742.9,85,8.31,1688.9,1.2,-0.074,2.578,1
2024-01-01 16:49:00,DIE-004,6531,752.2,84.81,8.22,1671.9,1.097,-0.062,2.517,1
2024-01-01 16:50:00,DIE-004,6542,749.7,84.91,8.29,1682.3,1.023,-0.076,2.565,1
2024-01-01 16:51:00,DIE-004,6553,753.5,84.76,8.17,1664.8,1.057,-0.074,2.595,1
2024-01-01 16:52:00,DIE-004,6563,752.9,85,8.23,1662.1,1.017,-0.112,2.594,1
2024-01-01 16:53:00,DIE-004,6572,747.6,85,8.36,1658.0,1.006,-0.118,2.571,1
2024-01-01 16:54:00,DIE-004,6584,744.6,85,8.43,1650.1,1.084,-0.115,2.589,1
2024-01-01 16:55:00,DIE-004,6596,742.3,85,8.5,1662.2,1.033,-0.117,2.606,1
2024-01-01 16:56:00,DIE-004,6606,747.3,85,8.43,1647.0,1.037,-0.109,2.615,1
2024-01-01 16:57:00,DIE-004,6615,746.8,85,8.42,1664.7,1.08,-0.118,2.614,1
2024-01-01 16:58:00,DIE-004,6626,749.0,85,8.36,1679.6,1.16,-0.104,2.512,1
2024-01-01 16:59:00,DIE-004,6634,743.7,85,8.35,1700.2,1.209,-0.1,2.536,1
2024-01-01 17:00:00,DIE-004,6643,741.2,85,8.44,1716.1,1.162,-0.098,2.433,1
2024-01-01 17:01:00,DIE-004,6654,745.5,85,8.5,1704.0,1.131,-0.073,2.411,1
2024-01-01 17:02:00,DIE-004,6664,741.9,85,8.4,1695.4,1.105,-0.059,2.432,1
2024-01-01 17:03:00,DIE-004,6673,739.1,85,8.33,1675.9,1.083,-0.075,2.44,1
2024-01-01 17:04:00,DIE-004,6683,748.0,84.62,8.32,1681.6,1.089,-0.056,2.454,1
2024-01-01 17:05:00,DIE-004,6693,751.7,85,8.46,1711.3,1.059,-0.052,2.412,1
2024-01-01 17:06:00,DIE-004,6705,756.0,85,8.41,1719.3,1.097,-0.072,2.408,1
2024-01-01 17:07:00,DIE-004,6715,753.9,84.7,8.42,1717.1,1.11,-0.062,2.459,1
2024-01-01 17:08:00,DIE-004,6724,749.0,85,8.37,1708.9,1.124,-0.039,2.462,1
2024-01-01 17:09:00,DIE-004,6732,746.3,85,8.49,1704.4,1.097,-0.04,2.449,1
2024-01-01 17:10:00,DIE-004,6741,746.0,85,8.5,1704.3,1.081,-0.066,2.481,1
2024-01-01 17:11:00,DIE-004,6751,745.9,84.89,8.39,1715.6,1.085,-0.051,2.523,1
2024-01-01 17:12:00,DIE-004,6763,749.8,85,8.41,1707.7,1.051,-0.049,2.481,1
2024-01-01 17:13:00,DIE-004,6773,746.5,85,8.37,1713.2,1.042,-0.04,2.439,1
2024-01-01 17:14:00,DIE-004,6782,744.2,85,8.52,1729.8,1.131,-0.013,2.48,1
2024-01-01 17:15:00,DIE-004,6791,750.1,85,8.61,1726.0,1.142,-0.005,2.53,1
2024-01-01 17:16:00,DIE-004,6803,747.3,85,8.52,1730.5,1.182,0.007,2.526,1
2024-01-01 17:17:00,DIE-004,6811,749.8,85,8.63,1707.8,1.126,0.001,2.491,1
2024-01-01 17:18:00,DIE-004,6820,753.8,85,8.69,1692.9,1.151,0.022,2.461,1
2024-01-01 17:19:00,DIE-004,6832,750.0,85,8.59,1687.3,1.121,0.013,2.476,1
2024-01-01 17:20:00,DIE-004,6844,755.1,85,8.51,1677.7,1.146,0.019,2.442,1
2024-01-01 17:21:00,DIE-004,6853,766.7,85,8.62,1679.3,1.188,0.032,2.419,1
2024-01-01 17:22:00,DIE-004,6861,780.2,85,8.59,1656.8,1.23,0.042,2.463,1
2024-01-01 17:23:00,DIE-004,6873,780.7,85,8.57,1670.2,1.261,0.043,2.438,1
2024-01-01 17:24:00,DIE-004,6883,781.2,85,8.58,1680.4,1.298,0.072,2.462,1
2024-01-01 17:25:00,DIE-004,6893,780.9,84.98,8.53,1686.1,1.294,0.09,2.441,1
2024-01-01 17:26:00,DIE-004,6904,775.6,85,8.46,1686.5,1.283,0.072,2.462,1
2024-01-01 17:27:00,DIE-004,6913,771.3,85,8.49,1686.3,1.263,0.085,2.466,1
2024-01-01 17:28:00,DIE-004,6924,777.1,85,8.59,1696.5,1.303,0.059,2.469,1
2024-01-01 17:29:00,DIE-004,6935,772.7,85,8.56,1720.7,1.284,0.041,2.456,1
2024-01-01 17:30:00,DIE-004,6944,777.4,85,8.55,1721.3,1.257,0.032,2.507,1
2024-01-01 17:31:00,DIE-004,6955,772.3,84.9,8.62,1726.6,1.24,0.033,2.486,1
2024-01-01 17:32:00,DIE-004,6966,777.7,85,8.61,1713.5,1.269,0.002,2.433,1
2024-01-01 17:33:00,DIE-004,6974,772.9,85,8.64,1703.5,1.284,0.005,2.454,1
2024-01-01 17:34:00,DIE-004,6982,774.5,84.94,8.74,1686.8,1.262,0.044,2.418,1
2024-01-01 17:35:00,DIE-004,6991,772.9,84.86,8.66,1687.4,1.298,0.04,2.361,1
2024-01-01 17:36:00,DIE-004,7002,775.2,85,8.8,1666.1,1.309,0.031,2.31,1
2024-01-01 17:37:00,DIE-004,7012,783.8,84.42,9.03,1682.0,1.345,0.051,2.336,1
2024-01-01 17:38:00,DIE-004,7023,786.4,83.74,9.12,1673.2,1.379,0.079,2.302,1
2024-01-01 17:39:00,DIE-004,7032,789.1,83.63,9.09,1657.8,1.411,0.072,2.29,1
2024-01-01 17:40:00,DIE-004,7041,787.8,83.94,9.06,1643.3,1.366,0.081,2.235,1
2024-01-01 17:41:00,DIE-004,7051,793.4,83.62,9.05,1654.4,1.355,0.063,2.257,1
2024-01-01 17:42:00,DIE-004,7059,796.8,84.25,9.1,1662.7,1.395,0.046,2.248,1
2024-01-01 17:43:00,DIE-004,7069,797.0,84.37,9.16,1655.4,1.394,0.049,2.226,1
2024-01-01 17:44:00,DIE-004,7077,794.9,84.89,9.21,1663.9,1.402,0.068,2.254,1
2024-01-01 17:45:00,DIE-004,7088,797.0,85,9.26,1689.7,1.363,0.073,2.246,1
2024-01-01 17:46:00,DIE-004,7100,793.1,85,9.25,1663.5,1.329,0.1,2.236,1
2024-01-01 17:47:00,DIE-004,7110,806.3,85,9.33,1677.9,1.321,0.101,2.168,1
2024-01-01 17:48:00,DIE-004,7119,804.1,85,9.32,1681.4,1.304,0.135,2.161,1
2024-01-01 17:49:00,DIE-004,7129,811.7,85,9.32,1672.0,1.336,0.133,2.163,1
2024-01-01 17:50:00,DIE-004,7137,813.0,85,9.43,1666.0,1.367,0.151,2.175,1
2024-01-01 17:51:00,DIE-004,7149,815.8,84.95,9.5,1685.1,1.333,0.14,2.135,1
2024-01-01 17:52:00,DIE-004,7160,815.5,84.57,9.42,1696.8,1.276,0.134,2.185,1
2024-01-01 17:53:00,DIE-004,7170,807.0,85,9.33,1723.1,1.285,0.135,2.192,1
2024-01-01 17:54:00,DIE-004,7182,802.5,85,9.39,1716.1,1.271,0.133,2.153,1
2024-01-01 17:55:00,DIE-004,7192,806.5,85,9.29,1726.7,1.261,0.145,2.114,1
2024-01-01 17:56:00,DIE-004,7204,805.1,85,9.43,1720.0,1.321,0.151,2.131,1
2024-01-01 17:57:00,DIE-004,7216,810.2,85,9.53,1708.0,1.375,0.147,2.148,1
2024-01-01 17:58:00,DIE-004,7226,810.0,85,9.45,1720.8,1.354,0.184,2.198,1
2024-01-01 17:59:00,DIE-004,7237,809.0,85,9.35,1711.0,1.388,0.172,2.201,1
2024-01-01 18:00:00,DIE-004,7245,811.4,85,9.48,1705.9,1.481,0.17,2.23,1
2024-01-01 18:01:00,DIE-004,7256,805.9,85,9.55,1682.9,1.447,0.165,2.205,1
2024-01-01 18:02:00,DIE-004,7265,806.7,85,9.6,1661.3,1.376,0.153,2.147,1
2024-01-01 18:03:00,DIE-004,7277,811.8,84.78,9.52,1652.5,1.32,0.161,2.15,1
2024-01-01 18:04:00,DIE-004,7285,799.1,85,9.61,1666.3,1.28,0.141,2.134,1
2024-01-01 18:05:00,DIE-004,7293,803.5,85,9.56,1685.2,1.216,0.15,2.064,1
2024-01-01 18:06:00,DIE-004,7303,801.4,85,9.61,1679.3,1.156,0.12,2.095,1
2024-01-01 18:07:00,DIE-004,7313,794.1,85,9.48,1686.5,1.075,0.13,2.083,1
2024-01-01 18:08:00,DIE-004,7322,786.6,85,9.53,1664.5,1.112,0.108,2.049,1
2024-01-01 18:09:00,DIE-004,7331,783.8,85,9.54,1675.5,1.087,0.076,1.993,1
2024-01-01 18:10:00,DIE-004,7342,785.5,85,9.5,1674.6,1.071,0.019,2.024,1
2024-01-01 18:11:00,DIE-004,7353,776.9,85,9.47,1654.6,1.064,0.047,2.045,1
2024-01-01 18:12:00,DIE-004,7361,770.4,85,9.53,1665.0,1.147,0.069,2.043,1
2024-01-01 18:13:00,DIE-004,7369,775.3,85,9.47,1671.9,1.123,0.07,2.01,1
2024-01-01 18:14:00,DIE-004,7379,779.3,85,9.53,1659.5,1.194,0.061,1.978,1
2024-01-01 18:15:00,DIE-004,7389,769.5,85,9.52,1635.5,1.195,0.044,1.981,1
2024-01-01 18:16:00,DIE-004,7400,767.8,85,9.37,1623.9,1.171,0.031,2.013,1
2024-01-01 18:17:00,DIE-004,7409,778.1,85,9.43,1627.6,1.096,0.019,2.008,1
2024-01-01 18:18:00,DIE-004,7418,772.7,85,9.33,1617.0,1.076,0.001,2.045,1
2024-01-01 18:19:00,DIE-004,7428,773.4,85,9.25,1607.0,1.067,-0.061,2.0,1
2024-01-01 18:20:00,DIE-004,7439,777.4,85,9.26,1584.8,1.08,-0.054,1.989,1
2024-01-01 18:21:00,DIE-004,7448,768.2,85,9.14,1609.9,1.084,-0.102,1.941,1
2024-01-01 18:22:00,DIE-004,7459,771.8,85,9.11,1609.3,1.039,-0.126,1.9,1
2024-01-01 18:23:00,DIE-004,7470,775.7,85,8.92,1609.9,1.049,-0.115,1.849,1
2024-01-01 18:24:00,DIE-004,7478,766.2,84.92,8.85,1608.8,1.046,-0.104,1.838,1
2024-01-01 18:25:00,DIE-004,7488,761.2,84.43,8.81,1617.3,1.036,-0.109,1.844,1
2024-01-01 18:26:00,DIE-004,7499,763.4,84.14,8.8,1630.9,1.028,-0.1,1.816,1
2024-01-01 18:27:00,DIE-004,7509,764.3,84.88,8.86,1634.7,1.043,-0.084,1.815,1
2024-01-01 18:28:00,DIE-004,7520,763.9,85,8.88,1632.6,1.019,-0.052,1.816,1
2024-01-01 18:29:00,DIE-004,7531,762.2,85,8.87,1643.3,1.018,-0.044,1.872,1
2024-01-01 18:30:00,DIE-004,7542,756.6,84.54,8.76,1673.9,0.988,-0.028,1.875,1
2024-01-01 18:31:00,DIE-004,7550,763.4,85,8.76,1675.8,0.957,-0.026,1.826,1
2024-01-01 18:32:00,DIE-004,7559,760.7,85,8.69,1693.8,0.952,-0.006,1.811,1
2024-01-01 18:33:00,DIE-004,7569,761.1,85,8.64,1695.1,0.9,0.001,1.81,1
2024-01-01 18:34:00,DIE-004,7579,766.6,84.59,8.5,1715.2,0.822,0.026,1.822,1
2024-01-01 18:35:00,DIE-004,7588,772.1,84.94,8.56,1736.5,0.9,0.022,1.805,1
2024-01-01 18:36:00,DIE-004,7600,772.4,85,8.59,1707.8,0.911,0.052,1.825,1
2024-01-01 18:37:00,DIE-004,7609,780.1,85,8.63,1709.9,0.956,0.055,1.778,1
2024-01-01 18:38:00,DIE-004,7617,787.7,85,8.58,1730.2,0.956,0.098,1.788,1
2024-01-01 18:39:00,DIE-004,7627,793.0,85,8.64,1731.8,0.895,0.081,1.76,1
2024-01-01 18:40:00,DIE-004,7639,794.0,85,8.53,1747.0,0.928,0.09,1.722,1
2024-01-01 18:41:00,DIE-004,7647,794.5,85,8.58,1761.8,0.957,0.083,1.682,1
2024-01-01 18:42:00,DIE-004,7655,789.3,85,8.53,1746.0,1.002,0.065,1.66,1
2024-01-01 18:43:00,DIE-004,7665,792.5,85,8.65,1743.6,0.986,0.035,1.663,1
2024-01-01 18:44:00,DIE-004,7674,785.2,85,8.63,1745.1,0.992,0.045,1.672,1
2024-01-01 18:45:00,DIE-004,7686,782.2,84.84,8.68,1736.4,0.971,0.069,1.663,1
2024-01-01 18:46:00,DIE-004,7698,784.3,85,8.78,1741.2,0.93,0.051,1.702,1
2024-01-01 18:47:00,DIE-004,7710,780.4,85,8.69,1753.9,0.948,0.052,1.715,1
2024-01-01 18:48:00,DIE-004,7722,775.8,85,8.59,1719.5,0.969,0.019,1.695,1
2024-01-01 18:49:00,DIE-004,7731,768.5,85,8.66,1689.2,1.004,0.007,1.67,1
2024-01-01 18:50:00,DIE-004,7739,763.9,85,8.76,1688.2,0.925,0.014,1.689,1
2024-01-01 18:51:00,DIE-004,7751,758.1,85,8.78,1667.4,0.892,0.041,1.715,1
2024-01-01 18:52:00,DIE-004,7760,755.0,85,8.83,1680.8,0.901,0.05,1.684,1
2024-01-01 18:53:00,DIE-004,7769,761.7,85,8.78,1687.0,0.959,0.026,1.705,1
2024-01-01 18:54:00,DIE-004,7779,753.4,84.69,8.77,1696.7,0.927,0.02,1.704,1
2024-01-01 18:55:00,DIE-004,7790,748.2,85,8.66,1702.1,0.97,0.006,1.702,1
2024-01-01 18:56:00,DIE-004,7798,754.0,85,8.7,1703.0,0.985,-0.015,1.715,1
2024-01-01 18:57:00,DIE-004,7807,761.1,84.84,8.51,1694.1,1.017,-0.012,1.695,1
2024-01-01 18:58:00,DIE-004,7816,765.0,85,8.48,1711.5,1.014,0.002,1.726,1
2024-01-01 18:59:00,DIE-004,7827,764.4,85,8.49,1726.0,1.052,-0.006,1.761,1
2024-01-01 19:00:00,DIE-004,7838,762.8,84.59,8.49,1715.8,1.067,-0.015,1.736,1
2024-01-01 19:01:00,DIE-004,7849,773.4,84.89,8.38,1695.0,1.041,-0.027,1.705,1
2024-01-01 19:02:00,DIE-004,7861,765.7,85,8.59,1720.2,1.06,-0.061,1.7,1
2024-01-01 19:03:00,DIE-004,7870,765.0,84.33,8.6,1710.9,1.151,-0.069,1.658,1
2024-01-01 19:04:00,DIE-004,7882,768.2,84.75,8.6,1683.3,1.142,-0.089,1.713,1
2024-01-01 19:05:00,DIE-004,7892,765.9,85,8.53,1668.5,1.045,-0.122,1.7,1
2024-01-01 19:06:00,DIE-004,7900,765.6,84.52,8.59,1664.0,0.992,-0.122,1.684,1
2024-01-01 19:07:00,DIE-004,7910,761.4,84.89,8.58,1670.7,1.039,-0.096,1.654,1
2024-01-01 19:08:00,DIE-004,7921,766.5,85,8.58,1653.0,1.071,-0.099,1.665,1
2024-01-01 19:09:00,DIE-004,7933,762.3,85,8.49,1640.0,1.039,-0.125,1.695,1
2024-01-01 19:10:00,DIE-004,7941,763.2,85,8.56,1623.4,1.057,-0.142,1.663,1
2024-01-01 19:11:00,DIE-004,7950,767.4,85,8.62,1625.1,1.029,-0.143,1.694,1
2024-01-01 19:12:00,DIE-004,7960,768.5,85,8.67,1604.5,0.972,-0.119,1.683,1
2024-01-01 19:13:00,DIE-004,7972,768.4,84.96,8.66,1615.0,0.941,-0.124,1.714,1
2024-01-01 19:14:00,DIE-004,7982,767.0,85,8.6,1616.7,0.934,-0.103,1.727,1
2024-01-01 19:15:00,DIE-004,7990,765.6,84.99,8.62,1626.9,0.958,-0.088,1.725,1
2024-01-01 19:16:00,DIE-004,8002,767.7,84.84,8.59,1639.7,0.973,-0.119,1.713,1
2024-01-01 19:17:00,DIE-004,8014,760.2,85,8.58,1642.7,0.94,-0.13,1.751,1
2024-01-01 19:18:00,DIE-004,8023,760.7,85,8.45,1636.3,0.939,-0.13,1.765,1
2024-01-01 19:19:00,DIE-004,8033,755.2,85,8.32,1655.9,0.948,-0.125,1.732,1
2024-01-01 19:20:00,DIE-004,8045,770.6,85,8.34,1652.2,0.993,-0.154,1.74,1
2024-01-01 19:21:00,DIE-004,8057,768.8,85,8.38,1675.6,1.015,-0.159,1.729,1
2024-01-01 19:22:00,DIE-004,8067,762.1,84.79,8.52,1697.7,0.97,-0.182,1.756,1
2024-01-01 19:23:00,DIE-004,8075,763.2,84.48,8.46,1696.4,0.916,-0.169,1.722,1
2024-01-01 19:24:00,DIE-004,8087,757.7,84.89,8.49,1679.6,0.867,-0.166,1.697,1
2024-01-01 19:25:00,DIE-004,8096,752.4,84.89,8.46,1694.4,0.932,-0.141,1.687,1
2024-01-01 19:26:00,DIE-004,8106,763.5,85,8.42,1675.0,1.021,-0.116,1.697,1
2024-01-01 19:27:00,DIE-004,8114,772.5,85,8.36,1651.9,1.102,-0.077,1.713,1
2024-01-01 19:28:00,DIE-004,8124,774.1,85,8.41,1651.4,1.113,-0.082,1.744,1
2024-01-01 19:29:00,DIE-004,8136,771.6,84.85,8.39,1649.0,1.083,-0.062,1.746,1
2024-01-01 19:30:00,DIE-004,8144,767.7,84.28,8.56,1645.3,1.099,-0.094,1.738,1
2024-01-01 19:31:00,DIE-004,8152,760.6,85,8.56,1662.6,1.015,-0.115,1.753,1
2024-01-01 19:32:00,DIE-004,8160,761.8,85,8.42,1674.4,1.03,-0.112,1.788,1
2024-01-01 19:33:00,DIE-004,8169,767.4,85,8.34,1666.2,1.013,-0.095,1.798,1
2024-01-01 19:34:00,DIE-004,8181,771.6,84.88,8.21,1666.9,1.04,-0.079,1.806,1
2024-01-01 19:35:00,DIE-004,8191,773.6,85,8.15,1646.9,1.065,-0.106,1.805,1
2024-01-01 19:36:00,DIE-004,8199,779.4,84.54,8.11,1626.6,1.028,-0.115,1.73,1
2024-01-01 19:37:00,DIE-004,8209,775.6,85.0,8.12,1649.7,1.055,-0.096,1.686,1
2024-01-01 19:38:00,DIE-004,8217,770.5,85,8.12,1656.6,1.036,-0.119,1.709,1
2024-01-01 19:39:00,DIE-004,8228,770.9,85,8,1649.7,0.977,-0.129,1.709,1
2024-01-01 19:40:00,DIE-004,8236,773.0,84.74,8.01,1665.4,0.963,-0.114,1.714,1
2024-01-01 19:41:00,DIE-004,8247,772.1,85,8.02,1673.3,0.933,-0.094,1.695,1
2024-01-01 19:42:00,DIE-004,8258,775.7,84.68,8,1677.0,0.887,-0.084,1.678,1
2024-01-01 19:43:00,DIE-004,8268,769.2,84.8,8,1675.9,0.942,-0.086,1.703,1
2024-01-01 19:44:00,DIE-004,8280,766.9,84.74,8,1702.7,0.985,-0.087,1.679,1
2024-01-01 19:45:00,DIE-004,8289,768.7,84.71,8,1699.1,1.025,-0.093,1.687,1
2024-01-01 19:46:00,DIE-004,8301,769.9,84.68,8.16,1719.1,1.07,-0.098,1.645,1
2024-01-01 19:47:00,DIE-004,8309,768.8,84.58,8.17,1711.7,0.989,-0.117,1.704,1
2024-01-01 19:48:00,DIE-004,8318,781.3,84.58,8.09,1725.1,0.951,-0.11,1.726,1
2024-01-01 19:49:00,DIE-004,8327,784.7,84.87,8,1701.5,0.978,-0.119,1.76,1
2024-01-01 19:50:00,DIE-004,8337,786.5,84.71,8,1691.5,1.038,-0.119,1.751,1
2024-01-01 19:51:00,DIE-004,8348,786.7,84.77,8.03,1674.1,1.039,-0.122,1.743,1
2024-01-01 19:52:00,DIE-004,8356,794.1,84.55,8,1674.2,1.12,-0.097,1.732,1
2024-01-01 19:53:00,DIE-004,8365,797.7,84.57,8.06,1672.9,1.044,-0.08,1.732,1
2024-01-01 19:54:00,DIE-004,8377,799.9,84.5,8.04,1676.3,1.06,-0.063,1.748,1
2024-01-01 19:55:00,DIE-004,8386,796.2,85,8.04,1675.1,1.032,-0.06,1.76,1
2024-01-01 19:56:00,DIE-004,8394,791.4,85,8,1682.1,1.086,-0.067,1.756,1
2024-01-01 19:57:00,DIE-004,8403,794.2,85,8.09,1696.6,1.124,-0.033,1.711,1
2024-01-01 19:58:00,DIE-004,8415,793.7,85,8.09,1672.5,1.133,-0.049,1.694,1
2024-01-01 19:59:00,DIE-004,8425,785.2,85,8,1646.8,1.116,-0.064,1.692,1
2024-01-01 20:00:00,DIE-004,8434,782.2,84.64,8.07,1634.7,1.118,-0.076,1.698,1
2024-01-01 20:01:00,DIE-004,8443,781.2,84.95,8.09,1642.4,1.108,-0.056,1.718,1
2024-01-01 20:02:00,DIE-004,8455,788.3,84.46,8,1640.5,1.05,-0.098,1.731,1
2024-01-01 20:03:00,DIE-004,8464,782.2,84.77,8,1600.6,1.119,-0.125,1.726,1
2024-01-01 20:04:00,DIE-004,8475,785.0,84.36,8,1613.6,1.187,-0.131,1.767,1
2024-01-01 20:05:00,DIE-004,8486,777.7,84.66,8.12,1576.8,1.186,-0.111,1.806,1
2024-01-01 20:06:00,DIE-004,8497,779.0,84.61,8.07,1599.9,1.21,-0.098,1.801,1
2024-01-01 20:07:00,DIE-004,8508,780.7,85,8.05,1600.8,1.16,-0.126,1.877,1
2024-01-01 20:08:00,DIE-004,8518,778.8,85,8.04,1591.2,1.182,-0.129,1.909,1
2024-01-01 20:09:00,DIE-004,8529,778.3,84.34,8.12,1586.4,1.135,-0.18,1.889,1
2024-01-01 20:10:00,DIE-004,8539,775.0,85,8.08,1586.4,1.128,-0.186,1.869,1
2024-01-01 20:11:00,DIE-004,8548,775.6,85,8.0,1580.2,1.148,-0.209,1.905,1
2024-01-01 20:12:00,DIE-004,8557,773.8,85,8,1566.0,1.124,-0.168,1.951,1
2024-01-01 20:13:00,DIE-004,8567,778.2,85,8.11,1585.6,1.174,-0.129,1.985,1
2024-01-01 20:14:00,DIE-004,8577,783.7,85,8,1565.6,1.147,-0.111,1.982,1
2024-01-01 20:15:00,DIE-004,8585,787.1,84.7,8,1538.5,1.157,-0.119,1.956,1
2024-01-01 20:16:00,DIE-004,8594,791.4,84.09,8.04,1504.5,1.179,-0.1,1.95,1
2024-01-01 20:17:00,DIE-004,8602,790.6,84.25,8,1507.8,1.146,-0.108,1.989,1
2024-01-01 20:18:00,DIE-004,8613,785.4,84.87,8,1481.6,1.134,-0.135,1.986,1
2024-01-01 20:19:00,DIE-004,8621,779.4,85,8,1451.6,1.19,-0.099,1.984,1
2024-01-01 20:20:00,DIE-004,8630,784.3,85,8.06,1468.5,1.198,-0.078,2.016,1
2024-01-01 20:21:00,DIE-004,8641,781.3,85,8.0,1500.8,1.224,-0.075,2.033,1
2024-01-01 20:22:00,DIE-004,8650,782.2,85,8,1505.2,1.228,-0.078,1.99,1
2024-01-01 20:23:00,DIE-004,8660,784.5,85,8,1518.3,1.194,-0.07,1.953,1
2024-01-01 20:24:00,DIE-004,8670,776.8,85,8,1518.4,1.235,-0.068,1.863,1
2024-01-01 20:25:00,DIE-004,8680,786.1,85,8.0,1532.7,1.227,-0.07,1.846,1
2024-01-01 20:26:00,DIE-004,8692,787.6,84.99,8.14,1527.3,1.214,-0.079,1.786,1
2024-01-01 20:27:00,DIE-004,8704,782.0,84.28,8.24,1537.0,1.258,-0.08,1.818,1
2024-01-01 20:28:00,DIE-004,8715,781.4,85,8.2,1531.2,1.292,-0.079,1.826,1
2024-01-01 20:29:00,DIE-004,8726,774.3,84.62,8.15,1546.0,1.301,-0.09,1.8,1
2024-01-01 20:30:00,DIE-004,8736,759.9,84.45,8.2,1551.6,1.283,-0.103,1.837,1
2024-01-01 20:31:00,DIE-004,8746,759.9,83.2,8.04,1584.5,1.34,-0.134,1.766,1
2024-01-01 20:32:00,DIE-004,8757,758.2,83.53,8.04,1592.0,1.386,-0.157,1.721,1
2024-01-01 20:33:00,DIE-004,8768,759.7,83.69,8.03,1569.5,1.363,-0.154,1.75,1
2024-01-01 20:34:00,DIE-004,8780,766.0,84.19,8.01,1550.0,1.421,-0.169,1.773,1
2024-01-01 20:35:00,DIE-004,8790,757.8,84.06,8,1560.1,1.435,-0.181,1.765,1
2024-01-01 20:36:00,DIE-004,8798,760.3,84.97,8.04,1581.6,1.41,-0.161,1.731,1
2024-01-01 20:37:00,DIE-004,8810,760.7,84.66,8.05,1568.7,1.395,-0.168,1.727,1
2024-01-01 20:38:00,DIE-004,8820,764.0,84.98,8,1557.4,1.408,-0.132,1.656,1
2024-01-01 20:39:00,DIE-004,8832,759.7,85,8,1564.1,1.332,-0.122,1.694,1
2024-01-01 20:40:00,DIE-004,8840,757.2,84.73,8,1572.1,1.349,-0.121,1.73,1
2024-01-01 20:41:00,DIE-004,8850,760.6,84.51,8.2,1568.7,1.373,-0.104,1.806,1
2024-01-01 20:42:00,DIE-004,8861,754.4,84.21,8.19,1588.5,1.376,-0.104,1.795,1
2024-01-01 20:43:00,DIE-004,8869,742.2,84.49,8.11,1600.3,1.309,-0.09,1.753,1
2024-01-01 20:44:00,DIE-004,8877,739.6,85,8.15,1580.9,1.344,-0.095,1.771,1
2024-01-01 20:45:00,DIE-004,8885,737.6,84.75,8.22,1565.9,1.324,-0.092,1.804,1
2024-01-01 20:46:00,DIE-004,8893,733.3,84.7,8.27,1568.6,1.333,-0.08,1.788,1
2024-01-01 20:47:00,DIE-004,8901,740.3,84.38,8.38,1553.9,1.315,-0.072,1.808,1
2024-01-01 20:48:00,DIE-004,8911,736.2,84.23,8.31,1532.3,1.257,-0.038,1.789,1
2024-01-01 20:49:00,DIE-004,8922,737.3,84.18,8.32,1527.0,1.226,-0.066,1.751,1
2024-01-01 20:50:00,DIE-004,8933,735.8,84.09,8.36,1504.3,1.228,-0.067,1.782,1
2024-01-01 20:51:00,DIE-004,8943,734.7,83.83,8.42,1483.4,1.215,-0.099,1.766,1
2024-01-01 20:52:00,DIE-004,8951,740.2,83.77,8.38,1468.3,1.259,-0.108,1.8,1
2024-01-01 20:53:00,DIE-004,8963,739.7,83.84,8.43,1465.1,1.234,-0.098,1.781,1
2024-01-01 20:54:00,DIE-004,8974,744.4,84.12,8.48,1477.2,1.192,-0.097,1.801,1
2024-01-01 20:55:00,DIE-004,8986,734.7,83.64,8.58,1476.1,1.228,-0.128,1.818,1
2024-01-01 20:56:00,DIE-004,8997,727.9,83.29,8.44,1446.3,1.227,-0.146,1.848,1
2024-01-01 20:57:00,DIE-004,9006,720.3,83.37,8.52,1446.0,1.262,-0.119,1.857,1
2024-01-01 20:58:00,DIE-004,9016,725.0,83.58,8.48,1449.2,1.231,-0.139,1.849,1
2024-01-01 20:59:00,DIE-004,9028,734.4,83.47,8.43,1452.3,1.287,-0.141,1.855,1
2024-01-01 21:00:00,DIE-004,9039,735.9,83.2,8.25,1440.4,1.293,-0.164,1.877,1
2024-01-01 21:01:00,DIE-004,9048,736.1,83.43,8.34,1458.0,1.269,-0.153,1.915,1
2024-01-01 21:02:00,DIE-004,9057,732.0,83.73,8.44,1455.2,1.259,-0.169,1.921,1
2024-01-01 21:03:00,DIE-004,9068,726.4,84.07,8.64,1459.8,1.247,-0.127,1.922,1
2024-01-01 21:04:00,DIE-004,9077,733.2,85,8.64,1463.4,1.304,-0.106,1.944,1
2024-01-01 21:05:00,DIE-004,9089,729.6,85,8.74,1452.6,1.273,-0.101,1.968,1
2024-01-01 21:06:00,DIE-004,9100,722.6,85,8.72,1495.4,1.293,-0.143,2.0,1
2024-01-01 21:07:00,DIE-004,9109,716.3,85,8.87,1506.7,1.328,-0.131,1.965,1
2024-01-01 21:08:00,DIE-004,9120,715.9,85,8.89,1510.7,1.379,-0.138,1.97,1
2024-01-01 21:09:00,DIE-004,9128,714.2,85,8.9,1494.8,1.397,-0.168,1.96,1
2024-01-01 21:10:00,DIE-004,9140,711.8,85,8.96,1493.1,1.43,-0.183,1.947,1
2024-01-01 21:11:00,DIE-004,9149,709.3,85,8.96,1499.4,1.432,-0.184,2.01,1
2024-01-01 21:12:00,DIE-004,9160,712.5,84.78,8.94,1483.1,1.366,-0.205,2.064,1
2024-01-01 21:13:00,DIE-004,9170,713.8,84.53,8.82,1477.1,1.328,-0.196,2.095,1
2024-01-01 21:14:00,DIE-004,9181,717.4,84.26,8.73,1484.0,1.272,-0.193,2.127,1
2024-01-01 21:15:00,DIE-004,9189,714.2,84.84,8.7,1485.7,1.335,-0.158,2.099,1
2024-01-01 21:16:00,DIE-004,9201,716.7,85,8.62,1489.1,1.305,-0.177,2.086,1
2024-01-01 21:17:00,DIE-004,9210,723.8,85,8.59,1474.1,1.33,-0.132,2.09,1
2024-01-01 21:18:00,DIE-004,9222,723.9,85,8.47,1462.1,1.284,-0.156,2.106,1
2024-01-01 21:19:00,DIE-004,9230,720.0,85,8.41,1423.1,1.286,-0.19,2.097,1
2024-01-01 21:20:00,DIE-004,9240,712.4,85,8.36,1422.4,1.317,-0.189,2.112,1
2024-01-01 21:21:00,DIE-004,9249,708.5,84.35,8.43,1410.0,1.265,-0.172,2.113,1
2024-01-01 21:22:00,DIE-004,9259,704.4,84.11,8.32,1408.2,1.295,-0.135,2.061,1
2024-01-01 21:23:00,DIE-004,9268,701.3,84.37,8.18,1412.0,1.266,-0.135,2.048,1
2024-01-01 21:24:00,DIE-004,9279,701.1,84.09,8.07,1392.2,1.387,-0.156,2.078,1
2024-01-01 21:25:00,DIE-004,9291,697.1,85,8,1389.4,1.383,-0.102,2.075,1
2024-01-01 21:26:00,DIE-004,9299,686.9,85,8,1400.8,1.393,-0.113,2.037,1
2024-01-01 21:27:00,DIE-004,9307,681.0,85,8,1411.6,1.343,-0.091,2.013,1
2024-01-01 21:28:00,DIE-004,9319,678.2,84.74,8.01,1414.6,1.275,-0.116,2.037,1
2024-01-01 21:29:00,DIE-004,9330,675.7,84.18,8.17,1418.2,1.273,-0.137,2.014,1
2024-01-01 21:30:00,DIE-004,9340,674.3,84.96,8.22,1421.7,1.185,-0.127,2.03,1
2024-01-01 21:31:00,DIE-004,9352,674.8,84.93,8.25,1434.9,1.18,-0.117,2.032,1
2024-01-01 21:32:00,DIE-004,9360,671.6,84.59,8.21,1410.9,1.166,-0.135,1.978,1
2024-01-01 21:33:00,DIE-004,9368,670.6,84.41,8.36,1411.6,1.156,-0.131,2.057,1
2024-01-01 21:34:00,DIE-004,9378,669.4,84.8,8.19,1422.3,1.113,-0.105,2.024,1
2024-01-01 21:35:00,DIE-004,9387,669.9,84.46,8.14,1422.1,1.082,-0.111,1.982,1
2024-01-01 21:36:00,DIE-004,9397,670.7,85,8.12,1426.6,1.094,-0.101,1.96,1
2024-01-01 21:37:00,DIE-004,9406,663.0,84.78,8.14,1436.1,1.122,-0.079,1.951,1
2024-01-01 21:38:00,DIE-004,9415,666.3,84.58,8.06,1439.3,1.073,-0.083,1.946,1
2024-01-01 21:39:00,DIE-004,9425,661.8,84.41,8.03,1446.5,1.065,-0.111,1.969,1
2024-01-01 21:40:00,DIE-004,9437,659.8,84.79,8.02,1430.0,1.123,-0.09,2.015,1
2024-01-01 21:41:00,DIE-004,9447,660.6,84.54,8.02,1427.9,1.04,-0.071,1.975,1
2024-01-01 21:42:00,DIE-004,9459,654.0,84.37,8,1450.9,1.126,-0.06,2.044,1
2024-01-01 21:43:00,DIE-004,9470,656.0,84.13,8,1455.2,1.073,-0.046,1.977,1
2024-01-01 21:44:00,DIE-004,9480,659.8,83.84,8.03,1457.7,1.074,-0.056,1.996,1
2024-01-01 21:45:00,DIE-004,9490,664.2,83.71,8.16,1440.9,1.088,-0.076,1.997,1
2024-01-01 21:46:00,DIE-004,9499,657.1,84.39,8.2,1448.0,1.014,-0.063,1.992,1
2024-01-01 21:47:00,DIE-004,9508,648.0,84.02,8.21,1465.0,1.025,-0.073,1.933,1
2024-01-01 21:48:00,DIE-004,9518,644.7,83.9,8.26,1448.1,1.021,-0.095,1.929,1
2024-01-01 21:49:00,DIE-004,9526,652.7,83.79,8.27,1442.0,0.989,-0.129,1.956,1
2024-01-01 21:50:00,DIE-004,9534,655.4,84.18,8.31,1473.8,1.051,-0.144,1.935,1
2024-01-01 21:51:00,DIE-004,9542,657.0,84.11,8.33,1488.4,1.108,-0.137,1.948,1
2024-01-01 21:52:00,DIE-004,9553,654.4,84.35,8.39,1493.1,1.095,-0.13,1.932,1
2024-01-01 21:53:00,DIE-004,9564,651.5,84.9,8.33,1506.1,1.106,-0.113,1.925,1
2024-01-01 21:54:00,DIE-004,9573,652.6,84.62,8.28,1496.7,1.15,-0.152,1.949,1
2024-01-01 21:55:00,DIE-004,9584,640.7,85,8.27,1491.4,1.127,-0.14,1.883,1
2024-01-01 21:56:00,DIE-004,9595,637.6,84.32,8.19,1500.6,1.063,-0.153,1.881,1
2024-01-01 21:57:00,DIE-004,9607,638.1,84.8,8.24,1500.9,1.05,-0.146,1.913,1
2024-01-01 21:58:00,DIE-004,9617,644.5,84.55,8.11,1491.6,1.103,-0.128,1.892,1
2024-01-01 21:59:00,DIE-004,9628,645.4,83.85,8.05,1495.3,1.048,-0.089,1.879,1
2024-01-01 22:00:00,DIE-004,9639,651.8,83.97,8.15,1491.1,1.011,-0.089,1.843,1
2024-01-01 22:01:00,DIE-004,9647,639.2,83.49,8.25,1472.0,0.994,-0.073,1.859,1
2024-01-01 22:02:00,DIE-004,9656,640.6,83.7,8.25,1475.8,0.978,-0.103,1.854,1
2024-01-01 22:03:00,DIE-004,9668,632.8,83.27,8.29,1507.5,1.001,-0.124,1.8,1
2024-01-01 22:04:00,DIE-004,9680,627.8,83.11,8.34,1526.6,1.05,-0.131,1.772,1
2024-01-01 22:05:00,DIE-004,9690,623.7,83.52,8.32,1547.1,1.089,-0.128,1.74,1
2024-01-01 22:06:00,DIE-004,9699,623.6,83.2,8.34,1540.3,1.118,-0.128,1.727,1
2024-01-01 22:07:00,DIE-004,9709,623.5,83.47,8.47,1524.6,1.137,-0.106,1.772,1
2024-01-01 22:08:00,DIE-004,9719,623.3,83.57,8.37,1529.0,1.144,-0.14,1.775,1
2024-01-01 22:09:00,DIE-004,9730,616.5,83.21,8.41,1531.9,1.109,-0.114,1.8,1
2024-01-01 22:10:00,DIE-004,9741,607.3,83.48,8.4,1551.1,1.091,-0.091,1.787,1
2024-01-01 22:11:00,DIE-004,9751,603.7,83.07,8.47,1570.4,1.085,-0.096,1.765,1
2024-01-01 22:12:00,DIE-004,9761,601.1,83.45,8.46,1578.2,1.081,-0.098,1.782,1
2024-01-01 22:13:00,DIE-004,9773,605.1,83.49,8.3,1603.4,1.053,-0.103,1.856,1
2024-01-01 22:14:00,DIE-004,9784,600,83.87,8.31,1598.3,1.1,-0.121,1.8,1
2024-01-01 22:15:00,DIE-004,9796,600,83.91,8.27,1587.2,1.051,-0.093,1.794,1
2024-01-01 22:16:00,DIE-004,9806,600,84.22,8.28,1591.7,1.022,-0.09,1.78,1
2024-01-01 22:17:00,DIE-004,9814,600,84.82,8.26,1608.3,1.041,-0.107,1.781,1
2024-01-01 22:18:00,DIE-004,9826,605.7,84.71,8.27,1642.7,1.049,-0.124,1.741,1
2024-01-01 22:19:00,DIE-004,9836,611.6,84.51,8.19,1620.3,1.093,-0.075,1.698,1
2024-01-01 22:20:00,DIE-004,9847,605.2,84.51,8.36,1620.8,1.053,-0.042,1.719,1
2024-01-01 22:21:00,DIE-004,9858,608.9,84.33,8.31,1620.1,1.107,-0.038,1.749,1
2024-01-01 22:22:00,DIE-004,9867,609.6,84.42,8.26,1626.2,1.083,-0.032,1.749,1
2024-01-01 22:23:00,DIE-004,9875,613.4,84.63,8.27,1643.9,1.077,-0.053,1.76,1
2024-01-01 22:24:00,DIE-004,9883,615.2,84.47,8.27,1650.2,1.03,-0.065,1.716,1
2024-01-01 22:25:00,DIE-004,9891,613.9,84.61,8.2,1642.5,1.009,-0.081,1.77,1
2024-01-01 22:26:00,DIE-004,9901,616.0,84.66,8.19,1652.2,1.02,-0.069,1.714,1
2024-01-01 22:27:00,DIE-004,9912,612.1,84.99,8.14,1661.8,1.019,-0.096,1.717,1
2024-01-01 22:28:00,DIE-004,9920,612.6,84.78,8.15,1668.2,0.945,-0.07,1.715,1
2024-01-01 22:29:00,DIE-004,9928,606.7,84.75,8.06,1676.6,0.951,-0.089,1.693,1
2024-01-01 22:30:00,DIE-004,9938,600,84.94,8.09,1643.5,0.891,-0.106,1.667,1
2024-01-01 22:31:00,DIE-004,9948,605.2,85,8.02,1639.5,0.855,-0.112,1.658,1
2024-01-01 22:32:00,DIE-004,9956,606.3,84.74,8.1,1629.4,0.867,-0.096,1.686,1
2024-01-01 22:33:00,DIE-004,9967,601.1,84.66,8,1622.3,0.888,-0.099,1.688,1
2024-01-01 22:34:00,DIE-004,9976,612.1,83.99,8.08,1634.3,0.853,-0.094,1.739,1
2024-01-01 22:35:00,DIE-004,9984,608.5,83.9,8.16,1642.8,0.849,-0.095,1.751,1
2024-01-01 22:36:00,DIE-004,9993,604.9,84.01,8.23,1650.9,0.814,-0.085,1.772,1
2024-01-01 22:37:00,DIE-004,10004,605.9,84.36,8.28,1639.8,0.852,-0.094,1.78,1
2024-01-01 22:38:00,DIE-004,10015,603.8,84.69,8.11,1656.8,0.899,-0.113,1.728,1
2024-01-01 22:39:00,DIE-004,10023,609.7,85,8.21,1658.2,0.902,-0.071,1.712,1
2024-01-01 06:00:00,DIE-005,11,848.6,44.96,11.94,1193.7,0.866,-0.009,2.512,0
2024-01-01 06:01:00,DIE-005,23,848.2,45.29,11.98,1207.6,0.827,0.011,2.438,0
2024-01-01 06:02:00,DIE-005,33,849.2,45.05,12.03,1183.6,0.833,0.009,2.454,0
2024-01-01 06:03:00,DIE-005,43,846.2,44.99,11.9,1213.4,0.817,-0.011,2.47,0
2024-01-01 06:04:00,DIE-005,51,851.5,44.67,11.96,1241.0,0.809,-0.025,2.481,0
2024-01-01 06:05:00,DIE-005,61,854.0,44.25,12.01,1223.5,0.889,-0.03,2.494,0
2024-01-01 06:06:00,DIE-005,69,854.8,44.33,12.14,1234.4,0.918,-0.039,2.482,0
2024-01-01 06:07:00,DIE-005,79,860.4,44.78,12.2,1239.9,0.955,-0.049,2.499,0
2024-01-01 06:08:00,DIE-005,90,861.5,45.06,12.15,1261.4,0.932,-0.037,2.44,0
2024-01-01 06:09:00,DIE-005,98,863.6,44.62,12.1,1258.4,0.972,-0.022,2.439,0
2024-01-01 06:10:00,DIE-005,109,870.7,44.74,12.18,1267.9,1.004,-0.051,2.425,0
2024-01-01 06:11:00,DIE-005,118,871.6,44.4,12.28,1254.2,0.968,-0.067,2.376,0
2024-01-01 06:12:00,DIE-005,127,877.7,44.13,12.2,1247.5,0.896,-0.055,2.347,0
2024-01-01 06:13:00,DIE-005,135,876.6,43.61,12.23,1237.5,0.922,-0.014,2.389,0
2024-01-01 06:14:00,DIE-005,144,885.0,43.47,12.24,1262.9,0.935,-0.011,2.372,0
2024-01-01 06:15:00,DIE-005,156,888.9,43.81,12.28,1264.1,0.909,-0.013,2.361,0
2024-01-01 06:16:00,DIE-005,168,891.4,44.62,12.26,1281.3,0.846,-0.016,2.36,0
2024-01-01 06:17:00,DIE-005,179,895.6,44.25,12.36,1257.6,0.779,0.009,2.319,0
2024-01-01 06:18:00,DIE-005,189,885.2,43.85,12.35,1259.9,0.684,0.01,2.297,0
2024-01-01 06:19:00,DIE-005,201,888.4,43.83,12.4,1278.5,0.688,-0.003,2.272,0
2024-01-01 06:20:00,DIE-005,210,882.1,43.99,12.43,1264.5,0.695,-0.058,2.293,0
2024-01-01 06:21:00,DIE-005,218,875.7,44.3,12.49,1266.4,0.689,-0.013,2.355,0
2024-01-01 06:22:00,DIE-005,227,875.3,44.32,12.43,1250.3,0.691,-0.014,2.314,0
2024-01-01 06:23:00,DIE-005,235,872.8,44.57,12.45,1265.4,0.737,-0.027,2.282,0
2024-01-01 06:24:00,DIE-005,245,881.0,44.26,12.4,1249.5,0.692,-0.022,2.272,0
2024-01-01 06:25:00,DIE-005,255,881.0,44.05,12.32,1243.8,0.647,-0.015,2.263,0
2024-01-01 06:26:00,DIE-005,267,877.3,44.54,12.33,1223.7,0.612,-0.002,2.295,0
2024-01-01 06:27:00,DIE-005,277,876.1,44.91,12.32,1217.2,0.564,0.018,2.321,0
2024-01-01 06:28:00,DIE-005,286,878.8,45.21,12.38,1190.7,0.601,0.015,2.325,0
2024-01-01 06:29:00,DIE-005,298,890.3,45.75,12.33,1197.8,0.539,0.02,2.285,0
2024-01-01 06:30:00,DIE-005,308,895.9,45.88,12.4,1208.2,0.532,0.056,2.242,0
2024-01-01 06:31:00,DIE-005,317,894.8,45.75,12.43,1213.2,0.546,0.054,2.219,0
2024-01-01 06:32:00,DIE-005,328,898.6,45.64,12.38,1216.5,0.582,0.033,2.187,0
2024-01-01 06:33:00,DIE-005,338,893.3,45.44,12.32,1202.4,0.574,0.012,2.162,0
2024-01-01 06:34:00,DIE-005,346,894.6,45.64,12.35,1203.8,0.593,0.042,2.187,0
2024-01-01 06:35:00,DIE-005,358,891.3,45.92,12.41,1184.1,0.596,-0.005,2.155,0
2024-01-01 06:36:00,DIE-005,370,893.1,46.28,12.38,1174.8,0.656,0.011,2.134,0
2024-01-01 06:37:00,DIE-005,380,893.5,45.97,12.31,1150.4,0.65,0.015,2.106,0
2024-01-01 06:38:00,DIE-005,389,891.4,46.29,12.26,1154.6,0.689,0.037,2.118,0
2024-01-01 06:39:00,DIE-005,399,879.0,46.08,12.27,1158.0,0.711,0.012,2.094,0
2024-01-01 06:40:00,DIE-005,408,877.8,46.45,12.17,1163.8,0.721,0.021,2.083,0
2024-01-01 06:41:00,DIE-005,419,876.9,46.09,12.16,1188.1,0.692,0.007,2.073,0
2024-01-01 06:42:00,DIE-005,430,871.0,46.57,12.12,1177.6,0.752,0.0,2.038,0
2024-01-01 06:43:00,DIE-005,442,871.1,46.87,12.15,1184.6,0.761,-0.005,2.063,0
2024-01-01 06:44:00,DIE-005,452,872.2,47.16,12.18,1181.8,0.744,-0.027,2.102,0
2024-01-01 06:45:00,DIE-005,463,873.5,47.46,12.27,1157.6,0.738,-0.017,2.139,0
2024-01-01 06:46:00,DIE-005,473,869.0,47.58,12.13,1172.9,0.737,-0.004,2.169,0
2024-01-01 06:47:00,DIE-005,484,872.7,48.3,12.11,1160.0,0.729,-0.031,2.199,0
2024-01-01 06:48:00,DIE-005,493,873.7,47.77,12.16,1154.0,0.784,-0.009,2.222,0
2024-01-01 06:49:00,DIE-005,504,875.4,47.87,12.06,1153.4,0.81,-0.014,2.261,0
2024-01-01 06:50:00,DIE-005,512,875.6,47.86,12.14,1131.7,0.728,-0.015,2.23,0
2024-01-01 06:51:00,DIE-005,524,871.1,47.69,12.1,1148.0,0.792,-0.025,2.214,0
2024-01-01 06:52:00,DIE-005,535,875.4,47.63,11.96,1143.2,0.805,-0.031,2.254,0
2024-01-01 06:53:00,DIE-005,543,879.6,47.83,11.91,1139.8,0.814,0.015,2.3,0
2024-01-01 06:54:00,DIE-005,554,877.0,48.74,11.88,1126.1,0.784,0.06,2.32,0
2024-01-01 06:55:00,DIE-005,563,874.8,48.99,11.88,1133.9,0.804,0.051,2.269,0
2024-01-01 06:56:00,DIE-005,575,874.0,48.75,11.82,1117.2,0.88,0.052,2.297,0
2024-01-01 06:57:00,DIE-005,585,876.7,48.8,11.9,1145.9,0.834,0.067,2.232,0
2024-01-01 06:58:00,DIE-005,595,875.2,48.83,11.86,1132.6,0.842,0.052,2.179,0
2024-01-01 06:59:00,DIE-005,603,871.0,49.32,11.89,1133.7,0.823,0.056,2.194,0
2024-01-01 07:00:00,DIE-005,613,865.4,48.92,11.89,1133.3,0.839,0.071,2.215,0
2024-01-01 07:01:00,DIE-005,621,868.3,48.91,11.91,1120.7,0.812,0.067,2.204,0
2024-01-01 07:02:00,DIE-005,631,867.9,49.25,11.87,1106.5,0.767,0.094,2.222,0
2024-01-01 07:03:00,DIE-005,643,871.4,49.37,11.84,1125.6,0.732,0.113,2.195,0
2024-01-01 07:04:00,DIE-005,654,870.0,49.3,11.78,1137.8,0.739,0.119,2.172,0
2024-01-01 07:05:00,DIE-005,664,877.2,49.18,11.75,1149.6,0.665,0.113,2.161,0
2024-01-01 07:06:00,DIE-005,674,880.7,49.7,11.68,1138.4,0.657,0.129,2.161,0
2024-01-01 07:07:00,DIE-005,686,877.2,50.38,11.65,1122.8,0.689,0.133,2.175,0
2024-01-01 07:08:00,DIE-005,695,874.8,50.58,11.77,1107.0,0.693,0.128,2.115,0
2024-01-01 07:09:00,DIE-005,704,878.0,51.47,11.83,1092.9,0.644,0.077,2.148,0
2024-01-01 07:10:00,DIE-005,716,882.8,51.45,11.78,1102.4,0.688,0.088,2.079,0
2024-01-01 07:11:00,DIE-005,728,885.5,51.95,11.86,1080.9,0.704,0.135,2.056,0
2024-01-01 07:12:00,DIE-005,739,884.0,52.32,11.84,1075.0,0.733,0.125,2.07,0
2024-01-01 07:13:00,DIE-005,751,876.4,51.92,11.7,1079.4,0.741,0.121,2.085,0
2024-01-01 07:14:00,DIE-005,759,870.4,52.58,11.65,1077.5,0.774,0.118,2.017,0
2024-01-01 07:15:00,DIE-005,767,867.3,52.63,11.61,1073.9,0.709,0.117,2.036,0
2024-01-01 07:16:00,DIE-005,778,865.3,52.73,11.61,1100.0,0.731,0.118,2.037,0
2024-01-01 07:17:00,DIE-005,788,874.8,53.08,11.7,1096.0,0.735,0.099,2.046,0
2024-01-01 07:18:00,DIE-005,798,875.7,52.61,11.68,1074.4,0.696,0.077,2.015,0
2024-01-01 07:19:00,DIE-005,809,872.4,52.46,11.51,1061.4,0.797,0.064,1.954,0
2024-01-01 07:20:00,DIE-005,820,869.8,52.55,11.63,1066.8,0.812,0.079,1.952,0
2024-01-01 07:21:00,DIE-005,829,868.8,52.37,11.47,1062.8,0.823,0.065,1.901,0
2024-01-01 07:22:00,DIE-005,841,867.5,51.99,11.53,1056.7,0.718,0.078,1.89,0
2024-01-01 07:23:00,DIE-005,851,870.2,52.03,11.55,1056.0,0.658,0.049,1.881,0
2024-01-01 07:24:00,DIE-005,863,877.9,53.39,11.44,1065.6,0.66,0.017,1.858,0
2024-01-01 07:25:00,DIE-005,872,875.8,53.57,11.55,1068.7,0.637,0.041,1.841,0
2024-01-01 07:26:00,DIE-005,883,867.9,52.8,11.45,1050.2,0.581,0.048,1.807,0
2024-01-01 07:27:00,DIE-005,891,867.3,52.79,11.57,1053.8,0.667,0.02,1.819,0
2024-01-01 07:28:00,DIE-005,899,860.6,52.8,11.54,1051.1,0.703,0.031,1.802,0
2024-01-01 07:29:00,DIE-005,907,859.0,52.67,11.48,1044.6,0.745,0.033,1.803,0
2024-01-01 07:30:00,DIE-005,918,875.8,52.61,11.58,1045.0,0.796,0.034,1.86,0
2024-01-01 07:31:00,DIE-005,930,870.6,52.58,11.68,1019.7,0.739,0.04,1.886,0
2024-01-01 07:32:00,DIE-005,941,862.8,52.64,11.56,1032.8,0.746,0.086,1.911,0
2024-01-01 07:33:00,DIE-005,951,852.6,53.34,11.62,1032.3,0.778,0.065,1.949,0
2024-01-01 07:34:00,DIE-005,960,857.9,53.11,11.6,1040.7,0.793,0.055,1.976,0
2024-01-01 07:35:00,DIE-005,968,858.9,53.08,11.62,1021.9,0.824,0.027,2.029,0
2024-01-01 07:36:00,DIE-005,976,863.9,53.23,11.61,1028.6,0.833,0.067,2.049,0
2024-01-01 07:37:00,DIE-005,986,862.4,53.3,11.6,1043.3,0.781,0.066,2.084,0
2024-01-01 07:38:00,DIE-005,997,870.5,52.8,11.64,1052.4,0.727,0.081,2.113,0
2024-01-01 07:39:00,DIE-005,1008,863.2,53.55,11.49,1062.3,0.726,0.11,2.1,0
2024-01-01 07:40:00,DIE-005,1017,859.0,53.26,11.51,1067.1,0.791,0.124,2.059,0
2024-01-01 07:41:00,DIE-005,1029,857.8,53.34,11.44,1081.5,0.745,0.122,2.001,0
2024-01-01 07:42:00,DIE-005,1039,866.7,52.72,11.56,1103.7,0.713,0.128,1.981,0
2024-01-01 07:43:00,DIE-005,1050,864.9,53.02,11.53,1121.1,0.741,0.142,1.975,0
2024-01-01 07:44:00,DIE-005,1058,878.3,52.29,11.48,1120.9,0.746,0.179,1.972,0
2024-01-01 07:45:00,DIE-005,1070,873.8,52.83,11.4,1131.7,0.75,0.187,1.966,0
2024-01-01 07:46:00,DIE-005,1078,874.0,53.32,11.33,1127.5,0.76,0.19,1.977,0
2024-01-01 07:47:00,DIE-005,1087,874.5,53.19,11.45,1133.8,0.762,0.214,1.987,0
2024-01-01 07:48:00,DIE-005,1098,881.1,53.49,11.36,1136.8,0.769,0.201,1.988,0
2024-01-01 07:49:00,DIE-005,1110,877.0,52.85,11.29,1143.1,0.747,0.204,1.993,0
2024-01-01 07:50:00,DIE-005,1119,872.5,52.47,11.29,1167.1,0.74,0.214,2.02,0
2024-01-01 07:51:00,DIE-005,1127,873.8,52.66,11.22,1162.8,0.749,0.207,2.01,0
2024-01-01 07:52:00,DIE-005,1135,874.2,53.12,11.31,1158.7,0.745,0.213,1.929,0
2024-01-01 07:53:00,DIE-005,1144,876.6,53.11,11.27,1163.0,0.846,0.178,1.957,0
2024-01-01 07:54:00,DIE-005,1155,878.0,53.31,11.17,1181.1,0.828,0.143,1.916,0
2024-01-01 07:55:00,DIE-005,1167,873.1,52.79,11.13,1204.3,0.787,0.12,1.918,0
2024-01-01 07:56:00,DIE-005,1178,881.8,52.47,11.15,1221.1,0.775,0.111,1.926,0
2024-01-01 07:57:00,DIE-005,1190,887.8,52.83,11.14,1200.6,0.79,0.12,1.947,0
2024-01-01 07:58:00,DIE-005,1201,888.4,53.23,11.18,1208.3,0.765,0.14,1.996,0
2024-01-01 07:59:00,DIE-005,1209,884.5,52.87,11.07,1213.3,0.74,0.159,2.021,0
2024-01-01 08:00:00,DIE-005,1217,871.0,53.04,10.99,1191.6,0.738,0.153,1.983,0
2024-01-01 08:01:00,DIE-005,1227,864.6,53.7,10.89,1170.8,0.735,0.161,1.976,0
2024-01-01 08:02:00,DIE-005,1239,862.2,53.63,10.86,1176.0,0.714,0.174,1.969,0
2024-01-01 08:03:00,DIE-005,1248,865.3,53.41,10.81,1170.0,0.683,0.194,1.975,0
2024-01-01 08:04:00,DIE-005,1260,863.3,53.95,10.77,1172.2,0.725,0.201,1.941,0
2024-01-01 08:05:00,DIE-005,1269,856.9,53.53,10.8,1181.2,0.781,0.184,1.978,0
2024-01-01 08:06:00,DIE-005,1279,855.2,53.03,10.77,1170.7,0.853,0.169,1.911,0
2024-01-01 08:07:00,DIE-005,1291,858.9,53.02,10.66,1148.3,0.87,0.145,1.91,0
2024-01-01 08:08:00,DIE-005,1303,861.6,53.07,10.63,1124.6,0.941,0.139,1.911,0
2024-01-01 08:09:00,DIE-005,1311,860.3,53.01,10.64,1107.4,0.862,0.172,1.917,0
2024-01-01 08:10:00,DIE-005,1321,847.1,53.2,10.78,1105.3,0.857,0.181,1.876,0
2024-01-01 08:11:00,DIE-005,1333,849.7,53.06,10.62,1098.7,0.951,0.212,1.882,0
2024-01-01 08:12:00,DIE-005,1343,844.8,53.08,10.69,1106.4,0.972,0.208,1.835,0
2024-01-01 08:13:00,DIE-005,1353,848.3,53.69,10.51,1117.2,0.983,0.187,1.825,0
2024-01-01 08:14:00,DIE-005,1361,853.0,52.79,10.42,1117.0,1.013,0.188,1.801,0
2024-01-01 08:15:00,DIE-005,1371,860.7,52.79,10.37,1117.5,0.969,0.214,1.844,0
2024-01-01 08:16:00,DIE-005,1382,861.6,52.43,10.3,1106.2,1.011,0.197,1.848,0
2024-01-01 08:17:00,DIE-005,1391,860.0,52.5,10.28,1109.4,0.983,0.232,1.842,0
2024-01-01 08:18:00,DIE-005,1402,852.7,52.07,10.18,1109.4,1.009,0.248,1.82,0
2024-01-01 08:19:00,DIE-005,1410,850.9,52.13,10.27,1137.0,1.066,0.252,1.833,0
2024-01-01 08:20:00,DIE-005,1421,851.3,51.95,10.29,1141.8,1.063,0.27,1.812,0
2024-01-01 08:21:00,DIE-005,1433,854.7,52.16,10.25,1137.6,1.075,0.273,1.802,0
2024-01-01 08:22:00,DIE-005,1442,853.2,53.17,10.2,1140.1,1.096,0.257,1.769,0
2024-01-01 08:23:00,DIE-005,1452,858.4,54.05,10.22,1162.5,1.083,0.26,1.785,0
2024-01-01 08:24:00,DIE-005,1460,863.7,53.78,10.23,1168.2,1.073,0.268,1.821,0
2024-01-01 08:25:00,DIE-005,1468,866.4,53.87,10.22,1175.1,1.075,0.266,1.778,0
2024-01-01 08:26:00,DIE-005,1477,867.6,54.06,10.25,1168.3,1.109,0.264,1.809,0
2024-01-01 08:27:00,DIE-005,1488,876.2,53.66,10.09,1168.2,1.07,0.268,1.831,0
2024-01-01 08:28:00,DIE-005,1497,874.1,54.2,10.15,1179.0,1.104,0.265,1.835,0
2024-01-01 08:29:00,DIE-005,1509,867.6,54.11,10.27,1159.0,1.136,0.226,1.823,0
2024-01-01 08:30:00,DIE-005,1519,865.5,54.66,10.29,1128.6,1.114,0.224,1.776,0
2024-01-01 08:31:00,DIE-005,1531,864.0,54.47,10.37,1126.1,1.169,0.236,1.736,0
2024-01-01 08:32:00,DIE-005,1539,865.3,54.86,10.4,1144.0,1.106,0.215,1.69,0
2024-01-01 08:33:00,DIE-005,1549,864.8,55.19,10.37,1130.5,1.102,0.236,1.674,0
2024-01-01 08:34:00,DIE-005,1557,870.3,54.89,10.26,1129.5,1.144,0.217,1.654,0
2024-01-01 08:35:00,DIE-005,1567,871.3,55.22,10.12,1141.5,1.124,0.211,1.7,0
2024-01-01 08:36:00,DIE-005,1578,867.5,55.4,10.13,1129.7,1.069,0.234,1.701,0
2024-01-01 08:37:00,DIE-005,1588,871.8,55.59,10.1,1149.1,1.072,0.266,1.652,0
2024-01-01 08:38:00,DIE-005,1599,870.2,56.15,10.22,1143.6,1.047,0.28,1.661,0
2024-01-01 08:39:00,DIE-005,1608,875.6,56.47,10.08,1113.6,1.014,0.299,1.628,0
2024-01-01 08:40:00,DIE-005,1619,877.9,56.65,10.2,1135.2,1.013,0.322,1.643,0
2024-01-01 08:41:00,DIE-005,1629,874.9,56.73,10.09,1159.5,1.031,0.357,1.664,0
2024-01-01 08:42:00,DIE-005,1641,880.5,56.31,10.16,1175.9,1.031,0.362,1.636,0
2024-01-01 08:43:00,DIE-005,1650,878.6,55.85,10.31,1182.3,0.97,0.359,1.651,0
2024-01-01 08:44:00,DIE-005,1661,879.1,55.73,10.23,1198.0,0.978,0.389,1.637,0
2024-01-01 08:45:00,DIE-005,1670,872.9,55.64,10.13,1208.6,0.965,0.388,1.654,0
2024-01-01 08:46:00,DIE-005,1682,870.3,55.69,10.21,1201.4,0.976,0.365,1.687,0
2024-01-01 08:47:00,DIE-005,1692,866.8,55.47,10.33,1181.7,0.935,0.348,1.72,0
2024-01-01 08:48:00,DIE-005,1703,865.7,54.81,10.39,1203.0,0.928,0.325,1.752,0
2024-01-01 08:49:00,DIE-005,1712,860.4,54.79,10.4,1207.0,1.005,0.339,1.742,0
2024-01-01 08:50:00,DIE-005,1720,863.9,55.4,10.44,1235.8,1.044,0.328,1.767,0
2024-01-01 08:51:00,DIE-005,1730,867.0,55.39,10.31,1235.1,1.056,0.325,1.737,0
2024-01-01 08:52:00,DIE-005,1740,869.4,55.68,10.24,1247.5,1.155,0.311,1.695,0
2024-01-01 08:53:00,DIE-005,1749,879.0,55.3,10.22,1272.6,1.172,0.304,1.737,0
2024-01-01 08:54:00,DIE-005,1761,873.5,56.01,10.42,1255.6,1.213,0.297,1.765,0
2024-01-01 08:55:00,DIE-005,1772,871.3,56.23,10.37,1246.3,1.188,0.293,1.831,0
2024-01-01 08:56:00,DIE-005,1781,878.2,55.21,10.25,1252.8,1.217,0.309,1.871,0
2024-01-01 08:57:00,DIE-005,1793,876.6,55.65,10.38,1250.3,1.226,0.309,1.872,0
2024-01-01 08:58:00,DIE-005,1804,876.7,55.66,10.42,1270.1,1.225,0.377,1.798,0
2024-01-01 08:59:00,DIE-005,1816,875.0,55.61,10.36,1277.2,1.152,0.382,1.832,0
2024-01-01 09:00:00,DIE-005,1826,879.6,55.57,10.37,1279.4,1.173,0.405,1.822,0
2024-01-01 09:01:00,DIE-005,1837,878.9,55.9,10.49,1266.5,1.158,0.392,1.825,0
2024-01-01 09:02:00,DIE-005,1846,869.4,56.28,10.52,1262.5,1.189,0.408,1.85,0
2024-01-01 09:03:00,DIE-005,1854,880.7,56.48,10.42,1302.0,1.224,0.425,1.889,0
2024-01-01 09:04:00,DIE-005,1864,873.4,56.23,10.39,1284.7,1.17,0.441,1.899,0
2024-01-01 09:05:00,DIE-005,1873,873.4,56.7,10.48,1280.3,1.158,0.46,1.941,0
2024-01-01 09:06:00,DIE-005,1885,866.2,56.58,10.47,1289.6,1.111,0.443,1.927,0
2024-01-01 09:07:00,DIE-005,1893,870.8,56.99,10.51,1300.1,1.043,0.479,1.892,0
2024-01-01 09:08:00,DIE-005,1905,868.6,56.26,10.57,1309.5,1.046,0.474,1.895,0
2024-01-01 09:09:00,DIE-005,1917,869.4,56.35,10.56,1308.4,1.047,0.437,1.851,0
2024-01-01 09:10:00,DIE-005,1928,867.8,56.78,10.58,1296.7,1.135,0.421,1.886,0
2024-01-01 09:11:00,DIE-005,1940,869.5,56.49,10.64,1270.7,1.128,0.408,1.926,0
2024-01-01 09:12:00,DIE-005,1950,870.0,56.7,10.56,1292.0,1.124,0.413,1.878,0
2024-01-01 09:13:00,DIE-005,1959,862.6,57.24,10.52,1275.8,1.082,0.422,1.892,0
2024-01-01 09:14:00,DIE-005,1970,864.8,57.41,10.57,1269.2,1.078,0.417,1.91,0
2024-01-01 09:15:00,DIE-005,1982,854.1,57.56,10.69,1288.6,1.047,0.4,1.849,0
2024-01-01 09:16:00,DIE-005,1991,862.1,58.29,10.69,1298.4,1.024,0.439,1.89,0
2024-01-01 09:17:00,DIE-005,1999,853.7,57.78,10.76,1322.1,1.002,0.428,1.906,0
2024-01-01 09:18:00,DIE-005,2007,843.8,58.3,10.61,1310.9,0.96,0.44,1.941,0
2024-01-01 09:19:00,DIE-005,2017,833.6,58.1,10.59,1283.5,0.891,0.457,1.957,0
2024-01-01 09:20:00,DIE-005,2028,830.9,58.38,10.41,1299.3,0.835,0.456,1.938,0
2024-01-01 09:21:00,DIE-005,2040,826.4,58.82,10.38,1293.6,0.838,0.47,1.971,0
2024-01-01 09:22:00,DIE-005,2048,822.8,59.18,10.33,1275.5,0.929,0.47,1.97,0
2024-01-01 09:23:00,DIE-005,2059,826.6,59.09,10.31,1279.8,0.929,0.46,1.956,0
2024-01-01 09:24:00,DIE-005,2069,832.0,59.51,10.24,1284.7,0.827,0.432,2.008,0
2024-01-01 09:25:00,DIE-005,2078,825.7,59.77,10.09,1289.9,0.733,0.442,2.086,0
2024-01-01 09:26:00,DIE-005,2087,822.3,60.04,10.03,1304.6,0.758,0.457,2.067,0
2024-01-01 09:27:00,DIE-005,2095,822.6,60.44,10.08,1330.4,0.77,0.434,2.076,0
2024-01-01 09:28:00,DIE-005,2107,818.8,61.09,10.05,1336.5,0.758,0.452,2.071,0
2024-01-01 09:29:00,DIE-005,2119,819.4,60.69,10.02,1366.9,0.758,0.483,2.044,0
2024-01-01 09:30:00,DIE-005,2128,813.7,61.21,10.01,1357.3,0.784,0.525,2.103,0
2024-01-01 09:31:00,DIE-005,2137,818.6,61.61,9.93,1352.9,0.767,0.504,2.1,0
2024-01-01 09:32:00,DIE-005,2149,817.5,62.67,9.81,1335.1,0.815,0.477,2.103,0
2024-01-01 09:33:00,DIE-005,2160,816.4,63.03,9.73,1347.0,0.82,0.45,2.142,0
2024-01-01 09:34:00,DIE-005,2169,816.5,63.68,9.87,1345.8,0.818,0.442,2.166,0
2024-01-01 09:35:00,DIE-005,2179,812.2,64.16,9.82,1333.5,0.846,0.427,2.13,0
2024-01-01 09:36:00,DIE-005,2190,813.0,65.26,9.77,1336.0,0.879,0.436,2.095,0
2024-01-01 09:37:00,DIE-005,2200,813.8,65.81,9.66,1335.6,0.918,0.415,2.095,0
2024-01-01 09:38:00,DIE-005,2212,818.8,66.57,9.65,1322.9,0.911,0.437,2.081,0
2024-01-01 09:39:00,DIE-005,2220,821.6,66.79,9.78,1308.9,0.882,0.444,2.099,0
2024-01-01 09:40:00,DIE-005,2230,820.4,66.79,9.75,1302.8,0.87,0.418,2.052,0
2024-01-01 09:41:00,DIE-005,2239,815.8,67.38,9.82,1319.3,0.877,0.424,2.034,0
2024-01-01 09:42:00,DIE-005,2248,815.5,67.56,9.78,1283.6,0.873,0.459,1.974,0
2024-01-01 09:43:00,DIE-005,2259,821.0,68.46,9.85,1279.9,0.856,0.487,1.961,0
2024-01-01 09:44:00,DIE-005,2270,817.7,68.9,9.75,1289.8,0.858,0.495,1.998,0
2024-01-01 09:45:00,DIE-005,2280,822.1,68.72,9.84,1263.5,0.862,0.484,1.97,0
2024-01-01 09:46:00,DIE-005,2291,830.5,68.64,9.82,1249.0,0.892,0.467,1.939,0
2024-01-01 09:47:00,DIE-005,2300,834.5,69.46,9.83,1275.3,0.858,0.48,1.964,0
2024-01-01 09:48:00,DIE-005,2310,842.8,69.06,9.9,1281.4,0.845,0.507,1.927,0
2024-01-01 09:49:00,DIE-005,2322,842.1,68.85,9.87,1290.2,0.874,0.507,1.911,0
2024-01-01 09:50:00,DIE-005,2330,835.2,69.33,9.75,1282.5,0.827,0.521,1.88,0
2024-01-01 09:51:00,DIE-005,2339,831.7,69.29,9.68,1281.0,0.818,0.504,1.904,0
2024-01-01 09:52:00,DIE-005,2349,820.8,70.03,9.69,1284.9,0.86,0.538,1.903,1
2024-01-01 09:53:00,DIE-005,2357,822.5,70.0,9.68,1255.6,0.825,0.539,1.909,0
2024-01-01 09:54:00,DIE-005,2365,824.4,70.34,9.72,1247.1,0.862,0.541,1.883,1
2024-01-01 09:55:00,DIE-005,2377,824.3,70.18,9.72,1242.4,0.827,0.533,1.877,1
2024-01-01 09:56:00,DIE-005,2385,823.5,70.81,9.66,1245.4,0.731,0.547,1.88,1
2024-01-01 09:57:00,DIE-005,2396,825.3,71.83,9.62,1250.9,0.776,0.545,1.867,1
2024-01-01 09:58:00,DIE-005,2405,819.1,72.98,9.79,1241.7,0.702,0.561,1.856,1
2024-01-01 09:59:00,DIE-005,2417,816.3,73.08,9.69,1235.7,0.638,0.547,1.864,1
2024-01-01 10:00:00,DIE-005,2428,809.9,72.61,9.63,1255.8,0.688,0.53,1.824,1
2024-01-01 10:01:00,DIE-005,2436,805.0,73.04,9.45,1245.1,0.701,0.506,1.843,1
2024-01-01 10:02:00,DIE-005,2447,794.2,73.78,9.39,1236.9,0.772,0.475,1.836,1
2024-01-01 10:03:00,DIE-005,2457,799.4,74.31,9.31,1228.6,0.758,0.443,1.842,1
2024-01-01 10:04:00,DIE-005,2469,800.6,74.51,9.31,1227.4,0.706,0.405,1.874,1
2024-01-01 10:05:00,DIE-005,2481,793.2,74.82,9.19,1240.4,0.705,0.399,1.829,1
2024-01-01 10:06:00,DIE-005,2490,794.9,74.89,9.27,1235.8,0.722,0.405,1.838,1
2024-01-01 10:07:00,DIE-005,2498,786.0,74.66,9.22,1255.4,0.684,0.378,1.876,1
2024-01-01 10:08:00,DIE-005,2508,783.2,75.07,9.3,1258.7,0.659,0.384,1.886,1
2024-01-01 10:09:00,DIE-005,2518,776.7,75.58,9.31,1261.7,0.678,0.394,1.902,1
2024-01-01 10:10:00,DIE-005,2530,780.1,76.03,9.32,1283.1,0.641,0.439,1.872,1
2024-01-01 10:11:00,DIE-005,2540,776.6,76.61,9.35,1287.6,0.659,0.435,1.897,1
2024-01-01 10:12:00,DIE-005,2550,780.5,76.99,9.55,1291.0,0.607,0.416,1.897,1
2024-01-01 10:13:00,DIE-005,2558,783.7,77.63,9.46,1306.1,0.57,0.405,1.901,1
2024-01-01 10:14:00,DIE-005,2568,795.1,77.93,9.46,1309.3,0.537,0.39,1.932,1
2024-01-01 10:15:00,DIE-005,2577,798.7,77.94,9.35,1311.1,0.629,0.391,1.898,1
2024-01-01 10:16:00,DIE-005,2586,794.1,78.25,9.35,1326.2,0.589,0.399,1.876,1
2024-01-01 10:17:00,DIE-005,2596,794.6,78.19,9.52,1317.8,0.68,0.407,1.903,1
2024-01-01 10:18:00,DIE-005,2607,802.9,79.0,9.52,1328.3,0.689,0.375,1.92,1
2024-01-01 10:19:00,DIE-005,2618,805.7,79.08,9.37,1341.7,0.68,0.383,1.914,1
2024-01-01 10:20:00,DIE-005,2628,807.5,79.12,9.37,1346.6,0.711,0.406,1.91,1
2024-01-01 10:21:00,DIE-005,2638,794.1,78.56,9.37,1353.1,0.669,0.415,1.97,1
2024-01-01 10:22:00,DIE-005,2650,796.5,78.93,9.47,1330.5,0.685,0.459,1.965,1
2024-01-01 10:23:00,DIE-005,2661,794.2,79.04,9.52,1325.9,0.649,0.416,1.981,1
2024-01-01 10:24:00,DIE-005,2671,794.9,79.17,9.52,1310.2,0.596,0.365,2.048,1
2024-01-01 10:25:00,DIE-005,2682,797.3,79.84,9.42,1307.3,0.612,0.381,2.049,1
2024-01-01 10:26:00,DIE-005,2692,798.7,80.41,9.43,1318.8,0.611,0.418,2.048,1
2024-01-01 10:27:00,DIE-005,2703,792.3,80.43,9.4,1332.9,0.668,0.421,2.047,1
2024-01-01 10:28:00,DIE-005,2711,789.5,80.77,9.57,1314.7,0.63,0.435,2.032,1
2024-01-01 10:29:00,DIE-005,2719,794.6,81.32,9.5,1326.7,0.601,0.406,2.02,1
2024-01-01 10:30:00,DIE-005,2727,805.0,81.92,9.55,1349.9,0.602,0.409,1.965,1
2024-01-01 10:31:00,DIE-005,2738,799.4,82.46,9.76,1336.6,0.656,0.365,2.0,1
2024-01-01 10:32:00,DIE-005,2749,802.4,82.52,9.7,1347.9,0.606,0.368,1.988,1
2024-01-01 10:33:00,DIE-005,2757,807.6,82.82,9.76,1338.7,0.619,0.375,2.01,1
2024-01-01 10:34:00,DIE-005,2768,802.3,83.67,9.77,1323.2,0.641,0.362,2.015,1
2024-01-01 10:35:00,DIE-005,2778,800.6,83.95,9.64,1314.9,0.679,0.345,2.016,1
2024-01-01 10:36:00,DIE-005,2786,803.1,83.79,9.74,1330.1,0.72,0.344,2.003,1
2024-01-01 10:37:00,DIE-005,2798,798.9,83.73,9.82,1322.9,0.756,0.388,2.021,1
2024-01-01 10:38:00,DIE-005,2807,797.4,83.6,9.8,1331.7,0.792,0.361,1.978,1
2024-01-01 10:39:00,DIE-005,2815,796.7,84.12,9.8,1339.4,0.788,0.374,1.991,1
2024-01-01 10:40:00,DIE-005,2825,790.1,84.47,9.72,1357.0,0.768,0.377,1.96,1
2024-01-01 10:41:00,DIE-005,2835,790.6,84.95,9.74,1347.6,0.78,0.393,2.014,1
2024-01-01 10:42:00,DIE-005,2843,787.2,85,9.69,1348.4,0.761,0.389,1.999,1
2024-01-01 10:43:00,DIE-005,2852,784.9,84.86,9.89,1351.6,0.782,0.374,1.981,1
2024-01-01 10:44:00,DIE-005,2860,783.3,84.56,9.96,1347.2,0.765,0.381,1.979,1
2024-01-01 10:45:00,DIE-005,2871,788.9,84.58,9.85,1350.8,0.741,0.404,1.992,1
2024-01-01 10:46:00,DIE-005,2883,795.6,84.63,9.78,1330.0,0.691,0.422,2.064,1
2024-01-01 10:47:00,DIE-005,2894,797.4,84.57,9.77,1296.1,0.757,0.409,2.082,1
2024-01-01 10:48:00,DIE-005,2906,799.4,85,9.82,1275.6,0.726,0.403,2.047,1
2024-01-01 10:49:00,DIE-005,2916,798.8,85,9.82,1266.4,0.772,0.388,2.084,1
2024-01-01 10:50:00,DIE-005,2925,790.8,84.98,9.74,1279.9,0.788,0.377,2.098,1
2024-01-01 10:51:00,DIE-005,2936,789.3,85,9.7,1281.0,0.885,0.369,2.037,1
2024-01-01 10:52:00,DIE-005,2948,792.2,84.79,9.8,1314.0,0.88,0.353,2.06,1
2024-01-01 10:53:00,DIE-005,2957,800.0,85,9.86,1325.4,0.851,0.348,2.066,1
2024-01-01 10:54:00,DIE-005,2965,803.9,85,9.85,1310.7,0.744,0.332,2.086,1
2024-01-01 10:55:00,DIE-005,2977,800.3,85,9.78,1309.5,0.695,0.31,2.082,1
2024-01-01 10:56:00,DIE-005,2989,804.2,85,9.78,1341.2,0.695,0.314,2.084,1
2024-01-01 10:57:00,DIE-005,3001,815.9,84.97,9.85,1320.2,0.723,0.306,2.09,1
2024-01-01 10:58:00,DIE-005,3011,814.5,85,9.91,1318.5,0.678,0.273,2.054,1
2024-01-01 10:59:00,DIE-005,3019,812.7,84.76,9.99,1316.7,0.719,0.283,2.061,1
2024-01-01 11:00:00,DIE-005,3028,806.9,85,10.05,1314.6,0.769,0.278,2.112,1
2024-01-01 11:01:00,DIE-005,3037,807.0,85,10.17,1323.8,0.782,0.259,2.112,1
2024-01-01 11:02:00,DIE-005,3045,809.9,85,10.1,1316.9,0.801,0.303,2.115,1
2024-01-01 11:03:00,DIE-005,3054,819.2,85,10.04,1336.0,0.803,0.324,2.132,1
2024-01-01 11:04:00,DIE-005,3063,819.5,85,10.12,1327.2,0.822,0.326,2.102,1
2024-01-01 11:05:00,DIE-005,3072,814.7,85,10.2,1314.1,0.825,0.351,2.076,1
2024-01-01 11:06:00,DIE-005,3080,815.3,85,10.28,1326.2,0.891,0.351,2.104,1
2024-01-01 11:07:00,DIE-005,3090,813.8,85,10.14,1330.2,0.869,0.346,2.128,1
2024-01-01 11:08:00,DIE-005,3099,813.6,85,10.26,1305.4,0.831,0.348,2.15,1
2024-01-01 11:09:00,DIE-005,3110,815.4,85,10.36,1336.4,0.902,0.378,2.168,1
2024-01-01 11:10:00,DIE-005,3122,812.9,85,10.5,1366.8,0.966,0.357,2.207,1
2024-01-01 11:11:00,DIE-005,3134,815.2,85,10.51,1376.0,0.956,0.339,2.179,1
2024-01-01 11:12:00,DIE-005,3142,816.7,85,10.6,1390.5,0.994,0.34,2.141,1
2024-01-01 11:13:00,DIE-005,3151,812.0,85,10.63,1392.8,1.054,0.34,2.122,1
2024-01-01 11:14:00,DIE-005,3162,808.5,85,10.62,1389.2,1.069,0.352,2.149,1
2024-01-01 11:15:00,DIE-005,3172,811.7,85,10.57,1413.0,1.05,0.362,2.175,1
2024-01-01 11:16:00,DIE-005,3180,818.5,85,10.49,1423.3,1.083,0.376,2.222,1
2024-01-01 11:17:00,DIE-005,3192,814.4,85,10.51,1415.6,1.068,0.387,2.233,1
2024-01-01 11:18:00,DIE-005,3203,820.3,84.86,10.46,1420.1,1.093,0.388,2.214,1
2024-01-01 11:19:00,DIE-005,3214,817.5,84.83,10.29,1408.9,1.141,0.436,2.225,1
2024-01-01 11:20:00,DIE-005,3222,815.4,85,10.24,1401.2,1.194,0.449,2.251,1
2024-01-01 11:21:00,DIE-005,3232,816.1,85,10.24,1393.2,1.24,0.429,2.269,1
2024-01-01 11:22:00,DIE-005,3240,816.8,85,10.24,1409.6,1.175,0.431,2.224,1
2024-01-01 11:23:00,DIE-005,3248,813.8,85,10.18,1394.5,1.111,0.418,2.254,1
2024-01-01 11:24:00,DIE-005,3258,808.8,85,10.32,1410.8,1.07,0.426,2.227,1
2024-01-01 11:25:00,DIE-005,3267,805.8,84.84,10.29,1427.7,1.111,0.435,2.219,1
2024-01-01 11:26:00,DIE-005,3277,812.3,85,10.34,1431.5,1.195,0.442,2.241,1
2024-01-01 11:27:00,DIE-005,3285,807.3,85,10.27,1425.4,1.214,0.459,2.247,1
2024-01-01 11:28:00,DIE-005,3293,804.0,84.83,10.35,1399.7,1.198,0.46,2.255,1
2024-01-01 11:29:00,DIE-005,3304,804.9,85,10.42,1405.8,1.158,0.438,2.269,1
2024-01-01 11:30:00,DIE-005,3315,811.6,85,10.57,1422.8,1.165,0.423,2.316,1
2024-01-01 11:31:00,DIE-005,3327,814.4,85,10.58,1416.9,1.161,0.425,2.401,1
2024-01-01 11:32:00,DIE-005,3339,815.7,85,10.78,1452.6,1.191,0.42,2.44,1
2024-01-01 11:33:00,DIE-005,3350,811.5,85,10.7,1422.7,1.223,0.404,2.426,1
2024-01-01 11:34:00,DIE-005,3360,804.0,85,10.72,1425.1,1.233,0.411,2.402,1
2024-01-01 11:35:00,DIE-005,3371,806.1,85,10.65,1427.4,1.213,0.419,2.419,1
2024-01-01 11:36:00,DIE-005,3379,806.0,85,10.72,1424.0,1.19,0.419,2.403,1
2024-01-01 11:37:00,DIE-005,3388,806.7,85,10.69,1442.6,1.161,0.411,2.388,1
2024-01-01 11:38:00,DIE-005,3398,800.4,85,10.71,1428.7,1.137,0.411,2.371,1
2024-01-01 11:39:00,DIE-005,3410,801.1,85,10.67,1419.2,1.11,0.381,2.378,1
2024-01-01 11:40:00,DIE-005,3418,806.7,85,10.81,1424.4,1.112,0.404,2.368,1
2024-01-01 11:41:00,DIE-005,3430,803.9,85,10.75,1410.6,1.145,0.401,2.413,1
2024-01-01 11:42:00,DIE-005,3439,800.7,85,10.74,1395.8,1.136,0.392,2.414,1
2024-01-01 11:43:00,DIE-005,3451,802.7,84.95,10.78,1415.9,1.228,0.374,2.419,1
2024-01-01 11:44:00,DIE-005,3460,807.5,84.59,10.93,1394.2,1.219,0.369,2.444,1
2024-01-01 11:45:00,DIE-005,3469,810.7,84.91,10.96,1391.9,1.3,0.386,2.46,1
2024-01-01 11:46:00,DIE-005,3478,810.5,85,10.84,1425.4,1.265,0.396,2.471,1
2024-01-01 11:47:00,DIE-005,3489,804.6,85,10.89,1422.8,1.273,0.393,2.5,1
2024-01-01 11:48:00,DIE-005,3497,804.0,84.5,10.94,1419.3,1.338,0.359,2.512,1
2024-01-01 11:49:00,DIE-005,3507,805.2,84.79,11.04,1414.1,1.387,0.343,2.515,1
2024-01-01 11:50:00,DIE-005,3515,801.0,84.76,11.0,1442.3,1.392,0.324,2.451,1
2024-01-01 11:51:00,DIE-005,3523,800.6,85,11.03,1457.5,1.386,0.324,2.408,1
2024-01-01 11:52:00,DIE-005,3532,806.6,84.99,11.0,1476.8,1.475,0.282,2.423,1
2024-01-01 11:53:00,DIE-005,3541,811.4,85,11.11,1463.6,1.441,0.248,2.424,1
2024-01-01 11:54:00,DIE-005,3553,813.2,84.98,11.12,1459.3,1.433,0.257,2.375,1
2024-01-01 11:55:00,DIE-005,3561,822.0,85,11.07,1453.9,1.514,0.27,2.417,1
2024-01-01 11:56:00,DIE-005,3570,834.0,85,11.11,1436.2,1.51,0.303,2.423,1
2024-01-01 11:57:00,DIE-005,3582,834.0,85,11.14,1468.4,1.499,0.305,2.458,1
2024-01-01 11:58:00,DIE-005,3593,838.0,85,11.14,1423.9,1.44,0.271,2.454,1
2024-01-01 11:59:00,DIE-005,3604,837.4,85,11.03,1426.6,1.446,0.281,2.417,1
2024-01-01 12:00:00,DIE-005,3615,837.7,85,11.02,1433.0,1.473,0.247,2.427,1
2024-01-01 12:01:00,DIE-005,3626,831.9,84.86,10.94,1446.3,1.482,0.213,2.453,1
2024-01-01 12:02:00,DIE-005,3636,827.6,85,10.98,1446.7,1.483,0.214,2.451,1
2024-01-01 12:03:00,DIE-005,3647,824.4,85,11.03,1447.4,1.457,0.226,2.449,1
2024-01-01 12:04:00,DIE-005,3659,815.8,85,11.12,1443.2,1.46,0.236,2.458,1
2024-01-01 12:05:00,DIE-005,3670,815.0,85,11.08,1437.6,1.412,0.24,2.465,1
2024-01-01 12:06:00,DIE-005,3681,808.8,84.91,10.97,1419.0,1.413,0.218,2.477,1
2024-01-01 12:07:00,DIE-005,3689,806.7,85,10.92,1416.9,1.444,0.218,2.482,1
2024-01-01 12:08:00,DIE-005,3700,807.7,85,10.92,1445.8,1.457,0.214,2.521,1
2024-01-01 12:09:00,DIE-005,3709,806.8,84.46,10.9,1436.9,1.506,0.225,2.504,1
2024-01-01 12:10:00,DIE-005,3719,802.7,84.31,10.93,1461.4,1.438,0.227,2.463,1
2024-01-01 12:11:00,DIE-005,3727,802.5,84.43,11.01,1441.7,1.411,0.207,2.441,1
2024-01-01 12:12:00,DIE-005,3736,798.4,85,10.89,1446.4,1.442,0.218,2.446,1
2024-01-01 12:13:00,DIE-005,3748,802.3,85,10.89,1440.8,1.518,0.169,2.411,1
2024-01-01 12:14:00,DIE-005,3758,807.6,85,10.93,1442.1,1.487,0.189,2.376,1
2024-01-01 12:15:00,DIE-005,3769,811.4,85,10.94,1434.4,1.469,0.181,2.407,1
2024-01-01 12:16:00,DIE-005,3780,817.1,85,11.02,1412.3,1.483,0.186,2.4,1
2024-01-01 12:17:00,DIE-005,3789,821.9,84.81,11.13,1410.7,1.502,0.22,2.407,1
2024-01-01 12:18:00,DIE-005,3799,819.6,85,10.9,1410.2,1.479,0.211,2.389,1
2024-01-01 12:19:00,DIE-005,3808,821.6,85,10.79,1394.0,1.487,0.208,2.349,1
2024-01-01 12:20:00,DIE-005,3816,825.2,84.8,10.68,1405.3,1.442,0.234,2.328,1
2024-01-01 12:21:00,DIE-005,3826,826.1,84.55,10.64,1401.8,1.378,0.234,2.302,1
2024-01-01 12:22:00,DIE-005,3835,828.2,85,10.68,1384.5,1.367,0.255,2.266,1
2024-01-01 12:23:00,DIE-005,3843,824.3,84.98,10.56,1388.7,1.29,0.271,2.234,1
2024-01-01 12:24:00,DIE-005,3852,819.7,85.0,10.57,1342.2,1.278,0.282,2.241,1
2024-01-01 12:25:00,DIE-005,3862,814.8,85,10.48,1361.2,1.257,0.305,2.284,1
2024-01-01 12:26:00,DIE-005,3874,814.0,85,10.58,1361.4,1.259,0.287,2.268,1
2024-01-01 12:27:00,DIE-005,3884,802.4,85,10.66,1348.0,1.335,0.292,2.314,1
2024-01-01 12:28:00,DIE-005,3894,816.7,85,10.61,1329.6,1.273,0.296,2.293,1
2024-01-01 12:29:00,DIE-005,3905,822.7,85,10.63,1321.3,1.282,0.293,2.328,1
2024-01-01 12:30:00,DIE-005,3914,831.4,85,10.68,1351.3,1.326,0.304,2.293,1
2024-01-01 12:31:00,DIE-005,3925,831.5,85,10.72,1341.0,1.351,0.274,2.259,1
2024-01-01 12:32:00,DIE-005,3934,831.0,85,10.87,1363.4,1.366,0.277,2.281,1
2024-01-01 12:33:00,DIE-005,3943,827.7,85,11.02,1366.9,1.339,0.258,2.28,1
2024-01-01 12:34:00,DIE-005,3953,833.9,85,11.02,1388.7,1.348,0.253,2.283,1
2024-01-01 12:35:00,DIE-005,3965,834.7,85,11.0,1370.0,1.357,0.264,2.288,1
2024-01-01 12:36:00,DIE-005,3973,838.4,85,10.89,1382.2,1.35,0.244,2.337,1
2024-01-01 12:37:00,DIE-005,3984,835.1,85,10.97,1383.8,1.306,0.237,2.362,1
2024-01-01 12:38:00,DIE-005,3994,833.8,85,10.97,1422.3,1.333,0.248,2.377,1
2024-01-01 12:39:00,DIE-005,4004,830.9,85,10.85,1426.0,1.341,0.238,2.391,1
2024-01-01 12:40:00,DIE-005,4014,828.4,85,10.95,1432.4,1.342,0.225,2.391,1
2024-01-01 12:41:00,DIE-005,4022,835.7,85,11.07,1445.3,1.338,0.216,2.369,1
2024-01-01 12:42:00,DIE-005,4030,833.0,85,11.07,1461.2,1.351,0.196,2.351,1
2024-01-01 12:43:00,DIE-005,4038,835.6,84.73,11.34,1460.9,1.318,0.205,2.319,1
2024-01-01 12:44:00,DIE-005,4047,844.8,85,11.54,1455.8,1.29,0.199,2.363,1
2024-01-01 12:45:00,DIE-005,4058,844.3,85,11.4,1445.9,1.275,0.206,2.385,1
2024-01-01 12:46:00,DIE-005,4069,835.8,85,11.46,1439.1,1.264,0.196,2.382,1
2024-01-01 12:47:00,DIE-005,4079,827.1,85,11.46,1432.0,1.268,0.187,2.396,1
2024-01-01 12:48:00,DIE-005,4089,818.8,85,11.43,1428.2,1.232,0.155,2.331,1
2024-01-01 12:49:00,DIE-005,4101,812.0,85,11.46,1422.3,1.2,0.126,2.306,1
2024-01-01 12:50:00,DIE-005,4113,810.4,85,11.2,1460.4,1.242,0.125,2.308,1
2024-01-01 12:51:00,DIE-005,4125,807.6,85,11.2,1469.4,1.237,0.164,2.249,1
2024-01-01 12:52:00,DIE-005,4137,803.2,85,11.16,1484.7,1.253,0.165,2.205,1
2024-01-01 12:53:00,DIE-005,4149,798.8,85,11.03,1500.9,1.296,0.131,2.255,1
2024-01-01 12:54:00,DIE-005,4161,797.2,85,10.9,1502.4,1.378,0.118,2.252,1
2024-01-01 12:55:00,DIE-005,4169,786.3,85,10.94,1494.0,1.34,0.123,2.248,1
2024-01-01 12:56:00,DIE-005,4180,786.8,85,10.83,1504.4,1.354,0.128,2.245,1
2024-01-01 12:57:00,DIE-005,4191,786.1,85,10.81,1501.9,1.338,0.142,2.227,1
2024-01-01 12:58:00,DIE-005,4201,789.3,84.98,10.8,1511.0,1.248,0.141,2.269,1
2024-01-01 12:59:00,DIE-005,4213,782.1,85,10.71,1522.0,1.227,0.157,2.285,1
2024-01-01 13:00:00,DIE-005,4221,772.9,85,10.61,1519.6,1.189,0.184,2.305,1
2024-01-01 13:01:00,DIE-005,4232,775.7,85,10.58,1502.7,1.213,0.169,2.293,1
2024-01-01 13:02:00,DIE-005,4240,770.9,85,10.58,1487.9,1.207,0.171,2.266,1
2024-01-01 13:03:00,DIE-005,4248,768.9,85,10.54,1496.7,1.192,0.153,2.25,1
2024-01-01 13:04:00,DIE-005,4257,770.4,85,10.52,1500.9,1.216,0.17,2.217,1
2024-01-01 13:05:00,DIE-005,4265,774.2,85,10.48,1483.4,1.238,0.193,2.165,1
2024-01-01 13:06:00,DIE-005,4277,778.3,84.87,10.41,1494.6,1.222,0.215,2.166,1
2024-01-01 13:07:00,DIE-005,4289,772.4,85,10.41,1508.1,1.244,0.218,2.193,1
2024-01-01 13:08:00,DIE-005,4300,769.7,85,10.44,1526.9,1.256,0.207,2.197,1
2024-01-01 13:09:00,DIE-005,4308,760.5,85,10.46,1534.5,1.257,0.187,2.2,1
2024-01-01 13:10:00,DIE-005,4316,764.4,85,10.59,1530.2,1.32,0.207,2.215,1
2024-01-01 13:11:00,DIE-005,4324,761.5,85,10.52,1514.7,1.38,0.242,2.216,1
2024-01-01 13:12:00,DIE-005,4333,763.3,85,10.47,1528.5,1.357,0.227,2.188,1
2024-01-01 13:13:00,DIE-005,4343,764.7,85,10.57,1526.5,1.37,0.24,2.129,1
2024-01-01 13:14:00,DIE-005,4351,766.4,85,10.55,1527.0,1.371,0.223,2.082,1
2024-01-01 13:15:00,DIE-005,4361,765.3,85,10.37,1534.2,1.439,0.245,2.117,1
2024-01-01 13:16:00,DIE-005,4371,766.4,85,10.26,1526.1,1.5,0.287,2.136,1
2024-01-01 13:17:00,DIE-005,4382,761.0,85,10.16,1523.6,1.464,0.277,2.109,1
2024-01-01 13:18:00,DIE-005,4391,757.6,84.96,10.2,1544.3,1.457,0.271,2.144,1
2024-01-01 13:19:00,DIE-005,4400,762.0,85,10.2,1524.0,1.462,0.276,2.125,1
2024-01-01 13:20:00,DIE-005,4411,757.6,85,10.1,1539.0,1.428,0.26,2.081,1
2024-01-01 13:21:00,DIE-005,4420,757.2,84.72,10.18,1528.4,1.412,0.274,2.083,1
2024-01-01 13:22:00,DIE-005,4431,751.1,84.71,10.13,1510.7,1.422,0.273,2.087,1
2024-01-01 13:23:00,DIE-005,4441,755.8,84.92,10.09,1509.6,1.364,0.282,2.106,1
2024-01-01 13:24:00,DIE-005,4451,761.2,85,10.16,1505.7,1.346,0.285,2.1,1
2024-01-01 13:25:00,DIE-005,4460,760.0,85,10.18,1500.5,1.35,0.287,2.085,1
2024-01-01 13:26:00,DIE-005,4471,758.1,85,10.22,1490.7,1.335,0.285,2.052,1
2024-01-01 13:27:00,DIE-005,4483,765.1,85,10.21,1481.5,1.335,0.317,2.053,1
2024-01-01 13:28:00,DIE-005,4493,770.0,85,10.13,1487.1,1.308,0.31,2.048,1
2024-01-01 13:29:00,DIE-005,4503,764.9,84.68,10.19,1508.1,1.374,0.315,2.062,1
2024-01-01 13:30:00,DIE-005,4514,769.9,85,10.16,1518.5,1.427,0.303,2.121,1
2024-01-01 13:31:00,DIE-005,4523,771.4,84.92,10.12,1516.3,1.496,0.317,2.175,1
2024-01-01 13:32:00,DIE-005,4533,771.1,84.96,9.97,1519.7,1.463,0.328,2.171,1
2024-01-01 13:33:00,DIE-005,4545,767.5,84.93,9.95,1517.8,1.458,0.325,2.109,1
2024-01-01 13:34:00,DIE-005,4553,765.7,84.82,10.02,1525.5,1.434,0.341,2.091,1
2024-01-01 13:35:00,DIE-005,4562,766.9,84.68,9.97,1524.1,1.367,0.374,2.079,1
2024-01-01 13:36:00,DIE-005,4571,766.2,85,10.08,1541.6,1.415,0.388,2.108,1
2024-01-01 13:37:00,DIE-005,4583,767.1,85,9.96,1521.8,1.449,0.383,2.108,1
2024-01-01 13:38:00,DIE-005,4594,772.0,85,10.11,1527.2,1.458,0.411,2.124,1
2024-01-01 13:39:00,DIE-005,4602,783.6,85,10.1,1528.2,1.406,0.376,2.15,1
2024-01-01 13:40:00,DIE-005,4613,789.0,85,10.15,1524.8,1.374,0.381,2.15,1
2024-01-01 13:41:00,DIE-005,4624,792.5,85,10.22,1518.1,1.379,0.38,2.148,1
2024-01-01 13:42:00,DIE-005,4635,790.1,85,10.27,1491.2,1.409,0.358,2.14,1
2024-01-01 13:43:00,DIE-005,4645,790.2,85,10.33,1486.4,1.4,0.358,2.181,1
2024-01-01 13:44:00,DIE-005,4657,805.4,84.96,10.31,1502.0,1.353,0.351,2.18,1
2024-01-01 13:45:00,DIE-005,4665,801.7,85,10.22,1483.5,1.352,0.362,2.186,1
2024-01-01 13:46:00,DIE-005,4674,804.4,85,10.18,1478.5,1.374,0.344,2.151,1
2024-01-01 13:47:00,DIE-005,4686,817.6,85,10.1,1461.9,1.356,0.331,2.206,1
2024-01-01 13:48:00,DIE-005,4696,810.5,85,10.03,1451.3,1.354,0.325,2.242,1
2024-01-01 13:49:00,DIE-005,4704,813.3,85,9.99,1434.0,1.369,0.339,2.233,1
2024-01-01 13:50:00,DIE-005,4715,820.1,85,9.9,1416.3,1.353,0.377,2.234,1
2024-01-01 13:51:00,DIE-005,4727,816.5,85,9.89,1410.7,1.342,0.396,2.257,1
2024-01-01 13:52:00,DIE-005,4739,815.2,85,9.9,1417.8,1.378,0.391,2.288,1
2024-01-01 13:53:00,DIE-005,4749,820.4,85,9.79,1414.2,1.389,0.428,2.321,1
2024-01-01 13:54:00,DIE-005,4757,821.9,85,9.75,1437.9,1.368,0.423,2.312,1
2024-01-01 13:55:00,DIE-005,4766,821.1,85,9.83,1418.2,1.316,0.452,2.322,1
2024-01-01 13:56:00,DIE-005,4775,821.2,85,9.75,1423.3,1.239,0.46,2.363,1
2024-01-01 13:57:00,DIE-005,4784,822.8,85,9.67,1452.8,1.207,0.482,2.309,1
2024-01-01 13:58:00,DIE-005,4794,826.2,85,9.51,1426.6,1.16,0.475,2.299,1
2024-01-01 13:59:00,DIE-005,4803,833.5,85,9.51,1430.3,1.187,0.465,2.263,1
2024-01-01 14:00:00,DIE-005,4812,826.7,84.8,9.56,1409.0,1.216,0.495,2.264,1
2024-01-01 14:01:00,DIE-005,4820,829.7,84.83,9.58,1406.8,1.231,0.489,2.282,1
2024-01-01 14:02:00,DIE-005,4828,834.7,85,9.51,1413.7,1.25,0.471,2.271,1
2024-01-01 14:03:00,DIE-005,4837,835.3,85,9.5,1421.1,1.203,0.444,2.24,1
2024-01-01 14:04:00,DIE-005,4846,838.0,85,9.74,1412.5,1.185,0.464,2.274,1
2024-01-01 14:05:00,DIE-005,4855,839.2,85,9.9,1413.1,1.191,0.441,2.288,1
2024-01-01 14:06:00,DIE-005,4863,833.3,85,9.88,1433.3,1.178,0.43,2.266,1
2024-01-01 14:07:00,DIE-005,4874,840.7,85,9.96,1427.6,1.254,0.415,2.27,1
2024-01-01 14:08:00,DIE-005,4884,847.6,85,9.92,1442.6,1.257,0.397,2.254,1
2024-01-01 14:09:00,DIE-005,4894,834.4,84.97,9.74,1434.2,1.255,0.403,2.241,1
2024-01-01 14:10:00,DIE-005,4905,827.6,84.57,9.72,1432.1,1.292,0.419,2.289,1
2024-01-01 14:11:00,DIE-005,4913,824.8,85,9.66,1403.2,1.326,0.425,2.253,1
2024-01-01 14:12:00,DIE-005,4923,829.8,85,9.64,1418.4,1.384,0.424,2.282,1
2024-01-01 14:13:00,DIE-005,4935,831.7,85,9.65,1425.7,1.446,0.463,2.279,1
2024-01-01 14:14:00,DIE-005,4944,831.5,85,9.77,1435.1,1.404,0.508,2.343,1
2024-01-01 14:15:00,DIE-005,4954,835.1,85,9.6,1418.7,1.447,0.529,2.302,1
2024-01-01 14:16:00,DIE-005,4966,837.5,85,9.67,1416.2,1.441,0.546,2.313,1
2024-01-01 14:17:00,DIE-005,4976,838.2,85,9.52,1436.0,1.419,0.526,2.334,1
2024-01-01 14:18:00,DIE-005,4984,839.7,85,9.55,1446.3,1.383,0.49,2.342,1
2024-01-01 14:19:00,DIE-005,4992,841.4,85,9.44,1439.4,1.398,0.511,2.327,1
2024-01-01 14:20:00,DIE-005,5003,836.5,85,9.43,1422.3,1.394,0.499,2.343,1
2024-01-01 14:21:00,DIE-005,5014,834.3,85,9.45,1395.6,1.499,0.466,2.353,1
2024-01-01 14:22:00,DIE-005,5023,832.4,85,9.5,1395.1,1.539,0.485,2.37,1
2024-01-01 14:23:00,DIE-005,5033,838.3,85,9.58,1429.0,1.517,0.482,2.354,1
2024-01-01 14:24:00,DIE-005,5041,844.0,84.9,9.61,1421.4,1.52,0.508,2.363,1
2024-01-01 14:25:00,DIE-005,5053,842.3,85,9.66,1416.4,1.596,0.495,2.346,1
2024-01-01 14:26:00,DIE-005,5065,850.8,84.82,9.78,1429.4,1.624,0.499,2.34,1
2024-01-01 14:27:00,DIE-005,5074,851.5,84.8,9.78,1437.5,1.679,0.501,2.337,1
2024-01-01 14:28:00,DIE-005,5085,844.1,84.88,9.85,1433.3,1.74,0.523,2.29,1
2024-01-01 14:29:00,DIE-005,5094,844.0,85,9.88,1432.3,1.702,0.511,2.287,1
2024-01-01 14:30:00,DIE-005,5106,838.8,85,9.72,1457.3,1.712,0.532,2.33,1
2024-01-01 14:31:00,DIE-005,5118,841.1,85,9.74,1464.2,1.745,0.509,2.343,1
2024-01-01 14:32:00,DIE-005,5128,831.9,85,9.7,1451.3,1.769,0.516,2.381,1
2024-01-01 14:33:00,DIE-005,5139,832.6,85,9.72,1449.9,1.665,0.535,2.423,1
2024-01-01 14:34:00,DIE-005,5148,839.9,85,9.63,1461.4,1.592,0.532,2.433,1
2024-01-01 14:35:00,DIE-005,5158,832.6,84.89,9.58,1411.3,1.652,0.531,2.476,1
2024-01-01 14:36:00,DIE-005,5167,837.4,84.82,9.58,1418.0,1.638,0.501,2.459,1
2024-01-01 14:37:00,DIE-005,5178,839.8,84.17,9.68,1436.0,1.629,0.49,2.479,1
2024-01-01 14:38:00,DIE-005,5186,839.7,84.6,9.62,1423.6,1.696,0.47,2.466,1
2024-01-01 14:39:00,DIE-005,5198,841.7,84.59,9.73,1424.3,1.698,0.462,2.496,1
2024-01-01 14:40:00,DIE-005,5206,831.2,85,9.71,1426.6,1.69,0.456,2.538,1
2024-01-01 14:41:00,DIE-005,5216,823.4,85,9.72,1435.9,1.709,0.449,2.521,1
2024-01-01 14:42:00,DIE-005,5228,830.7,85,9.61,1454.9,1.735,0.439,2.551,1
2024-01-01 14:43:00,DIE-005,5239,829.5,85,9.59,1485.3,1.728,0.446,2.607,1
2024-01-01 14:44:00,DIE-005,5247,828.0,85,9.65,1505.8,1.744,0.457,2.587,1
2024-01-01 14:45:00,DIE-005,5257,827.5,85,9.49,1511.7,1.746,0.499,2.615,1
2024-01-01 14:46:00,DIE-005,5268,827.7,84.85,9.46,1518.2,1.741,0.495,2.576,1
2024-01-01 14:47:00,DIE-005,5276,837.2,85,9.38,1533.7,1.769,0.496,2.597,1
2024-01-01 14:48:00,DIE-005,5285,838.2,84.94,9.46,1541.7,1.771,0.478,2.596,1
2024-01-01 14:49:00,DIE-005,5297,836.4,85,9.38,1537.5,1.74,0.478,2.577,1
2024-01-01 14:50:00,DIE-005,5305,837.7,85,9.55,1529.1,1.803,0.494,2.592,1
2024-01-01 14:51:00,DIE-005,5315,843.1,85,9.67,1542.3,1.767,0.52,2.63,1
2024-01-01 14:52:00,DIE-005,5326,840.8,85,9.82,1535.9,1.77,0.498,2.637,1
2024-01-01 14:53:00,DIE-005,5336,848.6,85,9.71,1538.2,1.823,0.499,2.659,1
2024-01-01 14:54:00,DIE-005,5345,843.1,85,9.74,1548.2,1.805,0.506,2.697,1
2024-01-01 14:55:00,DIE-005,5357,842.1,85,9.72,1550.1,1.712,0.535,2.69,1
2024-01-01 14:56:00,DIE-005,5366,837.1,85,9.72,1570.2,1.693,0.529,2.684,1
2024-01-01 14:57:00,DIE-005,5378,828.7,85,9.73,1585.5,1.7,0.529,2.697,1
2024-01-01 14:58:00,DIE-005,5390,825.5,85,9.81,1601.1,1.627,0.525,2.692,1
2024-01-01 14:59:00,DIE-005,5400,827.0,85,9.77,1594.0,1.628,0.493,2.663,1
2024-01-01 15:00:00,DIE-005,5408,816.7,85,9.72,1595.9,1.64,0.495,2.663,1
2024-01-01 15:01:00,DIE-005,5420,820.6,85,9.63,1589.9,1.598,0.48,2.665,1
2024-01-01 15:02:00,DIE-005,5428,828.3,85,9.56,1604.3,1.644,0.46,2.697,1
2024-01-01 15:03:00,DIE-005,5438,825.2,85,9.48,1607.5,1.677,0.457,2.725,1
2024-01-01 15:04:00,DIE-005,5449,830.3,85,9.5,1621.9,1.708,0.463,2.75,1
2024-01-01 15:05:00,DIE-005,5457,826.5,85,9.58,1612.4,1.701,0.449,2.748,1
2024-01-01 15:06:00,DIE-005,5466,820.4,85,9.61,1590.5,1.673,0.441,2.735,1
2024-01-01 15:07:00,DIE-005,5476,826.6,85,9.62,1570.0,1.715,0.415,2.806,1
2024-01-01 15:08:00,DIE-005,5486,834.1,85,9.56,1576.1,1.703,0.413,2.799,1
2024-01-01 15:09:00,DIE-005,5495,832.2,85.0,9.62,1567.8,1.708,0.426,2.766,1
2024-01-01 15:10:00,DIE-005,5504,829.1,85,9.66,1562.1,1.755,0.383,2.771,1
2024-01-01 15:11:00,DIE-005,5512,835.9,85,9.76,1573.1,1.751,0.361,2.808,1
2024-01-01 15:12:00,DIE-005,5523,843.0,85,9.81,1572.0,1.71,0.346,2.786,1
2024-01-01 15:13:00,DIE-005,5531,843.7,85,9.85,1578.3,1.666,0.342,2.754,1
2024-01-01 15:14:00,DIE-005,5541,842.9,85,9.79,1559.1,1.673,0.338,2.759,1
2024-01-01 15:15:00,DIE-005,5549,830.6,85,9.76,1539.1,1.662,0.314,2.799,1
2024-01-01 15:16:00,DIE-005,5559,819.8,84.95,9.76,1553.8,1.664,0.309,2.813,1
2024-01-01 15:17:00,DIE-005,5567,827.1,85,9.81,1568.8,1.633,0.325,2.781,1
2024-01-01 15:18:00,DIE-005,5575,818.9,85,9.8,1575.7,1.586,0.278,2.764,1
2024-01-01 15:19:00,DIE-005,5585,825.3,85,9.79,1596.1,1.516,0.293,2.704,1
2024-01-01 15:20:00,DIE-005,5597,822.1,84.99,9.71,1573.1,1.498,0.274,2.74,1
2024-01-01 15:21:00,DIE-005,5608,819.0,85,9.79,1574.4,1.528,0.275,2.724,1
2024-01-01 15:22:00,DIE-005,5618,814.7,85,9.97,1573.7,1.446,0.297,2.737,1
2024-01-01 15:23:00,DIE-005,5628,816.5,85,9.85,1568.4,1.442,0.335,2.726,1
2024-01-01 15:24:00,DIE-005,5640,818.1,85,9.75,1569.6,1.411,0.316,2.697,1
2024-01-01 15:25:00,DIE-005,5650,823.4,84.86,9.7,1598.0,1.443,0.34,2.703,1
2024-01-01 15:26:00,DIE-005,5658,822.5,84.89,9.83,1597.9,1.461,0.331,2.701,1
2024-01-01 15:27:00,DIE-005,5668,820.8,85,10.0,1603.2,1.508,0.317,2.723,1
2024-01-01 15:28:00,DIE-005,5679,830.0,85,9.9,1611.5,1.507,0.342,2.735,1
2024-01-01 15:29:00,DIE-005,5689,829.0,85,9.9,1611.1,1.496,0.323,2.745,1
2024-01-01 15:30:00,DIE-005,5698,829.7,85,9.99,1628.0,1.469,0.355,2.658,1
2024-01-01 15:31:00,DIE-005,5709,835.0,85,10.06,1627.4,1.445,0.328,2.641,1
2024-01-01 15:32:00,DIE-005,5719,834.9,85,10.01,1630.3,1.43,0.392,2.632,1
2024-01-01 15:33:00,DIE-005,5731,828.6,85,10.14,1652.4,1.482,0.412,2.615,1
2024-01-01 15:34:00,DIE-005,5740,830.6,85,10.17,1640.6,1.472,0.444,2.572,1
2024-01-01 15:35:00,DIE-005,5751,838.6,85,10.06,1677.1,1.433,0.445,2.617,1
2024-01-01 15:36:00,DIE-005,5759,846.7,84.98,9.97,1713.4,1.432,0.434,2.592,1
2024-01-01 15:37:00,DIE-005,5770,841.3,85,9.88,1723.1,1.457,0.434,2.591,1
2024-01-01 15:38:00,DIE-005,5778,830.0,85,9.86,1712.1,1.48,0.431,2.552,1
2024-01-01 15:39:00,DIE-005,5786,836.2,85,9.91,1730.5,1.515,0.444,2.525,1
2024-01-01 15:40:00,DIE-005,5795,816.3,85,9.69,1747.9,1.553,0.426,2.513,1
2024-01-01 15:41:00,DIE-005,5803,809.0,85,9.71,1749.9,1.552,0.45,2.476,1
2024-01-01 15:42:00,DIE-005,5812,814.5,85,9.61,1741.2,1.585,0.452,2.434,1
2024-01-01 15:43:00,DIE-005,5823,814.0,85,9.56,1713.3,1.641,0.473,2.488,1
2024-01-01 15:44:00,DIE-005,5831,816.9,85,9.56,1719.1,1.562,0.425,2.465,1
2024-01-01 15:45:00,DIE-005,5841,814.9,85,9.56,1705.7,1.566,0.441,2.473,1
2024-01-01 15:46:00,DIE-005,5852,820.9,85,9.59,1705.1,1.582,0.467,2.422,1
2024-01-01 15:47:00,DIE-005,5862,827.8,85,9.47,1732.0,1.597,0.462,2.429,1
2024-01-01 15:48:00,DIE-005,5872,834.6,85,9.52,1731.4,1.613,0.453,2.431,1
2024-01-01 15:49:00,DIE-005,5883,833.0,85,9.58,1743.5,1.606,0.468,2.431,1
2024-01-01 15:50:00,DIE-005,5892,831.8,85,9.51,1724.7,1.563,0.481,2.435,1
2024-01-01 15:51:00,DIE-005,5901,835.3,85,9.48,1719.4,1.569,0.478,2.434,1
2024-01-01 15:52:00,DIE-005,5913,838.1,85,9.5,1718.6,1.555,0.491,2.455,1
2024-01-01 15:53:00,DIE-005,5924,841.3,85,9.39,1735.0,1.528,0.485,2.481,1
2024-01-01 15:54:00,DIE-005,5934,843.0,85,9.46,1746.0,1.565,0.485,2.458,1
2024-01-01 15:55:00,DIE-005,5944,847.3,85,9.44,1749.8,1.561,0.466,2.479,1
2024-01-01 15:56:00,DIE-005,5954,846.7,85,9.51,1781.9,1.496,0.446,2.516,1
2024-01-01 15:57:00,DIE-005,5965,845.4,84.87,9.36,1775.7,1.533,0.458,2.54,1
2024-01-01 15:58:00,DIE-005,5975,844.2,85,9.31,1764.8,1.511,0.474,2.49,1
2024-01-01 15:59:00,DIE-005,5987,845.1,85,9.25,1770.5,1.506,0.454,2.472,1
2024-01-01 16:00:00,DIE-005,5999,845.1,85,9.45,1787.5,1.481,0.458,2.474,1
2024-01-01 16:01:00,DIE-005,6009,841.3,85,9.45,1831.1,1.532,0.447,2.483,1
2024-01-01 16:02:00,DIE-005,6018,846.1,85,9.51,1837.6,1.507,0.46,2.533,1
2024-01-01 16:03:00,DIE-005,6029,842.7,85,9.45,1840.5,1.488,0.453,2.512,1
2024-01-01 16:04:00,DIE-005,6040,850.0,85,9.65,1866.0,1.526,0.468,2.543,1
2024-01-01 16:05:00,DIE-005,6051,854.2,85,9.69,1862.3,1.594,0.429,2.522,1
2024-01-01 16:06:00,DIE-005,6061,854.4,85,9.79,1856.2,1.602,0.389,2.515,1
2024-01-01 16:07:00,DIE-005,6069,846.3,85,9.63,1839.0,1.597,0.403,2.505,1
2024-01-01 16:08:00,DIE-005,6077,845.4,85,9.49,1836.4,1.592,0.401,2.544,1
2024-01-01 16:09:00,DIE-005,6089,836.6,85,9.5,1846.9,1.595,0.4,2.538,1
2024-01-01 16:10:00,DIE-005,6097,828.9,85,9.44,1817.0,1.535,0.448,2.531,1
2024-01-01 16:11:00,DIE-005,6109,824.5,85,9.32,1824.4,1.486,0.46,2.535,1
2024-01-01 16:12:00,DIE-005,6117,827.9,83.8,9.43,1837.8,1.448,0.451,2.594,1
2024-01-01 16:13:00,DIE-005,6125,819.8,84.7,9.59,1833.8,1.489,0.432,2.604,1
2024-01-01 16:14:00,DIE-005,6135,821.3,85,9.56,1810.7,1.461,0.452,2.623,1
2024-01-01 16:15:00,DIE-005,6143,829.4,84.67,9.6,1790.5,1.409,0.455,2.6,1
2024-01-01 16:16:00,DIE-005,6153,821.5,84.59,9.48,1809.7,1.427,0.467,2.651,1
2024-01-01 16:17:00,DIE-005,6164,826.1,84.24,9.63,1795.3,1.478,0.49,2.615,1
2024-01-01 16:18:00,DIE-005,6175,820.1,85,9.73,1784.9,1.486,0.506,2.59,1
2024-01-01 16:19:00,DIE-005,6183,818.1,85,9.9,1762.2,1.457,0.504,2.603,1
2024-01-01 16:20:00,DIE-005,6193,814.4,85,9.98,1781.2,1.532,0.487,2.626,1
2024-01-01 16:21:00,DIE-005,6202,824.1,85,9.97,1828.5,1.529,0.53,2.575,1
2024-01-01 16:22:00,DIE-005,6214,828.4,85,10.01,1833.9,1.551,0.539,2.594,1
2024-01-01 16:23:00,DIE-005,6224,824.9,85,10.01,1819.7,1.58,0.556,2.596,1
2024-01-01 16:24:00,DIE-005,6236,826.0,85,10.03,1817.0,1.586,0.572,2.606,1
2024-01-01 16:25:00,DIE-005,6245,822.3,85,9.95,1798.1,1.576,0.581,2.599,1
2024-01-01 16:26:00,DIE-005,6254,829.2,85,9.87,1812.9,1.602,0.608,2.554,1
2024-01-01 16:27:00,DIE-005,6265,823.9,85,9.89,1814.0,1.652,0.618,2.563,1
2024-01-01 16:28:00,DIE-005,6275,824.4,85,9.78,1809.9,1.6,0.598,2.548,1
2024-01-01 16:29:00,DIE-005,6286,828.1,85,9.66,1810.6,1.59,0.626,2.519,1
2024-01-01 16:30:00,DIE-005,6295,828.9,85,9.72,1797.1,1.585,0.622,2.536,1
2024-01-01 16:31:00,DIE-005,6303,831.9,85,9.77,1797.7,1.553,0.589,2.55,1
2024-01-01 16:32:00,DIE-005,6312,829.2,85,9.81,1787.4,1.553,0.597,2.55,1
2024-01-01 16:33:00,DIE-005,6321,826.0,85,9.77,1759.2,1.539,0.596,2.472,1
2024-01-01 16:34:00,DIE-005,6333,819.2,84.73,9.69,1767.4,1.538,0.574,2.462,1
2024-01-01 16:35:00,DIE-005,6341,817.0,85,9.65,1764.6,1.526,0.588,2.462,1
2024-01-01 16:36:00,DIE-005,6351,817.1,85,9.58,1759.2,1.541,0.561,2.417,1
2024-01-01 16:37:00,DIE-005,6363,819.7,85,9.46,1772.4,1.627,0.571,2.41,1
2024-01-01 16:38:00,DIE-005,6373,820.6,85,9.43,1767.0,1.685,0.601,2.377,1
2024-01-01 16:39:00,DIE-005,6382,820.8,85,9.45,1754.2,1.697,0.606,2.39,1
2024-01-01 16:40:00,DIE-005,6394,816.3,85,9.6,1773.6,1.69,0.622,2.411,1
2024-01-01 16:41:00,DIE-005,6405,816.2,85,9.66,1784.6,1.634,0.598,2.403,1
2024-01-01 16:42:00,DIE-005,6417,818.3,85,9.68,1759.9,1.643,0.582,2.381,1
2024-01-01 16:43:00,DIE-005,6429,825.0,85,9.62,1746.1,1.583,0.57,2.427,1
2024-01-01 16:44:00,DIE-005,6437,829.8,85,9.77,1737.8,1.573,0.558,2.419,1
2024-01-01 16:45:00,DIE-005,6445,832.0,85,9.94,1731.5,1.61,0.577,2.381,1
2024-01-01 16:46:00,DIE-005,6456,828.6,85,9.94,1715.2,1.553,0.586,2.468,1
2024-01-01 16:47:00,DIE-005,6468,835.2,84.94,9.93,1710.2,1.488,0.599,2.478,1
2024-01-01 16:48:00,DIE-005,6480,831.5,85,9.95,1697.1,1.493,0.588,2.492,1
2024-01-01 16:49:00,DIE-005,6492,831.1,85,10.02,1699.8,1.549,0.594,2.49,1
2024-01-01 16:50:00,DIE-005,6504,830.4,85,9.94,1701.0,1.528,0.602,2.524,1
2024-01-01 16:51:00,DIE-005,6514,827.1,85,10.13,1729.9,1.499,0.591,2.489,1
2024-01-01 16:52:00,DIE-005,6525,820.4,85,10.18,1705.1,1.55,0.594,2.485,1
2024-01-01 16:53:00,DIE-005,6533,819.6,85,10.22,1689.7,1.548,0.588,2.49,1
2024-01-01 16:54:00,DIE-005,6542,817.7,85,10.19,1702.0,1.547,0.615,2.491,1
2024-01-01 16:55:00,DIE-005,6553,816.2,84.84,10.23,1711.9,1.427,0.638,2.494,1
2024-01-01 16:56:00,DIE-005,6561,814.6,84.66,10.15,1730.3,1.453,0.629,2.475,1
2024-01-01 16:57:00,DIE-005,6571,809.8,85,10.06,1717.6,1.432,0.612,2.511,1
2024-01-01 16:58:00,DIE-005,6583,808.0,85,10.18,1688.4,1.407,0.63,2.496,1
2024-01-01 16:59:00,DIE-005,6593,806.5,85,10.23,1696.0,1.384,0.631,2.474,1
2024-01-01 17:00:00,DIE-005,6602,811.7,85,10.17,1675.8,1.356,0.631,2.517,1
2024-01-01 17:01:00,DIE-005,6611,806.7,84.76,10.27,1660.8,1.424,0.625,2.536,1
2024-01-01 17:02:00,DIE-005,6619,814.6,85,10.18,1649.9,1.422,0.648,2.494,1
2024-01-01 17:03:00,DIE-005,6628,815.6,85,10.16,1651.4,1.406,0.634,2.46,1
2024-01-01 17:04:00,DIE-005,6636,811.7,85,10.03,1670.8,1.46,0.63,2.416,1
2024-01-01 17:05:00,DIE-005,6647,811.8,85,10.16,1676.4,1.451,0.664,2.464,1
2024-01-01 17:06:00,DIE-005,6657,812.3,84.95,10.05,1686.6,1.455,0.725,2.48,1
2024-01-01 17:07:00,DIE-005,6666,813.2,84.37,10.21,1699.1,1.436,0.736,2.503,1
2024-01-01 17:08:00,DIE-005,6678,805.5,84.93,10.17,1706.1,1.43,0.714,2.49,1
2024-01-01 17:09:00,DIE-005,6686,804.7,85,10.13,1697.9,1.376,0.707,2.522,1
2024-01-01 17:10:00,DIE-005,6697,803.8,85,10.13,1659.0,1.43,0.721,2.557,1
2024-01-01 17:11:00,DIE-005,6709,807.4,85,10.21,1665.6,1.422,0.709,2.549,1
2024-01-01 17:12:00,DIE-005,6720,803.5,85,10.2,1685.3,1.426,0.683,2.587,1
2024-01-01 17:13:00,DIE-005,6730,806.2,84.36,10.36,1685.9,1.433,0.675,2.57,1
2024-01-01 17:14:00,DIE-005,6739,805.6,84.5,10.43,1685.0,1.461,0.682,2.539,1
2024-01-01 17:15:00,DIE-005,6747,807.5,85,10.32,1678.5,1.461,0.681,2.51,1
2024-01-01 17:16:00,DIE-005,6756,812.8,84.9,10.21,1681.6,1.446,0.668,2.45,1
2024-01-01 17:17:00,DIE-005,6767,818.6,85,10.13,1683.6,1.393,0.646,2.432,1
2024-01-01 17:18:00,DIE-005,6778,811.2,85,10.1,1694.5,1.34,0.629,2.445,1
2024-01-01 17:19:00,DIE-005,6787,811.7,85,9.93,1675.4,1.385,0.645,2.434,1
2024-01-01 17:20:00,DIE-005,6799,815.4,85,9.9,1676.0,1.406,0.656,2.443,1
2024-01-01 17:21:00,DIE-005,6808,806.2,85,9.89,1660.8,1.386,0.655,2.449,1
2024-01-01 17:22:00,DIE-005,6816,806.2,85,9.93,1650.6,1.357,0.673,2.431,1
2024-01-01 17:23:00,DIE-005,6824,798.5,85,9.92,1640.3,1.33,0.67,2.404,1
2024-01-01 17:24:00,DIE-005,6835,798.6,84.88,9.83,1612.0,1.302,0.693,2.43,1
2024-01-01 17:25:00,DIE-005,6845,805.0,85,9.75,1604.3,1.344,0.752,2.444,1
2024-01-01 17:26:00,DIE-005,6856,808.0,85,9.78,1611.2,1.355,0.721,2.428,1
2024-01-01 17:27:00,DIE-005,6865,805.7,85,9.81,1622.3,1.316,0.702,2.428,1
2024-01-01 17:28:00,DIE-005,6874,799.3,85,9.77,1612.1,1.354,0.694,2.398,1
2024-01-01 17:29:00,DIE-005,6885,790.9,85,9.84,1609.6,1.363,0.677,2.339,1
2024-01-01 17:30:00,DIE-005,6894,791.5,85,10.12,1597.7,1.424,0.667,2.375,1
2024-01-01 17:31:00,DIE-005,6906,793.4,84.93,10.13,1584.6,1.511,0.664,2.381,1
2024-01-01 17:32:00,DIE-005,6916,786.4,85,10.13,1586.6,1.597,0.665,2.338,1
2024-01-01 17:33:00,DIE-005,6927,783.8,84.87,10.13,1597.8,1.591,0.64,2.354,1
2024-01-01 17:34:00,DIE-005,6938,775.4,85,10.05,1593.1,1.604,0.659,2.334,1
2024-01-01 17:35:00,DIE-005,6948,771.7,85,10.11,1588.1,1.646,0.655,2.373,1
2024-01-01 17:36:00,DIE-005,6957,773.5,85,10.15,1582.8,1.67,0.61,2.315,1
2024-01-01 17:37:00,DIE-005,6969,778.0,85,10.27,1577.5,1.691,0.596,2.317,1
2024-01-01 17:38:00,DIE-005,6980,778.4,85,10.46,1589.5,1.716,0.607,2.299,1
2024-01-01 17:39:00,DIE-005,6990,784.9,84.67,10.48,1606.4,1.724,0.629,2.279,1
2024-01-01 17:40:00,DIE-005,6999,781.6,84.83,10.57,1601.0,1.733,0.682,2.25,1
2024-01-01 17:41:00,DIE-005,7009,786.1,84.68,10.52,1621.8,1.77,0.65,2.255,1
2024-01-01 17:42:00,DIE-005,7020,783.0,85,10.43,1628.5,1.744,0.668,2.24,1
2024-01-01 17:43:00,DIE-005,7030,790.9,85,10.33,1617.7,1.753,0.676,2.201,1
2024-01-01 17:44:00,DIE-005,7040,794.7,85,10.36,1598.1,1.684,0.705,2.202,1
2024-01-01 17:45:00,DIE-005,7049,801.1,85,10.41,1586.1,1.688,0.694,2.209,1
2024-01-01 17:46:00,DIE-005,7058,801.8,85,10.34,1590.1,1.701,0.689,2.235,1
2024-01-01 17:47:00,DIE-005,7070,796.4,85,10.19,1575.9,1.708,0.665,2.21,1
2024-01-01 17:48:00,DIE-005,7079,798.6,85,10.1,1563.9,1.722,0.666,2.188,1
2024-01-01 17:49:00,DIE-005,7089,796.3,85,10.01,1550.1,1.757,0.662,2.214,1
2024-01-01 17:50:00,DIE-005,7101,799.5,85,9.99,1559.2,1.69,0.684,2.212,1
2024-01-01 17:51:00,DIE-005,7110,793.9,85,10.05,1589.6,1.657,0.689,2.161,1
2024-01-01 17:52:00,DIE-005,7120,794.3,85,10.09,1560.0,1.592,0.724,2.136,1
2024-01-01 17:53:00,DIE-005,7132,804.4,85,10.07,1538.2,1.636,0.692,2.135,1
2024-01-01 17:54:00,DIE-005,7140,795.1,84.83,9.97,1535.2,1.639,0.674,2.092,1
2024-01-01 17:55:00,DIE-005,7152,796.5,85,10.07,1525.6,1.643,0.687,2.067,1
2024-01-01 17:56:00,DIE-005,7160,791.7,85,10.09,1546.6,1.613,0.685,2.039,1
2024-01-01 17:57:00,DIE-005,7168,793.6,84.8,10.05,1564.4,1.612,0.677,2.063,1
2024-01-01 17:58:00,DIE-005,7176,795.7,84.49,10.02,1552.9,1.671,0.676,2.048,1
2024-01-01 17:59:00,DIE-005,7187,796.7,85,10.11,1597.6,1.65,0.677,2.041,1
2024-01-01 18:00:00,DIE-005,7195,802.0,85,10.12,1607.0,1.689,0.671,2.063,1
2024-01-01 18:01:00,DIE-005,7205,806.8,85,10.17,1600.7,1.719,0.687,2.076,1
2024-01-01 18:02:00,DIE-005,7216,810.9,85,10.13,1618.7,1.772,0.645,2.106,1
2024-01-01 18:03:00,DIE-005,7226,809.0,85,10.06,1644.7,1.817,0.653,2.05,1
2024-01-01 18:04:00,DIE-005,7237,802.3,84.29,10.03,1633.4,1.754,0.654,2.054,1
2024-01-01 18:05:00,DIE-005,7245,794.6,84.13,10.13,1622.3,1.801,0.67,2.082,1
2024-01-01 18:06:00,DIE-005,7257,795.9,84.38,10.01,1629.0,1.818,0.671,2.086,1
2024-01-01 18:07:00,DIE-005,7269,797.3,84.45,10.04,1632.4,1.769,0.661,2.12,1
2024-01-01 18:08:00,DIE-005,7281,796.1,84.76,10.12,1625.2,1.857,0.645,2.126,1
2024-01-01 18:09:00,DIE-005,7293,802.5,85,10.08,1649.1,1.849,0.649,2.137,1
2024-01-01 18:10:00,DIE-005,7304,805.5,85,10.14,1637.6,1.853,0.654,2.165,1
2024-01-01 18:11:00,DIE-005,7313,804.2,85,10.16,1630.4,1.809,0.674,2.161,1
2024-01-01 18:12:00,DIE-005,7325,809.0,85,10.21,1646.2,1.756,0.688,2.19,1
2024-01-01 18:13:00,DIE-005,7336,810.4,84.64,10.35,1631.1,1.739,0.69,2.256,1
2024-01-01 18:14:00,DIE-005,7346,808.1,85,10.29,1653.7,1.685,0.657,2.213,1
2024-01-01 18:15:00,DIE-005,7356,808.9,85,10.28,1663.6,1.741,0.666,2.178,1
2024-01-01 18:16:00,DIE-005,7368,808.4,84.78,10.38,1666.6,1.725,0.682,2.158,1
2024-01-01 18:17:00,DIE-005,7379,809.6,84.39,10.38,1671.1,1.67,0.686,2.16,1
2024-01-01 18:18:00,DIE-005,7389,810.4,84.65,10.36,1685.2,1.686,0.654,2.183,1
2024-01-01 18:19:00,DIE-005,7398,808.8,85,10.41,1677.7,1.683,0.658,2.128,1
2024-01-01 18:20:00,DIE-005,7406,806.1,85,10.35,1688.5,1.687,0.674,2.119,1
2024-01-01 18:21:00,DIE-005,7416,800.9,85,10.36,1695.0,1.655,0.659,2.188,1
2024-01-01 18:22:00,DIE-005,7428,798.7,85,10.28,1697.1,1.699,0.641,2.231,1
2024-01-01 18:23:00,DIE-005,7438,800.4,85,10.23,1697.9,1.742,0.623,2.268,1
2024-01-01 18:24:00,DIE-005,7450,811.0,84.98,10.25,1719.6,1.749,0.637,2.264,1
2024-01-01 18:25:00,DIE-005,7459,813.6,85,10.32,1694.9,1.744,0.613,2.268,1
2024-01-01 18:26:00,DIE-005,7468,813.8,85,10.32,1682.3,1.729,0.603,2.262,1
2024-01-01 18:27:00,DIE-005,7480,820.8,84.85,10.23,1673.1,1.746,0.576,2.23,1
2024-01-01 18:28:00,DIE-005,7488,820.6,85,10.34,1660.1,1.808,0.579,2.263,1
2024-01-01 18:29:00,DIE-005,7500,814.8,85,10.26,1640.6,1.751,0.582,2.266,1
2024-01-01 18:30:00,DIE-005,7512,809.0,85,10.36,1646.9,1.777,0.577,2.261,1
2024-01-01 18:31:00,DIE-005,7524,809.0,85,10.36,1634.6,1.801,0.552,2.253,1
2024-01-01 18:32:00,DIE-005,7533,811.8,85,10.31,1625.6,1.753,0.534,2.226,1
2024-01-01 18:33:00,DIE-005,7541,810.4,85,10.36,1638.9,1.736,0.546,2.252,1
2024-01-01 18:34:00,DIE-005,7549,813.0,85,10.32,1642.6,1.697,0.56,2.211,1
2024-01-01 18:35:00,DIE-005,7558,818.3,85,10.13,1612.9,1.651,0.567,2.17,1
2024-01-01 18:36:00,DIE-005,7568,813.5,85,10.03,1605.7,1.618,0.545,2.138,1
2024-01-01 18:37:00,DIE-005,7577,815.2,85,10.0,1596.6,1.658,0.55,2.135,1
2024-01-01 18:38:00,DIE-005,7587,820.7,85,10.03,1586.1,1.684,0.542,2.161,1
2024-01-01 18:39:00,DIE-005,7595,823.4,85,9.98,1593.7,1.699,0.538,2.24,1
2024-01-01 18:40:00,DIE-005,7607,823.3,85,10.05,1584.9,1.646,0.52,2.231,1
2024-01-01 18:41:00,DIE-005,7619,824.8,85,10.01,1589.5,1.71,0.514,2.233,1
2024-01-01 18:42:00,DIE-005,7631,815.4,85,10.08,1604.8,1.737,0.48,2.196,1
2024-01-01 18:43:00,DIE-005,7641,817.7,85,10.01,1612.7,1.777,0.453,2.219,1
2024-01-01 18:44:00,DIE-005,7652,816.3,85,9.99,1623.5,1.779,0.437,2.228,1
2024-01-01 18:45:00,DIE-005,7660,811.2,85,10.04,1631.4,1.81,0.418,2.253,1
2024-01-01 18:46:00,DIE-005,7669,813.3,84.9,10.06,1636.7,1.718,0.408,2.272,1
2024-01-01 18:47:00,DIE-005,7677,809.8,85,9.97,1616.1,1.792,0.427,2.241,1
2024-01-01 18:48:00,DIE-005,7686,812.8,85,9.85,1640.0,1.778,0.427,2.277,1
2024-01-01 18:49:00,DIE-005,7698,808.7,85,9.79,1624.3,1.795,0.435,2.293,1
2024-01-01 18:50:00,DIE-005,7708,816.0,85,9.76,1615.7,1.776,0.433,2.296,1
2024-01-01 18:51:00,DIE-005,7719,813.1,85,9.81,1624.4,1.81,0.391,2.317,1
2024-01-01 18:52:00,DIE-005,7730,808.2,85,9.68,1602.6,1.831,0.353,2.267,1
2024-01-01 18:53:00,DIE-005,7741,803.5,84.86,9.66,1595.8,1.767,0.343,2.258,1
2024-01-01 18:54:00,DIE-005,7753,801.8,85,9.67,1601.3,1.735,0.352,2.271,1
2024-01-01 18:55:00,DIE-005,7764,799.9,85,9.71,1616.7,1.64,0.382,2.273,1
2024-01-01 18:56:00,DIE-005,7773,795.6,85,9.62,1623.3,1.641,0.377,2.286,1
2024-01-01 18:57:00,DIE-005,7782,796.8,85,9.55,1612.0,1.62,0.363,2.349,1
2024-01-01 18:58:00,DIE-005,7794,795.3,85,9.59,1632.8,1.637,0.335,2.36,1
2024-01-01 18:59:00,DIE-005,7802,793.8,85,9.64,1630.6,1.635,0.335,2.376,1
2024-01-01 19:00:00,DIE-005,7810,800.7,84.63,9.66,1648.7,1.604,0.293,2.358,1
2024-01-01 19:01:00,DIE-005,7819,796.9,85,9.69,1652.2,1.546,0.294,2.393,1
2024-01-01 19:02:00,DIE-005,7827,794.5,85,9.75,1624.4,1.531,0.29,2.369,1
2024-01-01 19:03:00,DIE-005,7835,786.9,84.45,9.75,1625.8,1.57,0.309,2.38,1
2024-01-01 19:04:00,DIE-005,7844,774.2,85,9.77,1633.2,1.6,0.291,2.37,1
2024-01-01 19:05:00,DIE-005,7854,772.1,85,9.85,1641.6,1.599,0.312,2.361,1
2024-01-01 19:06:00,DIE-005,7862,780.2,84.98,9.75,1673.6,1.609,0.317,2.358,1
2024-01-01 19:07:00,DIE-005,7873,782.2,85,9.61,1651.8,1.611,0.292,2.387,1
2024-01-01 19:08:00,DIE-005,7885,788.1,85,9.52,1637.9,1.651,0.338,2.357,1
2024-01-01 19:09:00,DIE-005,7895,787.1,85,9.55,1632.1,1.66,0.302,2.4,1
2024-01-01 19:10:00,DIE-005,7904,788.2,85,9.64,1627.2,1.676,0.325,2.413,1
2024-01-01 19:11:00,DIE-005,7914,787.9,85,9.53,1628.0,1.681,0.334,2.402,1
2024-01-01 19:12:00,DIE-005,7922,783.1,85,9.51,1619.9,1.694,0.312,2.343,1
2024-01-01 19:13:00,DIE-005,7932,772.4,84.74,9.51,1609.8,1.746,0.289,2.31,1
2024-01-01 19:14:00,DIE-005,7944,771.0,84.87,9.54,1619.2,1.772,0.301,2.329,1
2024-01-01 19:15:00,DIE-005,7953,777.0,85,9.63,1614.8,1.751,0.303,2.306,1
2024-01-01 19:16:00,DIE-005,7961,774.8,85,9.59,1597.8,1.831,0.29,2.244,1
2024-01-01 19:17:00,DIE-005,7971,775.5,85,9.62,1572.2,1.815,0.28,2.262,1
2024-01-01 19:18:00,DIE-005,7983,780.9,85,9.52,1551.7,1.867,0.331,2.262,1
2024-01-01 19:19:00,DIE-005,7994,777.4,85,9.51,1553.1,1.944,0.313,2.295,1
2024-01-01 19:20:00,DIE-005,8004,775.0,84.96,9.59,1543.8,1.908,0.308,2.345,1
2024-01-01 19:21:00,DIE-005,8015,775.7,85,9.57,1553.0,1.916,0.297,2.35,1
2024-01-01 19:22:00,DIE-005,8023,778.0,84.57,9.7,1551.7,1.942,0.298,2.355,1
2024-01-01 19:23:00,DIE-005,8033,787.0,84.54,9.6,1551.0,1.962,0.315,2.37,1
2024-01-01 19:24:00,DIE-005,8041,792.7,84.37,9.78,1548.7,1.96,0.317,2.387,1
2024-01-01 19:25:00,DIE-005,8050,791.5,84.74,9.71,1544.7,1.935,0.35,2.384,1
2024-01-01 19:26:00,DIE-005,8059,791.9,84.56,9.76,1540.5,1.911,0.362,2.445,1
2024-01-01 19:27:00,DIE-005,8068,784.9,84.9,9.78,1554.6,1.933,0.341,2.421,1
2024-01-01 19:28:00,DIE-005,8078,776.9,85,9.91,1561.8,1.888,0.323,2.397,1
2024-01-01 19:29:00,DIE-005,8090,781.7,85,9.9,1575.6,1.831,0.306,2.441,1
2024-01-01 19:30:00,DIE-005,8099,779.8,85,9.85,1580.9,1.817,0.301,2.448,1
2024-01-01 19:31:00,DIE-005,8108,776.3,85,9.91,1589.0,1.81,0.319,2.512,1
2024-01-01 19:32:00,DIE-005,8120,777.3,84.84,9.94,1588.8,1.753,0.336,2.536,1
2024-01-01 19:33:00,DIE-005,8129,777.9,85,9.92,1573.5,1.768,0.351,2.549,1
2024-01-01 19:34:00,DIE-005,8137,776.5,85,9.9,1580.8,1.749,0.312,2.519,1
2024-01-01 19:35:00,DIE-005,8148,771.6,85,9.79,1572.1,1.782,0.33,2.545,1
2024-01-01 19:36:00,DIE-005,8160,763.8,84.6,9.88,1562.9,1.773,0.31,2.537,1
2024-01-01 19:37:00,DIE-005,8168,753.9,84.64,9.89,1567.8,1.758,0.321,2.544,1
2024-01-01 19:38:00,DIE-005,8178,757.0,85,9.91,1555.6,1.736,0.334,2.526,1
2024-01-01 19:39:00,DIE-005,8187,758.8,84.37,9.97,1527.4,1.75,0.332,2.513,1
2024-01-01 19:40:00,DIE-005,8195,756.7,84.22,9.9,1556.7,1.745,0.338,2.483,1
2024-01-01 19:41:00,DIE-005,8203,763.3,84.46,9.91,1587.0,1.823,0.358,2.502,1
2024-01-01 19:42:00,DIE-005,8211,758.5,84.78,9.95,1616.5,1.868,0.377,2.467,1
2024-01-01 19:43:00,DIE-005,8219,760.3,84.76,9.87,1619.5,1.853,0.402,2.527,1
2024-01-01 19:44:00,DIE-005,8229,755.5,85,9.95,1615.2,1.867,0.402,2.575,1
2024-01-01 19:45:00,DIE-005,8239,758.9,85,9.99,1611.0,1.876,0.419,2.555,1
2024-01-01 19:46:00,DIE-005,8248,760.1,85,9.93,1616.8,1.867,0.449,2.541,1
2024-01-01 19:47:00,DIE-005,8256,767.0,85,9.88,1629.9,1.867,0.444,2.57,1
2024-01-01 19:48:00,DIE-005,8267,773.8,85,9.84,1628.5,1.881,0.442,2.486,1
2024-01-01 19:49:00,DIE-005,8277,780.8,85,9.86,1658.2,1.924,0.442,2.496,1
2024-01-01 19:50:00,DIE-005,8289,785.0,84.33,9.87,1651.8,1.907,0.415,2.501,1
2024-01-01 19:51:00,DIE-005,8300,796.2,84.38,9.9,1661.8,1.869,0.4,2.513,1
2024-01-01 19:52:00,DIE-005,8309,800.5,84.85,9.97,1647.0,1.852,0.419,2.521,1
2024-01-01 19:53:00,DIE-005,8319,793.4,85,10.05,1656.7,1.961,0.427,2.515,1
2024-01-01 19:54:00,DIE-005,8328,790.8,84.96,9.9,1670.8,1.962,0.437,2.485,1
2024-01-01 19:55:00,DIE-005,8340,779.8,84.69,9.83,1658.8,1.924,0.41,2.464,1
2024-01-01 19:56:00,DIE-005,8350,775.1,85,9.94,1676.2,1.811,0.4,2.457,1
2024-01-01 19:57:00,DIE-005,8360,782.8,84.53,9.78,1665.0,1.775,0.408,2.438,1
2024-01-01 19:58:00,DIE-005,8370,781.3,84.38,9.72,1647.0,1.752,0.399,2.44,1
2024-01-01 19:59:00,DIE-005,8378,775.6,84.36,9.64,1628.8,1.81,0.389,2.457,1
2024-01-01 20:00:00,DIE-005,8389,776.9,84.18,9.64,1630.2,1.769,0.38,2.5,1
2024-01-01 20:01:00,DIE-005,8401,781.0,84.14,9.71,1615.5,1.75,0.36,2.462,1
2024-01-01 20:02:00,DIE-005,8411,781.5,84.37,9.69,1593.8,1.717,0.381,2.423,1
2024-01-01 20:03:00,DIE-005,8423,782.2,84.81,9.71,1591.9,1.677,0.361,2.422,1
2024-01-01 20:04:00,DIE-005,8432,781.8,84.42,9.68,1585.0,1.761,0.383,2.455,1
2024-01-01 20:05:00,DIE-005,8442,785.6,85,9.71,1579.7,1.677,0.4,2.409,1
2024-01-01 20:06:00,DIE-005,8451,785.2,84.67,9.79,1566.8,1.627,0.398,2.405,1
2024-01-01 20:07:00,DIE-005,8462,778.0,84.56,9.79,1567.4,1.605,0.394,2.392,1
2024-01-01 20:08:00,DIE-005,8474,776.6,84.9,9.66,1558.7,1.625,0.384,2.41,1
2024-01-01 20:09:00,DIE-005,8485,775.7,84.84,9.67,1581.7,1.626,0.396,2.379,1
2024-01-01 20:10:00,DIE-005,8495,785.6,84.7,9.7,1588.2,1.606,0.399,2.392,1
2024-01-01 20:11:00,DIE-005,8505,785.1,84.97,9.61,1585.7,1.581,0.407,2.433,1
2024-01-01 20:12:00,DIE-005,8514,782.0,84.36,9.67,1609.4,1.566,0.392,2.457,1
2024-01-01 20:13:00,DIE-005,8523,787.6,85,9.69,1618.7,1.547,0.376,2.483,1
2024-01-01 20:14:00,DIE-005,8531,782.5,84.78,9.71,1622.5,1.57,0.362,2.443,1
2024-01-01 20:15:00,DIE-005,8541,779.5,85,9.87,1601.8,1.502,0.379,2.413,1
2024-01-01 20:16:00,DIE-005,8551,776.4,84.54,9.78,1596.7,1.522,0.349,2.417,1
2024-01-01 20:17:00,DIE-005,8560,780.5,84.25,9.79,1591.7,1.541,0.321,2.412,1
2024-01-01 20:18:00,DIE-005,8571,789.0,84.24,9.88,1600.3,1.571,0.33,2.462,1
2024-01-01 20:19:00,DIE-005,8579,795.3,84.41,9.94,1613.7,1.599,0.349,2.529,1
2024-01-01 20:20:00,DIE-005,8587,797.0,84.84,10.0,1611.7,1.531,0.343,2.517,1
2024-01-01 20:21:00,DIE-005,8595,804.9,85,10.04,1610.5,1.506,0.37,2.466,1
2024-01-01 20:22:00,DIE-005,8607,801.1,85,10.04,1579.2,1.535,0.353,2.513,1
2024-01-01 20:23:00,DIE-005,8619,798.1,84.98,10.14,1584.9,1.508,0.377,2.516,1
2024-01-01 20:24:00,DIE-005,8629,793.1,84.97,10.05,1582.9,1.522,0.39,2.547,1
2024-01-01 20:25:00,DIE-005,8641,792.7,85,10.12,1584.5,1.524,0.417,2.546,1
2024-01-01 20:26:00,DIE-005,8652,794.8,85,10.14,1618.4,1.542,0.402,2.538,1
2024-01-01 20:27:00,DIE-005,8661,788.7,84.9,10.13,1590.4,1.454,0.372,2.557,1
2024-01-01 20:28:00,DIE-005,8670,786.6,85,10.15,1574.7,1.429,0.349,2.536,1
2024-01-01 20:29:00,DIE-005,8680,789.2,85,10.17,1593.9,1.364,0.367,2.539,1
2024-01-01 20:30:00,DIE-005,8689,793.0,84.98,10.26,1587.6,1.419,0.331,2.526,1
2024-01-01 20:31:00,DIE-005,8697,792.3,85,10.24,1578.7,1.41,0.323,2.508,1
2024-01-01 20:32:00,DIE-005,8707,803.1,85,10.23,1560.3,1.357,0.324,2.491,1
2024-01-01 20:33:00,DIE-005,8717,802.1,84.5,10.22,1561.4,1.372,0.3,2.528,1
2024-01-01 20:34:00,DIE-005,8725,797.9,85,10.27,1558.0,1.439,0.308,2.505,1
2024-01-01 20:35:00,DIE-005,8736,801.4,85,10.33,1554.7,1.413,0.315,2.498,1
2024-01-01 20:36:00,DIE-005,8748,801.8,85,10.3,1557.5,1.494,0.346,2.473,1
2024-01-01 20:37:00,DIE-005,8756,809.0,84.77,10.25,1553.2,1.418,0.346,2.484,1
2024-01-01 20:38:00,DIE-005,8767,807.0,84.93,10.11,1558.6,1.43,0.371,2.48,1
2024-01-01 20:39:00,DIE-005,8775,806.0,85,10.02,1581.8,1.371,0.361,2.545,1
2024-01-01 20:40:00,DIE-005,8787,809.9,85,10.04,1567.8,1.392,0.342,2.54,1
2024-01-01 20:41:00,DIE-005,8798,807.5,84.29,9.98,1568.3,1.429,0.346,2.514,1
2024-01-01 20:42:00,DIE-005,8809,816.4,84.19,9.88,1559.0,1.386,0.382,2.464,1
2024-01-01 20:43:00,DIE-005,8820,823.8,84.19,9.85,1575.2,1.393,0.405,2.518,1
2024-01-01 20:44:00,DIE-005,8828,819.7,84.03,9.93,1538.6,1.422,0.407,2.502,1
2024-01-01 20:45:00,DIE-005,8836,812.4,84.62,9.88,1515.7,1.394,0.417,2.446,1
2024-01-01 20:46:00,DIE-005,8848,819.8,84.05,9.88,1503.6,1.304,0.436,2.349,1
2024-01-01 20:47:00,DIE-005,8860,825.4,84.34,9.74,1491.8,1.315,0.457,2.422,1
2024-01-01 20:48:00,DIE-005,8870,837.2,84.84,9.72,1496.6,1.345,0.445,2.413,1
2024-01-01 20:49:00,DIE-005,8881,833.1,85,9.65,1488.1,1.335,0.46,2.433,1
2024-01-01 20:50:00,DIE-005,8892,835.2,84.64,9.6,1481.7,1.343,0.458,2.437,1
2024-01-01 20:51:00,DIE-005,8900,839.0,84.75,9.62,1480.2,1.293,0.441,2.459,1
2024-01-01 20:52:00,DIE-005,8912,842.4,85,9.67,1444.0,1.263,0.46,2.468,1
2024-01-01 20:53:00,DIE-005,8920,842.5,85,9.65,1439.9,1.302,0.468,2.45,1
2024-01-01 20:54:00,DIE-005,8931,835.8,85,9.59,1477.6,1.316,0.451,2.446,1
2024-01-01 20:55:00,DIE-005,8943,836.6,84.96,9.57,1474.4,1.357,0.443,2.475,1
2024-01-01 20:56:00,DIE-005,8951,842.6,85,9.54,1455.2,1.356,0.434,2.456,1
2024-01-01 20:57:00,DIE-005,8959,842.4,85,9.46,1464.9,1.408,0.462,2.473,1
2024-01-01 20:58:00,DIE-005,8969,836.2,84.93,9.45,1471.7,1.448,0.454,2.504,1
2024-01-01 20:59:00,DIE-005,8980,827.9,85,9.56,1464.7,1.407,0.467,2.448,1
2024-01-01 21:00:00,DIE-005,8991,834.6,84.57,9.58,1458.7,1.506,0.48,2.455,1
2024-01-01 21:01:00,DIE-005,9000,843.8,84.96,9.64,1449.9,1.51,0.473,2.483,1
2024-01-01 21:02:00,DIE-005,9011,832.6,84.99,9.62,1469.7,1.496,0.506,2.457,1
2024-01-01 21:03:00,DIE-005,9020,827.2,85,9.69,1487.2,1.478,0.523,2.516,1
2024-01-01 21:04:00,DIE-005,9028,833.8,84.49,9.73,1458.5,1.457,0.511,2.514,1
2024-01-01 21:05:00,DIE-005,9039,826.3,85,9.69,1452.0,1.389,0.481,2.527,1
2024-01-01 21:06:00,DIE-005,9051,834.6,85,9.75,1445.6,1.301,0.472,2.533,1
2024-01-01 21:07:00,DIE-005,9059,834.5,84.77,9.72,1432.0,1.358,0.431,2.515,1
2024-01-01 21:08:00,DIE-005,9068,841.1,84.37,9.79,1452.6,1.286,0.417,2.477,1
2024-01-01 21:09:00,DIE-005,9079,841.0,84.45,9.7,1441.3,1.235,0.381,2.485,1
2024-01-01 21:10:00,DIE-005,9091,837.6,84.58,9.63,1438.8,1.231,0.392,2.495,1
2024-01-01 21:11:00,DIE-005,9103,839.1,84.26,9.66,1449.9,1.188,0.385,2.525,1
2024-01-01 21:12:00,DIE-005,9114,832.1,84.59,9.63,1452.9,1.148,0.368,2.474,1
2024-01-01 21:13:00,DIE-005,9123,825.8,84.44,9.68,1440.9,1.196,0.36,2.465,1
2024-01-01 21:14:00,DIE-005,9134,829.6,84.17,9.69,1439.7,1.208,0.34,2.481,1
2024-01-01 21:15:00,DIE-005,9142,826.2,84.63,9.7,1425.7,1.155,0.35,2.542,1
2024-01-01 21:16:00,DIE-005,9154,820.8,84.1,9.68,1428.0,1.144,0.365,2.469,1
2024-01-01 21:17:00,DIE-005,9162,825.2,84.12,9.75,1400.4,1.168,0.372,2.466,1
2024-01-01 21:18:00,DIE-005,9172,833.5,84.18,9.73,1387.0,1.198,0.368,2.457,1
2024-01-01 21:19:00,DIE-005,9184,840.5,83.97,9.58,1375.2,1.264,0.381,2.479,1
2024-01-01 21:20:00,DIE-005,9193,828.3,84.11,9.56,1399.9,1.259,0.399,2.456,1
2024-01-01 21:21:00,DIE-005,9204,834.7,83.6,9.66,1400.1,1.218,0.4,2.483,1
2024-01-01 21:22:00,DIE-005,9214,835.1,83.67,9.72,1392.5,1.304,0.4,2.533,1
2024-01-01 21:23:00,DIE-005,9225,832.5,84.24,9.87,1374.5,1.313,0.391,2.483,1
2024-01-01 21:24:00,DIE-005,9236,829.1,84.55,9.77,1373.6,1.372,0.403,2.462,1
2024-01-01 21:25:00,DIE-005,9245,827.1,84.57,9.66,1359.9,1.39,0.407,2.53,1
2024-01-01 21:26:00,DIE-005,9257,818.6,84.47,9.69,1375.4,1.376,0.391,2.489,1
2024-01-01 21:27:00,DIE-005,9269,816.8,85,9.66,1370.3,1.436,0.44,2.51,1
2024-01-01 21:28:00,DIE-005,9281,821.2,84.45,9.61,1374.7,1.366,0.441,2.501,1
2024-01-01 21:29:00,DIE-005,9291,817.7,84.11,9.61,1363.2,1.493,0.424,2.485,1
2024-01-01 21:30:00,DIE-005,9302,816.8,84.15,9.66,1348.7,1.518,0.448,2.478,1
2024-01-01 21:31:00,DIE-005,9314,818.7,84.6,9.69,1343.4,1.52,0.441,2.466,1
2024-01-01 21:32:00,DIE-005,9322,817.2,84.7,9.64,1341.9,1.522,0.407,2.484,1
2024-01-01 21:33:00,DIE-005,9331,811.3,84.95,9.77,1339.0,1.546,0.433,2.481,1
2024-01-01 21:34:00,DIE-005,9340,811.5,84.71,9.75,1357.7,1.579,0.444,2.456,1
2024-01-01 21:35:00,DIE-005,9352,809.3,84.63,9.73,1351.0,1.53,0.43,2.517,1
2024-01-01 21:36:00,DIE-005,9360,809.6,85,9.63,1346.0,1.616,0.429,2.512,1
2024-01-01 21:37:00,DIE-005,9372,820.6,84.44,9.81,1344.0,1.609,0.434,2.532,1
2024-01-01 21:38:00,DIE-005,9380,827.4,84.49,9.75,1354.5,1.561,0.445,2.554,1
2024-01-01 21:39:00,DIE-005,9390,832.8,84.81,9.66,1359.0,1.605,0.467,2.523,1
2024-01-01 21:40:00,DIE-005,9400,837.5,84.56,9.64,1369.7,1.599,0.452,2.494,1
2024-01-01 21:41:00,DIE-005,9410,832.4,84.92,9.66,1379.5,1.54,0.468,2.47,1
2024-01-01 21:42:00,DIE-005,9419,831.6,84.85,9.6,1382.4,1.561,0.474,2.525,1
2024-01-01 21:43:00,DIE-005,9429,834.3,85,9.68,1376.2,1.546,0.492,2.491,1
2024-01-01 21:44:00,DIE-005,9439,830.8,84.52,9.69,1393.0,1.506,0.508,2.446,1
2024-01-01 21:45:00,DIE-005,9451,832.7,85,9.6,1406.3,1.472,0.528,2.394,1
2024-01-01 21:46:00,DIE-005,9459,835.8,84.33,9.69,1403.0,1.426,0.527,2.357,1
2024-01-01 21:47:00,DIE-005,9471,835.9,84.7,9.72,1381.1,1.448,0.534,2.343,1
2024-01-01 21:48:00,DIE-005,9482,844.3,84.03,9.68,1387.5,1.448,0.525,2.334,1
2024-01-01 21:49:00,DIE-005,9494,847.5,84.18,9.69,1393.5,1.45,0.543,2.314,1
2024-01-01 21:50:00,DIE-005,9502,845.0,84.17,9.7,1381.5,1.457,0.528,2.378,1
2024-01-01 21:51:00,DIE-005,9513,849.0,83.93,9.77,1398.4,1.49,0.531,2.406,1
2024-01-01 21:52:00,DIE-005,9521,852.0,84.13,9.78,1403.7,1.562,0.551,2.399,1
2024-01-01 21:53:00,DIE-005,9531,846.1,83.6,9.87,1410.0,1.557,0.552,2.409,1
2024-01-01 21:54:00,DIE-005,9539,844.8,83.05,9.99,1408.1,1.553,0.565,2.436,1
2024-01-01 21:55:00,DIE-005,9550,841.8,83.82,9.95,1409.9,1.553,0.595,2.42,1
2024-01-01 21:56:00,DIE-005,9561,842.6,84.17,10.0,1395.0,1.545,0.59,2.453,1
2024-01-01 21:57:00,DIE-005,9569,834.0,83.73,9.83,1380.8,1.529,0.622,2.478,1
2024-01-01 21:58:00,DIE-005,9581,831.8,83.65,9.96,1353.3,1.515,0.608,2.509,1
2024-01-01 21:59:00,DIE-005,9590,831.3,83.37,9.95,1364.8,1.471,0.614,2.505,1
2024-01-01 22:00:00,DIE-005,9600,839.6,82.51,9.94,1378.4,1.457,0.576,2.511,1
2024-01-01 22:01:00,DIE-005,9612,837.8,82.49,9.92,1386.9,1.36,0.572,2.521,1
2024-01-01 22:02:00,DIE-005,9622,837.5,81.58,9.9,1368.0,1.31,0.618,2.574,1
2024-01-01 22:03:00,DIE-005,9633,830.6,82.55,9.97,1347.8,1.317,0.633,2.633,1
2024-01-01 22:04:00,DIE-005,9643,834.7,81.47,9.88,1348.4,1.305,0.636,2.602,1
2024-01-01 22:05:00,DIE-005,9653,844.4,81.22,9.93,1331.6,1.367,0.644,2.624,1
2024-01-01 22:06:00,DIE-005,9663,844.7,80.82,10.01,1316.2,1.352,0.625,2.662,1
2024-01-01 22:07:00,DIE-005,9674,849.8,80.66,10.06,1330.4,1.382,0.601,2.662,1
2024-01-01 22:08:00,DIE-005,9682,847.8,81.15,10.08,1316.1,1.347,0.62,2.699,1
2024-01-01 22:09:00,DIE-005,9692,845.7,80.87,10.16,1301.9,1.333,0.619,2.67,1
2024-01-01 22:10:00,DIE-005,9702,848.7,80.66,10.15,1295.4,1.298,0.673,2.669,1
2024-01-01 22:11:00,DIE-005,9712,841.7,80.73,10.02,1274.2,1.3,0.666,2.667,1
2024-01-01 22:12:00,DIE-005,9722,842.7,80.61,10.05,1264.5,1.272,0.641,2.728,1
2024-01-01 22:13:00,DIE-005,9733,841.4,79.79,10.04,1279.8,1.258,0.637,2.75,1
2024-01-01 22:14:00,DIE-005,9744,840.3,79.21,10.07,1285.6,1.261,0.635,2.794,1
2024-01-01 22:15:00,DIE-005,9752,839.2,79.15,10.07,1280.1,1.268,0.633,2.825,1
2024-01-01 22:16:00,DIE-005,9764,831.8,79.26,10.09,1304.7,1.277,0.614,2.822,1
2024-01-01 22:17:00,DIE-005,9774,824.3,79.25,10.25,1307.5,1.243,0.637,2.828,1
2024-01-01 22:18:00,DIE-005,9782,832.5,79.61,10.12,1314.2,1.293,0.658,2.83,1
2024-01-01 22:19:00,DIE-005,9793,832.2,80.05,10.07,1319.5,1.323,0.643,2.855,1
2024-01-01 22:20:00,DIE-005,9801,827.0,79.97,9.93,1322.3,1.281,0.653,2.839,1
2024-01-01 22:21:00,DIE-005,9810,820.7,80.04,9.88,1323.1,1.247,0.663,2.822,1
2024-01-01 22:22:00,DIE-005,9818,827.1,79.88,9.93,1334.7,1.223,0.667,2.799,1
2024-01-01 22:23:00,DIE-005,9827,831.4,80.21,10.11,1295.4,1.247,0.668,2.789,1
2024-01-01 22:24:00,DIE-005,9839,830.4,80.04,10.1,1291.2,1.187,0.648,2.806,1
2024-01-01 22:25:00,DIE-005,9850,823.3,79.39,10.02,1309.8,1.183,0.673,2.83,1
2024-01-01 22:26:00,DIE-005,9859,820.5,79.73,10.09,1323.2,1.126,0.69,2.854,1
2024-01-01 22:27:00,DIE-005,9868,815.7,79.26,10.2,1328.8,1.13,0.666,2.878,1
2024-01-01 22:28:00,DIE-005,9876,815.2,78.86,10.21,1334.1,1.205,0.64,2.833,1
2024-01-01 22:29:00,DIE-005,9888,808.1,79.02,10.23,1320.6,1.219,0.667,2.855,1
2024-01-01 22:30:00,DIE-005,9897,813.2,78.98,10.26,1307.6,1.277,0.632,2.854,1
2024-01-01 22:31:00,DIE-005,9905,808.3,79.23,10.31,1322.0,1.272,0.587,2.859,1
2024-01-01 22:32:00,DIE-005,9913,806.0,79.06,10.36,1311.9,1.316,0.526,2.884,1
2024-01-01 22:33:00,DIE-005,9923,803.4,79.49,10.37,1317.1,1.274,0.541,2.957,1
2024-01-01 22:34:00,DIE-005,9935,801.2,79.49,10.47,1289.0,1.252,0.528,2.964,1
2024-01-01 22:35:00,DIE-005,9943,802.3,79.22,10.4,1283.5,1.282,0.516,3.039,1
2024-01-01 22:36:00,DIE-005,9952,807.3,78.68,10.42,1273.0,1.286,0.517,3.019,1
2024-01-01 22:37:00,DIE-005,9962,808.8,79.01,10.31,1291.5,1.287,0.5,2.949,1
2024-01-01 22:38:00,DIE-005,9973,812.6,78.75,10.17,1279.9,1.288,0.52,2.957,1
2024-01-01 22:39:00,DIE-005,9984,808.6,79.57,10.02,1255.9,1.215,0.519,2.901,1
